# Generated by `cargo run --release --example paper_tables` in paper-validation/. Synthetic workload; do not edit by hand.
regime,instance,sf,density,guarded
equal_p,0,1.02386,1.02386,1.02386
equal_p,1,1.00000,1.00000,1.00000
equal_p,2,1.14413,1.14413,1.00536
equal_p,3,1.08852,1.08852,1.07237
equal_p,4,1.06424,1.06424,1.06424
equal_p,5,1.06447,1.06447,1.06447
equal_p,6,1.29614,1.29614,1.02823
equal_p,7,1.13206,1.13206,1.00000
equal_p,8,1.05643,1.05643,1.05643
equal_p,9,1.02642,1.02642,1.02642
equal_p,10,1.24210,1.24210,1.00002
equal_p,11,1.00896,1.00896,1.00896
equal_p,12,1.06620,1.06620,1.06620
equal_p,13,1.11148,1.11148,1.11148
equal_p,14,1.25354,1.25354,1.25354
equal_p,15,1.00373,1.00373,1.00373
equal_p,16,1.00000,1.00000,1.00000
equal_p,17,1.09653,1.09653,1.09653
equal_p,18,1.15726,1.15726,1.08295
equal_p,19,1.22032,1.22032,1.00000
equal_p,20,1.01266,1.01266,1.01266
equal_p,21,1.06389,1.06389,1.06389
equal_p,22,1.05436,1.05436,1.05410
equal_p,23,1.00538,1.00538,1.00538
equal_p,24,1.00000,1.00000,1.00000
equal_p,25,1.12007,1.12007,1.00300
equal_p,26,1.01769,1.01769,1.01769
equal_p,27,1.18960,1.18960,1.18960
equal_p,28,1.19229,1.19229,1.00000
equal_p,29,1.11329,1.11329,1.11329
equal_p,30,1.05686,1.05686,1.05686
equal_p,31,1.02522,1.02522,1.02522
equal_p,32,1.01474,1.01474,1.01474
equal_p,33,1.05984,1.05984,1.05984
equal_p,34,1.03947,1.03947,1.03947
equal_p,35,1.00000,1.00000,1.00000
equal_p,36,1.00220,1.00220,1.00220
equal_p,37,1.01515,1.01515,1.01515
equal_p,38,1.19708,1.19708,1.02003
equal_p,39,1.00195,1.00195,1.00195
equal_p,40,1.00000,1.00000,1.00000
equal_p,41,1.00000,1.00000,1.00000
equal_p,42,1.23931,1.23931,1.00593
equal_p,43,1.00223,1.00223,1.00223
equal_p,44,1.35969,1.35969,1.00000
equal_p,45,1.11562,1.11562,1.10852
equal_p,46,1.00365,1.00365,1.00365
equal_p,47,1.10448,1.10448,1.10448
equal_p,48,1.19535,1.19535,1.12462
equal_p,49,1.22844,1.22844,1.00364
equal_p,50,1.03644,1.03644,1.03644
equal_p,51,1.09705,1.09705,1.09705
equal_p,52,1.03240,1.03240,1.03240
equal_p,53,1.28135,1.28135,1.00000
equal_p,54,1.00000,1.00000,1.00000
equal_p,55,1.13723,1.13723,1.13723
equal_p,56,1.04192,1.04192,1.04192
equal_p,57,1.01787,1.01787,1.01787
equal_p,58,1.03448,1.03448,1.03448
equal_p,59,1.25012,1.25012,1.00000
equal_p,60,1.04551,1.04551,1.04551
equal_p,61,1.00694,1.00694,1.00694
equal_p,62,1.00000,1.00000,1.00000
equal_p,63,1.01475,1.01475,1.01475
equal_p,64,1.27264,1.27264,1.00000
equal_p,65,1.09798,1.09798,1.02084
equal_p,66,1.03476,1.03476,1.03476
equal_p,67,1.09586,1.09586,1.08438
equal_p,68,1.00733,1.00733,1.00733
equal_p,69,1.03880,1.03880,1.03880
equal_p,70,1.01805,1.01805,1.01805
equal_p,71,1.13468,1.13468,1.00000
equal_p,72,1.28657,1.28657,1.00000
equal_p,73,1.00004,1.00004,1.00004
equal_p,74,1.11458,1.11458,1.11458
equal_p,75,1.00021,1.00021,1.00021
equal_p,76,1.20235,1.20235,1.00526
equal_p,77,1.02785,1.02785,1.02785
equal_p,78,1.13039,1.13039,1.00000
equal_p,79,1.00094,1.00094,1.00094
equal_p,80,1.08599,1.08599,1.08599
equal_p,81,1.08560,1.08560,1.03073
equal_p,82,1.29320,1.29320,1.00000
equal_p,83,1.11992,1.11992,1.04354
equal_p,84,1.06470,1.06470,1.06470
equal_p,85,1.18071,1.18071,1.02084
equal_p,86,1.14135,1.14135,1.14135
equal_p,87,1.00039,1.00039,1.00039
equal_p,88,1.05069,1.05069,1.05069
equal_p,89,1.03220,1.03220,1.03220
equal_p,90,1.00000,1.00000,1.00000
equal_p,91,1.00122,1.00122,1.00122
equal_p,92,1.18053,1.18053,1.04596
equal_p,93,1.29112,1.29112,1.00132
equal_p,94,1.00065,1.00065,1.00065
equal_p,95,1.18987,1.18987,1.18987
equal_p,96,1.12586,1.12586,1.12586
equal_p,97,1.00463,1.00463,1.00463
equal_p,98,1.00000,1.00000,1.00000
equal_p,99,1.00264,1.00264,1.00264
equal_p,100,1.00000,1.00000,1.00000
equal_p,101,1.44281,1.44281,1.00274
equal_p,102,1.14481,1.14481,1.14481
equal_p,103,1.00966,1.00966,1.00966
equal_p,104,1.01471,1.01471,1.01471
equal_p,105,1.08533,1.08533,1.00000
equal_p,106,1.00011,1.00011,1.00011
equal_p,107,1.14725,1.14725,1.14716
equal_p,108,1.03107,1.03107,1.03107
equal_p,109,1.02640,1.02640,1.02640
equal_p,110,1.00000,1.00000,1.00000
equal_p,111,1.00000,1.00000,1.00000
equal_p,112,1.13202,1.13202,1.00000
equal_p,113,1.02375,1.02375,1.02375
equal_p,114,1.07076,1.07076,1.07076
equal_p,115,1.30526,1.30526,1.30526
equal_p,116,1.08704,1.08704,1.08704
equal_p,117,1.44962,1.44962,1.00000
equal_p,118,1.18212,1.18212,1.10819
equal_p,119,1.09861,1.09861,1.00000
equal_p,120,1.00000,1.00000,1.00000
equal_p,121,1.01085,1.01085,1.01085
equal_p,122,1.21597,1.21597,1.00000
equal_p,123,1.00542,1.00542,1.00542
equal_p,124,1.00000,1.00000,1.00000
equal_p,125,1.11397,1.11397,1.07900
equal_p,126,1.13918,1.13918,1.02619
equal_p,127,1.00000,1.00000,1.00000
equal_p,128,1.11090,1.11090,1.11090
equal_p,129,1.00005,1.00005,1.00005
equal_p,130,1.00000,1.00000,1.00000
equal_p,131,1.19352,1.19352,1.19352
equal_p,132,1.07841,1.07841,1.07841
equal_p,133,1.02035,1.02035,1.02035
equal_p,134,1.09813,1.09813,1.09813
equal_p,135,1.28634,1.28634,1.01210
equal_p,136,1.05978,1.05978,1.05978
equal_p,137,1.00000,1.00000,1.00000
equal_p,138,1.00000,1.00000,1.00000
equal_p,139,1.07401,1.07401,1.07401
equal_p,140,1.26696,1.26696,1.00402
equal_p,141,1.00173,1.00173,1.00173
equal_p,142,1.00000,1.00000,1.00000
equal_p,143,1.14426,1.14426,1.14426
equal_p,144,1.07015,1.07015,1.07015
equal_p,145,1.21003,1.21003,1.21003
equal_p,146,1.00182,1.00182,1.00182
equal_p,147,1.00235,1.00235,1.00235
equal_p,148,1.13867,1.13867,1.13867
equal_p,149,1.33332,1.33332,1.00126
equal_p,150,1.00000,1.00000,1.00000
equal_p,151,1.00138,1.00138,1.00138
equal_p,152,1.23338,1.23338,1.15585
equal_p,153,1.03630,1.03630,1.03630
equal_p,154,1.16102,1.16102,1.00000
equal_p,155,1.19676,1.19676,1.00000
equal_p,156,1.37050,1.37050,1.00000
equal_p,157,1.07447,1.07447,1.07447
equal_p,158,1.26534,1.26534,1.00583
equal_p,159,1.04369,1.04369,1.04369
equal_p,160,1.18018,1.18018,1.11507
equal_p,161,1.36843,1.36843,1.00251
equal_p,162,1.01939,1.01939,1.01939
equal_p,163,1.47781,1.47781,1.00000
equal_p,164,1.00759,1.00759,1.00759
equal_p,165,1.12831,1.12831,1.00000
equal_p,166,1.31252,1.31252,1.00563
equal_p,167,1.05172,1.05172,1.05172
equal_p,168,1.16838,1.16838,1.16838
equal_p,169,1.11185,1.11185,1.02642
equal_p,170,1.03717,1.03717,1.03717
equal_p,171,1.00003,1.00003,1.00003
equal_p,172,1.01167,1.01167,1.01167
equal_p,173,1.02872,1.02872,1.02872
equal_p,174,1.05266,1.05266,1.05266
equal_p,175,1.02977,1.02977,1.02977
equal_p,176,1.01583,1.01583,1.01583
equal_p,177,1.04010,1.04010,1.04010
equal_p,178,1.00000,1.00000,1.00000
equal_p,179,1.03415,1.03415,1.03415
equal_p,180,1.05130,1.05130,1.05130
equal_p,181,1.17043,1.17043,1.17043
equal_p,182,1.21229,1.21229,1.07747
equal_p,183,1.00050,1.00050,1.00050
equal_p,184,1.27441,1.27441,1.04027
equal_p,185,1.00000,1.00000,1.00000
equal_p,186,1.04639,1.04639,1.04639
equal_p,187,1.05605,1.05605,1.05605
equal_p,188,1.07049,1.07049,1.05378
equal_p,189,1.19298,1.19298,1.00000
equal_p,190,1.10880,1.10880,1.10880
equal_p,191,1.00046,1.00046,1.00046
equal_p,192,1.00000,1.00000,1.00000
equal_p,193,1.00000,1.00000,1.00000
equal_p,194,1.00000,1.00000,1.00000
equal_p,195,1.03022,1.03022,1.03022
equal_p,196,1.00000,1.00000,1.00000
equal_p,197,1.11007,1.11007,1.00008
equal_p,198,1.17566,1.17566,1.17566
equal_p,199,1.28591,1.28591,1.02606
equal_p,200,1.14802,1.14802,1.14802
equal_p,201,1.00000,1.00000,1.00000
equal_p,202,1.30434,1.30434,1.00585
equal_p,203,1.01549,1.01549,1.01549
equal_p,204,1.32259,1.32259,1.00032
equal_p,205,1.18261,1.18261,1.17012
equal_p,206,1.27856,1.27856,1.04072
equal_p,207,1.15969,1.15969,1.00000
equal_p,208,1.05899,1.05899,1.05899
equal_p,209,1.00539,1.00539,1.00539
equal_p,210,1.11808,1.11808,1.11808
equal_p,211,1.25271,1.25271,1.00000
equal_p,212,1.12946,1.12946,1.12946
equal_p,213,1.00072,1.00072,1.00072
equal_p,214,1.00007,1.00007,1.00007
equal_p,215,1.03408,1.03408,1.03408
equal_p,216,1.03095,1.03095,1.03095
equal_p,217,1.01353,1.01353,1.01353
equal_p,218,1.08851,1.08851,1.08851
equal_p,219,1.00004,1.00004,1.00004
equal_p,220,1.12491,1.12491,1.12491
equal_p,221,1.02509,1.02509,1.02509
equal_p,222,1.00157,1.00157,1.00157
equal_p,223,1.13463,1.13463,1.13463
equal_p,224,1.01104,1.01104,1.01104
equal_p,225,1.00808,1.00808,1.00808
equal_p,226,1.00000,1.00000,1.00000
equal_p,227,1.00000,1.00000,1.00000
equal_p,228,1.16603,1.16603,1.05573
equal_p,229,1.00024,1.00024,1.00024
equal_p,230,1.02160,1.02160,1.02160
equal_p,231,1.00975,1.00975,1.00975
equal_p,232,1.00061,1.00061,1.00061
equal_p,233,1.06665,1.06665,1.06665
equal_p,234,1.09060,1.09060,1.09060
equal_p,235,1.02504,1.02504,1.02504
equal_p,236,1.16900,1.16900,1.00000
equal_p,237,1.06263,1.06263,1.06263
equal_p,238,1.15969,1.15969,1.03665
equal_p,239,1.20082,1.20082,1.00000
equal_p,240,1.13898,1.13898,1.13074
equal_p,241,1.00000,1.00000,1.00000
equal_p,242,1.18871,1.18871,1.18871
equal_p,243,1.03465,1.03465,1.03465
equal_p,244,1.38915,1.38915,1.00110
equal_p,245,1.09261,1.09261,1.09261
equal_p,246,1.01015,1.01015,1.01015
equal_p,247,1.30690,1.30690,1.00000
equal_p,248,1.02385,1.02385,1.02385
equal_p,249,1.01152,1.01152,1.01152
equal_p,250,1.20011,1.20011,1.04603
equal_p,251,1.17076,1.17076,1.17076
equal_p,252,1.07249,1.07249,1.07249
equal_p,253,1.00121,1.00121,1.00121
equal_p,254,1.00378,1.00378,1.00378
equal_p,255,1.16640,1.16640,1.16640
equal_p,256,1.40485,1.40485,1.00000
equal_p,257,1.02026,1.02026,1.02026
equal_p,258,1.28856,1.28856,1.05566
equal_p,259,1.04769,1.04769,1.04769
equal_p,260,1.00000,1.00000,1.00000
equal_p,261,1.46047,1.46047,1.00387
equal_p,262,1.07498,1.07498,1.07498
equal_p,263,1.02530,1.02530,1.02530
equal_p,264,1.13369,1.13369,1.07440
equal_p,265,1.00000,1.00000,1.00000
equal_p,266,1.30113,1.30113,1.02106
equal_p,267,1.20311,1.20311,1.20311
equal_p,268,1.41772,1.41772,1.00133
equal_p,269,1.00000,1.00000,1.00000
equal_p,270,1.24179,1.24179,1.07240
equal_p,271,1.00162,1.00162,1.00162
equal_p,272,1.15093,1.15093,1.15093
equal_p,273,1.08405,1.08405,1.00000
equal_p,274,1.00153,1.00153,1.00153
equal_p,275,1.10696,1.10696,1.10696
equal_p,276,1.29649,1.29649,1.04202
equal_p,277,1.20933,1.20933,1.02713
equal_p,278,1.00010,1.00010,1.00010
equal_p,279,1.13334,1.13334,1.13334
equal_p,280,1.06595,1.06595,1.06595
equal_p,281,1.19913,1.19913,1.05178
equal_p,282,1.00000,1.00000,1.00000
equal_p,283,1.25423,1.25423,1.00000
equal_p,284,1.00000,1.00000,1.00000
equal_p,285,1.01602,1.01602,1.01602
equal_p,286,1.55400,1.55400,1.00720
equal_p,287,1.04698,1.04698,1.04698
equal_p,288,1.00000,1.00000,1.00000
equal_p,289,1.00113,1.00113,1.00113
equal_p,290,1.07836,1.07836,1.04531
equal_p,291,1.01081,1.01081,1.01081
equal_p,292,1.13078,1.13078,1.13078
equal_p,293,1.11037,1.11037,1.11037
equal_p,294,1.03498,1.03498,1.03498
equal_p,295,1.22098,1.22098,1.00000
equal_p,296,1.01068,1.01068,1.01068
equal_p,297,1.21800,1.21800,1.01528
equal_p,298,1.00000,1.00000,1.00000
equal_p,299,1.04073,1.04073,1.04073
equal_p,300,1.00000,1.00000,1.00000
equal_p,301,1.00000,1.00000,1.00000
equal_p,302,1.09796,1.09796,1.03763
equal_p,303,1.06204,1.06204,1.06204
equal_p,304,1.00621,1.00621,1.00621
equal_p,305,1.32158,1.32158,1.00000
equal_p,306,1.00000,1.00000,1.00000
equal_p,307,1.00000,1.00000,1.00000
equal_p,308,1.15966,1.15966,1.09039
equal_p,309,1.00494,1.00494,1.00494
equal_p,310,1.00004,1.00004,1.00004
equal_p,311,1.18230,1.18230,1.02257
equal_p,312,1.61096,1.61096,1.00625
equal_p,313,1.13887,1.13887,1.13887
equal_p,314,1.01548,1.01548,1.01548
equal_p,315,1.11480,1.11480,1.11480
equal_p,316,1.12982,1.12982,1.12982
equal_p,317,1.17019,1.17019,1.05619
equal_p,318,1.03596,1.03596,1.03596
equal_p,319,1.13575,1.13575,1.13575
equal_p,320,1.08151,1.08151,1.08151
equal_p,321,1.08173,1.08173,1.07219
equal_p,322,1.25464,1.25464,1.00000
equal_p,323,1.00000,1.00000,1.00000
equal_p,324,1.00000,1.00000,1.00000
equal_p,325,1.23416,1.23416,1.03674
equal_p,326,1.05619,1.05619,1.05619
equal_p,327,1.00000,1.00000,1.00000
equal_p,328,1.00373,1.00373,1.00373
equal_p,329,1.08366,1.08366,1.07690
equal_p,330,1.27019,1.27019,1.01557
equal_p,331,1.00000,1.00000,1.00000
equal_p,332,1.01714,1.01714,1.01714
equal_p,333,1.35570,1.35570,1.00000
equal_p,334,1.23990,1.23990,1.00000
equal_p,335,1.24401,1.24401,1.00143
equal_p,336,1.06805,1.06805,1.06805
equal_p,337,1.24349,1.24349,1.00000
equal_p,338,1.27689,1.27689,1.00729
equal_p,339,1.00000,1.00000,1.00000
equal_p,340,1.17635,1.17635,1.00901
equal_p,341,1.00909,1.00909,1.00909
equal_p,342,1.00000,1.00000,1.00000
equal_p,343,1.00000,1.00000,1.00000
equal_p,344,1.00014,1.00014,1.00014
equal_p,345,1.12067,1.12067,1.12067
equal_p,346,1.03971,1.03971,1.03971
equal_p,347,1.00003,1.00003,1.00003
equal_p,348,1.11651,1.11651,1.11651
equal_p,349,1.06017,1.06017,1.05106
equal_p,350,1.20552,1.20552,1.03761
equal_p,351,1.12459,1.12459,1.12459
equal_p,352,1.10382,1.10382,1.06934
equal_p,353,1.00000,1.00000,1.00000
equal_p,354,1.00334,1.00334,1.00334
equal_p,355,1.09945,1.09945,1.09945
equal_p,356,1.03664,1.03664,1.03664
equal_p,357,1.27258,1.27258,1.00013
equal_p,358,1.00000,1.00000,1.00000
equal_p,359,1.23778,1.23778,1.23778
equal_p,360,1.00021,1.00021,1.00021
equal_p,361,1.00368,1.00368,1.00368
equal_p,362,1.00000,1.00000,1.00000
equal_p,363,1.04025,1.04025,1.04025
equal_p,364,1.01274,1.01274,1.01274
equal_p,365,1.19274,1.19274,1.00000
equal_p,366,1.27798,1.27798,1.00000
equal_p,367,1.15703,1.15703,1.11141
equal_p,368,1.00029,1.00029,1.00029
equal_p,369,1.08891,1.08891,1.08891
equal_p,370,1.52277,1.52277,1.00000
equal_p,371,1.00000,1.00000,1.00000
equal_p,372,1.08941,1.08941,1.08941
equal_p,373,1.01512,1.01512,1.01512
equal_p,374,1.09264,1.09264,1.01491
equal_p,375,1.00000,1.00000,1.00000
equal_p,376,1.00010,1.00010,1.00010
equal_p,377,1.02279,1.02279,1.02279
equal_p,378,1.05371,1.05371,1.05371
equal_p,379,1.04120,1.04120,1.04120
equal_p,380,1.01975,1.01975,1.01975
equal_p,381,1.00485,1.00485,1.00485
equal_p,382,1.21819,1.21819,1.00000
equal_p,383,1.16507,1.16507,1.00000
equal_p,384,1.03532,1.03532,1.03532
equal_p,385,1.27458,1.27458,1.00000
equal_p,386,1.01208,1.01208,1.01208
equal_p,387,1.20618,1.20618,1.20618
equal_p,388,1.28266,1.28266,1.00000
equal_p,389,1.16113,1.16113,1.16113
equal_p,390,1.06806,1.06806,1.06806
equal_p,391,1.00771,1.00771,1.00771
equal_p,392,1.00000,1.00000,1.00000
equal_p,393,1.01612,1.01612,1.01612
equal_p,394,1.00000,1.00000,1.00000
equal_p,395,1.04434,1.04434,1.04434
equal_p,396,1.03532,1.03532,1.03532
equal_p,397,1.37634,1.37634,1.00000
equal_p,398,1.02077,1.02077,1.02077
equal_p,399,1.00370,1.00370,1.00370
equal_p,400,1.13521,1.13521,1.13521
equal_p,401,1.02365,1.02365,1.02365
equal_p,402,1.12601,1.12601,1.04931
equal_p,403,1.00000,1.00000,1.00000
equal_p,404,1.09167,1.09167,1.09167
equal_p,405,1.19678,1.19678,1.00042
equal_p,406,1.17363,1.17363,1.04921
equal_p,407,1.23026,1.23026,1.00594
equal_p,408,1.00000,1.00000,1.00000
equal_p,409,1.67020,1.67020,1.00000
equal_p,410,1.06817,1.06817,1.06817
equal_p,411,1.00928,1.00928,1.00928
equal_p,412,1.00000,1.00000,1.00000
equal_p,413,1.00000,1.00000,1.00000
equal_p,414,1.46628,1.46628,1.00000
equal_p,415,1.00000,1.00000,1.00000
equal_p,416,1.26687,1.26687,1.00000
equal_p,417,1.01611,1.01611,1.01611
equal_p,418,1.00068,1.00068,1.00068
equal_p,419,1.00764,1.00764,1.00764
equal_p,420,1.05150,1.05150,1.00594
equal_p,421,1.10758,1.10758,1.08597
equal_p,422,1.02105,1.02105,1.02105
equal_p,423,1.05952,1.05952,1.05952
equal_p,424,1.07529,1.07529,1.07529
equal_p,425,1.15124,1.15124,1.15124
equal_p,426,1.24716,1.24716,1.00036
equal_p,427,1.16803,1.16803,1.14938
equal_p,428,1.17981,1.17981,1.12994
equal_p,429,1.09270,1.09270,1.03052
equal_p,430,1.00694,1.00694,1.00694
equal_p,431,1.36479,1.36479,1.00000
equal_p,432,1.00000,1.00000,1.00000
equal_p,433,1.02959,1.02959,1.02959
equal_p,434,1.03207,1.03207,1.03207
equal_p,435,1.05020,1.05020,1.05020
equal_p,436,1.02726,1.02726,1.02726
equal_p,437,1.22203,1.22203,1.00047
equal_p,438,1.08413,1.08413,1.08413
equal_p,439,1.26414,1.26414,1.00000
equal_p,440,1.01063,1.01063,1.01063
equal_p,441,1.20563,1.20563,1.00908
equal_p,442,1.15571,1.15571,1.00000
equal_p,443,1.27757,1.27757,1.27757
equal_p,444,1.11903,1.11903,1.11903
equal_p,445,1.00190,1.00190,1.00190
equal_p,446,1.00010,1.00010,1.00010
equal_p,447,1.00000,1.00000,1.00000
equal_p,448,1.00127,1.00127,1.00127
equal_p,449,1.32395,1.32395,1.00000
equal_p,450,1.31843,1.31843,1.00000
equal_p,451,1.00000,1.00000,1.00000
equal_p,452,1.12567,1.12567,1.04917
equal_p,453,1.26400,1.26400,1.07079
equal_p,454,1.00711,1.00711,1.00711
equal_p,455,1.03973,1.03973,1.03973
equal_p,456,1.01200,1.01200,1.01200
equal_p,457,1.06574,1.06574,1.02099
equal_p,458,1.17441,1.17441,1.00238
equal_p,459,1.26231,1.26231,1.00000
equal_p,460,1.00000,1.00000,1.00000
equal_p,461,1.01552,1.01552,1.01552
equal_p,462,1.03604,1.03604,1.03604
equal_p,463,1.04165,1.04165,1.04165
equal_p,464,1.00000,1.00000,1.00000
equal_p,465,1.12938,1.12938,1.12938
equal_p,466,1.15577,1.15577,1.15577
equal_p,467,1.00000,1.00000,1.00000
equal_p,468,1.15626,1.15626,1.10662
equal_p,469,1.00030,1.00030,1.00030
equal_p,470,1.16312,1.16312,1.16312
equal_p,471,1.20468,1.20468,1.00124
equal_p,472,1.10801,1.10801,1.05668
equal_p,473,1.13381,1.13381,1.13381
equal_p,474,1.15275,1.15275,1.00000
equal_p,475,1.32175,1.32175,1.00000
equal_p,476,1.06067,1.06067,1.06067
equal_p,477,1.34128,1.34128,1.00013
equal_p,478,1.01585,1.01585,1.01585
equal_p,479,1.00122,1.00122,1.00122
equal_p,480,1.02005,1.02005,1.02005
equal_p,481,1.00047,1.00047,1.00047
equal_p,482,1.01206,1.01206,1.01206
equal_p,483,1.23925,1.23925,1.12846
equal_p,484,1.17404,1.17404,1.03882
equal_p,485,1.05859,1.05859,1.05859
equal_p,486,1.24950,1.24950,1.00091
equal_p,487,1.00094,1.00094,1.00094
equal_p,488,1.23401,1.23401,1.00850
equal_p,489,1.00139,1.00139,1.00139
equal_p,490,1.11330,1.11330,1.11330
equal_p,491,1.00000,1.00000,1.00000
equal_p,492,1.00253,1.00253,1.00253
equal_p,493,1.00009,1.00009,1.00009
equal_p,494,1.18239,1.18239,1.05637
equal_p,495,1.08568,1.08568,1.08568
equal_p,496,1.07563,1.07563,1.07563
equal_p,497,1.15504,1.15504,1.15504
equal_p,498,1.04868,1.04868,1.04868
equal_p,499,1.05086,1.05086,1.05086
equal_p,500,1.00000,1.00000,1.00000
equal_p,501,1.18660,1.18660,1.12274
equal_p,502,1.21970,1.21970,1.06995
equal_p,503,1.17343,1.17343,1.17343
equal_p,504,1.04214,1.04214,1.04214
equal_p,505,1.00403,1.00403,1.00403
equal_p,506,1.06487,1.06487,1.06487
equal_p,507,1.12426,1.12426,1.12426
equal_p,508,1.00614,1.00614,1.00614
equal_p,509,1.14206,1.14206,1.14206
equal_p,510,1.45278,1.45278,1.00166
equal_p,511,1.23294,1.23294,1.09546
equal_p,512,1.00000,1.00000,1.00000
equal_p,513,1.07335,1.07335,1.02349
equal_p,514,1.00000,1.00000,1.00000
equal_p,515,1.12090,1.12090,1.12090
equal_p,516,1.27953,1.27953,1.15922
equal_p,517,1.00178,1.00178,1.00178
equal_p,518,1.18542,1.18542,1.06116
equal_p,519,1.08832,1.08832,1.08832
equal_p,520,1.25666,1.25666,1.00000
equal_p,521,1.04157,1.04157,1.04157
equal_p,522,1.01769,1.01769,1.01769
equal_p,523,1.00000,1.00000,1.00000
equal_p,524,1.22405,1.22405,1.06456
equal_p,525,1.00011,1.00011,1.00011
equal_p,526,1.17817,1.17817,1.17817
equal_p,527,1.01138,1.01138,1.01138
equal_p,528,1.00139,1.00139,1.00139
equal_p,529,1.11582,1.11582,1.11582
equal_p,530,1.41763,1.41763,1.04458
equal_p,531,1.01566,1.01566,1.01566
equal_p,532,1.00000,1.00000,1.00000
equal_p,533,1.00089,1.00089,1.00089
equal_p,534,1.18888,1.18888,1.16232
equal_p,535,1.02195,1.02195,1.02195
equal_p,536,1.13572,1.13572,1.13572
equal_p,537,1.08428,1.08428,1.07016
equal_p,538,1.00205,1.00205,1.00205
equal_p,539,1.00432,1.00432,1.00432
equal_p,540,1.04537,1.04537,1.04537
equal_p,541,1.03694,1.03694,1.03694
equal_p,542,1.00000,1.00000,1.00000
equal_p,543,1.00411,1.00411,1.00411
equal_p,544,1.02933,1.02933,1.02933
equal_p,545,1.02398,1.02398,1.02398
equal_p,546,1.04721,1.04721,1.04721
equal_p,547,1.00000,1.00000,1.00000
equal_p,548,1.00000,1.00000,1.00000
equal_p,549,1.27510,1.27510,1.00636
equal_p,550,1.00000,1.00000,1.00000
equal_p,551,1.00004,1.00004,1.00004
equal_p,552,1.05366,1.05366,1.05366
equal_p,553,1.00000,1.00000,1.00000
equal_p,554,1.01330,1.01330,1.01330
equal_p,555,1.07309,1.07309,1.07309
equal_p,556,1.03546,1.03546,1.03546
equal_p,557,1.20069,1.20069,1.00000
equal_p,558,1.11338,1.11338,1.11338
equal_p,559,1.17997,1.17997,1.01241
equal_p,560,1.00000,1.00000,1.00000
equal_p,561,1.15575,1.15575,1.15575
equal_p,562,1.00000,1.00000,1.00000
equal_p,563,1.02975,1.02975,1.02975
equal_p,564,1.07115,1.07115,1.07115
equal_p,565,1.08969,1.08969,1.05606
equal_p,566,1.00000,1.00000,1.00000
equal_p,567,1.00000,1.00000,1.00000
equal_p,568,1.15776,1.15776,1.08854
equal_p,569,1.13017,1.13017,1.13017
equal_p,570,1.27651,1.27651,1.08205
equal_p,571,1.24136,1.24136,1.00075
equal_p,572,1.00000,1.00000,1.00000
equal_p,573,1.00000,1.00000,1.00000
equal_p,574,1.24944,1.24944,1.00389
equal_p,575,1.26563,1.26563,1.04235
equal_p,576,1.03534,1.03534,1.03534
equal_p,577,1.00000,1.00000,1.00000
equal_p,578,1.01001,1.01001,1.01001
equal_p,579,1.05712,1.05712,1.05712
equal_p,580,1.00079,1.00079,1.00079
equal_p,581,1.12131,1.12131,1.06002
equal_p,582,1.00065,1.00065,1.00065
equal_p,583,1.01984,1.01984,1.01984
equal_p,584,1.00275,1.00275,1.00275
equal_p,585,1.43086,1.43086,1.00000
equal_p,586,1.29727,1.29727,1.00000
equal_p,587,1.27530,1.27530,1.00000
equal_p,588,1.12464,1.12464,1.11904
equal_p,589,1.00011,1.00011,1.00011
equal_p,590,1.02098,1.02098,1.02098
equal_p,591,1.34939,1.34939,1.00000
equal_p,592,1.13367,1.13367,1.13367
equal_p,593,1.00000,1.00000,1.00000
equal_p,594,1.28326,1.28326,1.16342
equal_p,595,1.00032,1.00032,1.00032
equal_p,596,1.00000,1.00000,1.00000
equal_p,597,1.04246,1.04246,1.04246
equal_p,598,1.22400,1.22400,1.02764
equal_p,599,1.19897,1.19897,1.00047
equal_p,600,1.05889,1.05889,1.05889
equal_p,601,1.00733,1.00733,1.00733
equal_p,602,1.06876,1.06876,1.06876
equal_p,603,1.00000,1.00000,1.00000
equal_p,604,1.00726,1.00726,1.00726
equal_p,605,1.00036,1.00036,1.00036
equal_p,606,1.14300,1.14300,1.05179
equal_p,607,1.00000,1.00000,1.00000
equal_p,608,1.03970,1.03970,1.03970
equal_p,609,1.17129,1.17129,1.17129
equal_p,610,1.50639,1.50639,1.00030
equal_p,611,1.02008,1.02008,1.02008
equal_p,612,1.18423,1.18423,1.02947
equal_p,613,1.00000,1.00000,1.00000
equal_p,614,1.11511,1.11511,1.11511
equal_p,615,1.00000,1.00000,1.00000
equal_p,616,1.05910,1.05910,1.05910
equal_p,617,1.29790,1.29790,1.00538
equal_p,618,1.26963,1.26963,1.00502
equal_p,619,1.07057,1.07057,1.07057
equal_p,620,1.00006,1.00006,1.00006
equal_p,621,1.20806,1.20806,1.08498
equal_p,622,1.15398,1.15398,1.15398
equal_p,623,1.02466,1.02466,1.02466
equal_p,624,1.01819,1.01819,1.01819
equal_p,625,1.18928,1.18928,1.03933
equal_p,626,1.03167,1.03167,1.03167
equal_p,627,1.08664,1.08664,1.08664
equal_p,628,1.00000,1.00000,1.00000
equal_p,629,1.35196,1.35196,1.00000
equal_p,630,1.00803,1.00803,1.00803
equal_p,631,1.05121,1.05121,1.05121
equal_p,632,1.02655,1.02655,1.02655
equal_p,633,1.15408,1.15408,1.15325
equal_p,634,1.01191,1.01191,1.01191
equal_p,635,1.22784,1.22784,1.00000
equal_p,636,1.00014,1.00014,1.00014
equal_p,637,1.01085,1.01085,1.01085
equal_p,638,1.00000,1.00000,1.00000
equal_p,639,1.01035,1.01035,1.01035
equal_p,640,1.32814,1.32814,1.00000
equal_p,641,1.04161,1.04161,1.04161
equal_p,642,1.26569,1.26569,1.00000
equal_p,643,1.00373,1.00373,1.00373
equal_p,644,1.05959,1.05959,1.05959
equal_p,645,1.12420,1.12420,1.12420
equal_p,646,1.20319,1.20319,1.03680
equal_p,647,1.04351,1.04351,1.04351
equal_p,648,1.09277,1.09277,1.09277
equal_p,649,1.22106,1.22106,1.00000
equal_p,650,1.01153,1.01153,1.01153
equal_p,651,1.00000,1.00000,1.00000
equal_p,652,1.50749,1.50749,1.00000
equal_p,653,1.02686,1.02686,1.02686
equal_p,654,1.11361,1.11361,1.02884
equal_p,655,1.41484,1.41484,1.01929
equal_p,656,1.00000,1.00000,1.00000
equal_p,657,1.04423,1.04423,1.04423
equal_p,658,1.15618,1.15618,1.15618
equal_p,659,1.23570,1.23570,1.03203
equal_p,660,1.14688,1.14688,1.14688
equal_p,661,1.01527,1.01527,1.01527
equal_p,662,1.00788,1.00788,1.00788
equal_p,663,1.31550,1.31550,1.00000
equal_p,664,1.00454,1.00454,1.00454
equal_p,665,1.00000,1.00000,1.00000
equal_p,666,1.10396,1.10396,1.10396
equal_p,667,1.31153,1.31153,1.00000
equal_p,668,1.11504,1.11504,1.10938
equal_p,669,1.03485,1.03485,1.03485
equal_p,670,1.03271,1.03271,1.03271
equal_p,671,1.24288,1.24288,1.00000
equal_p,672,1.22663,1.22663,1.00000
equal_p,673,1.07465,1.07465,1.07465
equal_p,674,1.00101,1.00101,1.00101
equal_p,675,1.36391,1.36391,1.02141
equal_p,676,1.32072,1.32072,1.00000
equal_p,677,1.15042,1.15042,1.14009
equal_p,678,1.03645,1.03645,1.03645
equal_p,679,1.07251,1.07251,1.07251
equal_p,680,1.17409,1.17409,1.17409
equal_p,681,1.05846,1.05846,1.05846
equal_p,682,1.00000,1.00000,1.00000
equal_p,683,1.00000,1.00000,1.00000
equal_p,684,1.00000,1.00000,1.00000
equal_p,685,1.00131,1.00131,1.00131
equal_p,686,1.00000,1.00000,1.00000
equal_p,687,1.05013,1.05013,1.05013
equal_p,688,1.35899,1.35899,1.00124
equal_p,689,1.00000,1.00000,1.00000
equal_p,690,1.21061,1.21061,1.00000
equal_p,691,1.03653,1.03653,1.03653
equal_p,692,1.20140,1.20140,1.03161
equal_p,693,1.11543,1.11543,1.02308
equal_p,694,1.10303,1.10303,1.10303
equal_p,695,1.06682,1.06682,1.06682
equal_p,696,1.01632,1.01632,1.01632
equal_p,697,1.34997,1.34997,1.00441
equal_p,698,1.20028,1.20028,1.00000
equal_p,699,1.31742,1.31742,1.02906
equal_p,700,1.08877,1.08877,1.08877
equal_p,701,1.33526,1.33526,1.00000
equal_p,702,1.09331,1.09331,1.09331
equal_p,703,1.00000,1.00000,1.00000
equal_p,704,1.00000,1.00000,1.00000
equal_p,705,1.00000,1.00000,1.00000
equal_p,706,1.32516,1.32516,1.00000
equal_p,707,1.20277,1.20277,1.00000
equal_p,708,1.39121,1.39121,1.00000
equal_p,709,1.14510,1.14510,1.00000
equal_p,710,1.11365,1.11365,1.11365
equal_p,711,1.19560,1.19560,1.00216
equal_p,712,1.03892,1.03892,1.03892
equal_p,713,1.00000,1.00000,1.00000
equal_p,714,1.01019,1.01019,1.01019
equal_p,715,1.12343,1.12343,1.00000
equal_p,716,1.19436,1.19436,1.15054
equal_p,717,1.00097,1.00097,1.00097
equal_p,718,1.19126,1.19126,1.00000
equal_p,719,1.09079,1.09079,1.09079
equal_p,720,1.42358,1.42358,1.00000
equal_p,721,1.00000,1.00000,1.00000
equal_p,722,1.03960,1.03960,1.03960
equal_p,723,1.04857,1.04857,1.04857
equal_p,724,1.14356,1.14356,1.00326
equal_p,725,1.03354,1.03354,1.03354
equal_p,726,1.23250,1.23250,1.23250
equal_p,727,1.00189,1.00189,1.00189
equal_p,728,1.20006,1.20006,1.18264
equal_p,729,1.27945,1.27945,1.00000
equal_p,730,1.18019,1.18019,1.06067
equal_p,731,1.37073,1.37073,1.00367
equal_p,732,1.13540,1.13540,1.13540
equal_p,733,1.00000,1.00000,1.00000
equal_p,734,1.00000,1.00000,1.00000
equal_p,735,1.23305,1.23305,1.00000
equal_p,736,1.10323,1.10323,1.10323
equal_p,737,1.11061,1.11061,1.11061
equal_p,738,1.26367,1.26367,1.00000
equal_p,739,1.20914,1.20914,1.20914
equal_p,740,1.00000,1.00000,1.00000
equal_p,741,1.17040,1.17040,1.17040
equal_p,742,1.16308,1.16308,1.03497
equal_p,743,1.00160,1.00160,1.00160
equal_p,744,1.10862,1.10862,1.10862
equal_p,745,1.23311,1.23311,1.05932
equal_p,746,1.22245,1.22245,1.00013
equal_p,747,1.18363,1.18363,1.18363
equal_p,748,1.07879,1.07879,1.07879
equal_p,749,1.01364,1.01364,1.01364
equal_p,750,1.16605,1.16605,1.02094
equal_p,751,1.15119,1.15119,1.15119
equal_p,752,1.00000,1.00000,1.00000
equal_p,753,1.30463,1.30463,1.00000
equal_p,754,1.00000,1.00000,1.00000
equal_p,755,1.01173,1.01173,1.01173
equal_p,756,1.10645,1.10645,1.10645
equal_p,757,1.06804,1.06804,1.06804
equal_p,758,1.02428,1.02428,1.02428
equal_p,759,1.29475,1.29475,1.00000
equal_p,760,1.01281,1.01281,1.01281
equal_p,761,1.08832,1.08832,1.00000
equal_p,762,1.09861,1.09861,1.09861
equal_p,763,1.00851,1.00851,1.00851
equal_p,764,1.00000,1.00000,1.00000
equal_p,765,1.00000,1.00000,1.00000
equal_p,766,1.06113,1.06113,1.06113
equal_p,767,1.01037,1.01037,1.01037
equal_p,768,1.01499,1.01499,1.01499
equal_p,769,1.00000,1.00000,1.00000
equal_p,770,1.00646,1.00646,1.00646
equal_p,771,1.11268,1.11268,1.11268
equal_p,772,1.00000,1.00000,1.00000
equal_p,773,1.23561,1.23561,1.00000
equal_p,774,1.08200,1.08200,1.08200
equal_p,775,1.00814,1.00814,1.00814
equal_p,776,1.09010,1.09010,1.09010
equal_p,777,1.12641,1.12641,1.00280
equal_p,778,1.00000,1.00000,1.00000
equal_p,779,1.34877,1.34877,1.03464
equal_p,780,1.27628,1.27628,1.00365
equal_p,781,1.13063,1.13063,1.05254
equal_p,782,1.25673,1.25673,1.00000
equal_p,783,1.02334,1.02334,1.02334
equal_p,784,1.18675,1.18675,1.06468
equal_p,785,1.00013,1.00013,1.00013
equal_p,786,1.06744,1.06744,1.06744
equal_p,787,1.30950,1.30950,1.08507
equal_p,788,1.03395,1.03395,1.03395
equal_p,789,1.35444,1.35444,1.00271
equal_p,790,1.00140,1.00140,1.00140
equal_p,791,1.18899,1.18899,1.00540
equal_p,792,1.07316,1.07316,1.07316
equal_p,793,1.00000,1.00000,1.00000
equal_p,794,1.28293,1.28293,1.25503
equal_p,795,1.00010,1.00010,1.00010
equal_p,796,1.02494,1.02494,1.02494
equal_p,797,1.16319,1.16319,1.16319
equal_p,798,1.00000,1.00000,1.00000
equal_p,799,1.12560,1.12560,1.12560
equal_p,800,1.09739,1.09739,1.09408
equal_p,801,1.03643,1.03643,1.03643
equal_p,802,1.18516,1.18516,1.18516
equal_p,803,1.00000,1.00000,1.00000
equal_p,804,1.18613,1.18613,1.16795
equal_p,805,1.00181,1.00181,1.00181
equal_p,806,1.15750,1.15750,1.01566
equal_p,807,1.00000,1.00000,1.00000
equal_p,808,1.15504,1.15504,1.15504
equal_p,809,1.00013,1.00013,1.00013
equal_p,810,1.02935,1.02935,1.02935
equal_p,811,1.09322,1.09322,1.09322
equal_p,812,1.01278,1.01278,1.01278
equal_p,813,1.11163,1.11163,1.11163
equal_p,814,1.00000,1.00000,1.00000
equal_p,815,1.43947,1.43947,1.00000
equal_p,816,1.05257,1.05257,1.05257
equal_p,817,1.02129,1.02129,1.02129
equal_p,818,1.21873,1.21873,1.00650
equal_p,819,1.00266,1.00266,1.00266
equal_p,820,1.26425,1.26425,1.00083
equal_p,821,1.20491,1.20491,1.07591
equal_p,822,1.36253,1.36253,1.00007
equal_p,823,1.17013,1.17013,1.16527
equal_p,824,1.26354,1.26354,1.00002
equal_p,825,1.16772,1.16772,1.07164
equal_p,826,1.01658,1.01658,1.01658
equal_p,827,1.00000,1.00000,1.00000
equal_p,828,1.37210,1.37210,1.00000
equal_p,829,1.30286,1.30286,1.00000
equal_p,830,1.02924,1.02924,1.02924
equal_p,831,1.12077,1.12077,1.02665
equal_p,832,1.33287,1.33287,1.02751
equal_p,833,1.00000,1.00000,1.00000
equal_p,834,1.22892,1.22892,1.00000
equal_p,835,1.06217,1.06217,1.06217
equal_p,836,1.18766,1.18766,1.15062
equal_p,837,1.40048,1.40048,1.00000
equal_p,838,1.00000,1.00000,1.00000
equal_p,839,1.14620,1.14620,1.00512
equal_p,840,1.04726,1.04726,1.04726
equal_p,841,1.21441,1.21441,1.00950
equal_p,842,1.20227,1.20227,1.20227
equal_p,843,1.15951,1.15951,1.07345
equal_p,844,1.08008,1.08008,1.08008
equal_p,845,1.00975,1.00975,1.00975
equal_p,846,1.20895,1.20895,1.00000
equal_p,847,1.02748,1.02748,1.02748
equal_p,848,1.00000,1.00000,1.00000
equal_p,849,1.29917,1.29917,1.00068
equal_p,850,1.12594,1.12594,1.06006
equal_p,851,1.18844,1.18844,1.18844
equal_p,852,1.16868,1.16868,1.13346
equal_p,853,1.31774,1.31774,1.01630
equal_p,854,1.05597,1.05597,1.05597
equal_p,855,1.04047,1.04047,1.04047
equal_p,856,1.00000,1.00000,1.00000
equal_p,857,1.00000,1.00000,1.00000
equal_p,858,1.00003,1.00003,1.00003
equal_p,859,1.04050,1.04050,1.04050
equal_p,860,1.04078,1.04078,1.04078
equal_p,861,1.03499,1.03499,1.03499
equal_p,862,1.00000,1.00000,1.00000
equal_p,863,1.00348,1.00348,1.00348
equal_p,864,1.07591,1.07591,1.07591
equal_p,865,1.30129,1.30129,1.00663
equal_p,866,1.06008,1.06008,1.06008
equal_p,867,1.00000,1.00000,1.00000
equal_p,868,1.47552,1.47552,1.00000
equal_p,869,1.16486,1.16486,1.16486
equal_p,870,1.23771,1.23771,1.00000
equal_p,871,1.11025,1.11025,1.07304
equal_p,872,1.27881,1.27881,1.00000
equal_p,873,1.12798,1.12798,1.12798
equal_p,874,1.09458,1.09458,1.00000
equal_p,875,1.13733,1.13733,1.13733
equal_p,876,1.34689,1.34689,1.00000
equal_p,877,1.04583,1.04583,1.04583
equal_p,878,1.00545,1.00545,1.00545
equal_p,879,1.06943,1.06943,1.06906
equal_p,880,1.19527,1.19527,1.19527
equal_p,881,1.00105,1.00105,1.00105
equal_p,882,1.00058,1.00058,1.00058
equal_p,883,1.01322,1.01322,1.01322
equal_p,884,1.31275,1.31275,1.00000
equal_p,885,1.16000,1.16000,1.00000
equal_p,886,1.01629,1.01629,1.01629
equal_p,887,1.34930,1.34930,1.00020
equal_p,888,1.25992,1.25992,1.00000
equal_p,889,1.00000,1.00000,1.00000
equal_p,890,1.23811,1.23811,1.00834
equal_p,891,1.33199,1.33199,1.00000
equal_p,892,1.00000,1.00000,1.00000
equal_p,893,1.16408,1.16408,1.07822
equal_p,894,1.00122,1.00122,1.00122
equal_p,895,1.14413,1.14413,1.02760
equal_p,896,1.00000,1.00000,1.00000
equal_p,897,1.19542,1.19542,1.02193
equal_p,898,1.18906,1.18906,1.02847
equal_p,899,1.07871,1.07871,1.07871
equal_p,900,1.28145,1.28145,1.00000
equal_p,901,1.14794,1.14794,1.11152
equal_p,902,1.02095,1.02095,1.02095
equal_p,903,1.36829,1.36829,1.00000
equal_p,904,1.14297,1.14297,1.14297
equal_p,905,1.00012,1.00012,1.00012
equal_p,906,1.38675,1.38675,1.00000
equal_p,907,1.15141,1.15141,1.15141
equal_p,908,1.05913,1.05913,1.05913
equal_p,909,1.10537,1.10537,1.10537
equal_p,910,1.03516,1.03516,1.03516
equal_p,911,1.00000,1.00000,1.00000
equal_p,912,1.00241,1.00241,1.00241
equal_p,913,1.01399,1.01399,1.01399
equal_p,914,1.00127,1.00127,1.00127
equal_p,915,1.11679,1.11679,1.11679
equal_p,916,1.15460,1.15460,1.07345
equal_p,917,1.11569,1.11569,1.11569
equal_p,918,1.00000,1.00000,1.00000
equal_p,919,1.09892,1.09892,1.09892
equal_p,920,1.00000,1.00000,1.00000
equal_p,921,1.29494,1.29494,1.01597
equal_p,922,1.00025,1.00025,1.00025
equal_p,923,1.03937,1.03937,1.03937
equal_p,924,1.05838,1.05838,1.05838
equal_p,925,1.24184,1.24184,1.03316
equal_p,926,1.05227,1.05227,1.05227
equal_p,927,1.05260,1.05260,1.05260
equal_p,928,1.01205,1.01205,1.01205
equal_p,929,1.02633,1.02633,1.02633
equal_p,930,1.00000,1.00000,1.00000
equal_p,931,1.03786,1.03786,1.03786
equal_p,932,1.00000,1.00000,1.00000
equal_p,933,1.17527,1.17527,1.03100
equal_p,934,1.05424,1.05424,1.05424
equal_p,935,1.00023,1.00023,1.00023
equal_p,936,1.00000,1.00000,1.00000
equal_p,937,1.23519,1.23519,1.00006
equal_p,938,1.06908,1.06908,1.06908
equal_p,939,1.22774,1.22774,1.00000
equal_p,940,1.05352,1.05352,1.05352
equal_p,941,1.20285,1.20285,1.00000
equal_p,942,1.01522,1.01522,1.01522
equal_p,943,1.00000,1.00000,1.00000
equal_p,944,1.01733,1.01733,1.01733
equal_p,945,1.00000,1.00000,1.00000
equal_p,946,1.00772,1.00772,1.00772
equal_p,947,1.00008,1.00008,1.00008
equal_p,948,1.02486,1.02486,1.02486
equal_p,949,1.10097,1.10097,1.02093
equal_p,950,1.00082,1.00082,1.00082
equal_p,951,1.52806,1.52806,1.00000
equal_p,952,1.32034,1.32034,1.02398
equal_p,953,1.12828,1.12828,1.12828
equal_p,954,1.02994,1.02994,1.02994
equal_p,955,1.00757,1.00757,1.00757
equal_p,956,1.20629,1.20629,1.20629
equal_p,957,1.00000,1.00000,1.00000
equal_p,958,1.19564,1.19564,1.15863
equal_p,959,1.05404,1.05404,1.05404
equal_p,960,1.00000,1.00000,1.00000
equal_p,961,1.00000,1.00000,1.00000
equal_p,962,1.22219,1.22219,1.00000
equal_p,963,1.06444,1.06444,1.06444
equal_p,964,1.05978,1.05978,1.05978
equal_p,965,1.15556,1.15556,1.15556
equal_p,966,1.00000,1.00000,1.00000
equal_p,967,1.26745,1.26745,1.06116
equal_p,968,1.00000,1.00000,1.00000
equal_p,969,1.30719,1.30719,1.00000
equal_p,970,1.03870,1.03870,1.03870
equal_p,971,1.13685,1.13685,1.00000
equal_p,972,1.04068,1.04068,1.04068
equal_p,973,1.05159,1.05159,1.05159
equal_p,974,1.29222,1.29222,1.00000
equal_p,975,1.22466,1.22466,1.22466
equal_p,976,1.24646,1.24646,1.00000
equal_p,977,1.10667,1.10667,1.10667
equal_p,978,1.04298,1.04298,1.04298
equal_p,979,1.01275,1.01275,1.01275
equal_p,980,1.26203,1.26203,1.00000
equal_p,981,1.28979,1.28979,1.00000
equal_p,982,1.15999,1.15999,1.15999
equal_p,983,1.00000,1.00000,1.00000
equal_p,984,1.22071,1.22071,1.00098
equal_p,985,1.00002,1.00002,1.00002
equal_p,986,1.02134,1.02134,1.02134
equal_p,987,1.05317,1.05317,1.05317
equal_p,988,1.23762,1.23762,1.23762
equal_p,989,1.15133,1.15133,1.00255
equal_p,990,1.04839,1.04839,1.04839
equal_p,991,1.00111,1.00111,1.00111
equal_p,992,1.27635,1.27635,1.05527
equal_p,993,1.13404,1.13404,1.03609
equal_p,994,1.00856,1.00856,1.00856
equal_p,995,1.00000,1.00000,1.00000
equal_p,996,1.01713,1.01713,1.01713
equal_p,997,1.00251,1.00251,1.00251
equal_p,998,1.25391,1.25391,1.00000
equal_p,999,1.14349,1.14349,1.14349
equal_p,1000,1.04399,1.04399,1.04399
equal_p,1001,1.13805,1.13805,1.13805
equal_p,1002,1.27836,1.27836,1.00000
equal_p,1003,1.03880,1.03880,1.03880
equal_p,1004,1.18827,1.18827,1.00000
equal_p,1005,1.00000,1.00000,1.00000
equal_p,1006,1.00306,1.00306,1.00306
equal_p,1007,1.10583,1.10583,1.10583
equal_p,1008,1.19029,1.19029,1.00041
equal_p,1009,1.21361,1.21361,1.04399
equal_p,1010,1.19996,1.19996,1.00380
equal_p,1011,1.03587,1.03587,1.03587
equal_p,1012,1.01504,1.01504,1.01504
equal_p,1013,1.00043,1.00043,1.00043
equal_p,1014,1.00000,1.00000,1.00000
equal_p,1015,1.23535,1.23535,1.00000
equal_p,1016,1.36325,1.36325,1.00000
equal_p,1017,1.00000,1.00000,1.00000
equal_p,1018,1.03739,1.03739,1.03739
equal_p,1019,1.39225,1.39225,1.00000
equal_p,1020,1.07534,1.07534,1.06896
equal_p,1021,1.10871,1.10871,1.00000
equal_p,1022,1.26754,1.26754,1.00000
equal_p,1023,1.02807,1.02807,1.02807
equal_p,1024,1.00006,1.00006,1.00006
equal_p,1025,1.01218,1.01218,1.01218
equal_p,1026,1.01972,1.01972,1.01972
equal_p,1027,1.00000,1.00000,1.00000
equal_p,1028,1.00000,1.00000,1.00000
equal_p,1029,1.21317,1.21317,1.00546
equal_p,1030,1.00414,1.00414,1.00414
equal_p,1031,1.05598,1.05598,1.05598
equal_p,1032,1.01164,1.01164,1.01164
equal_p,1033,1.12268,1.12268,1.04121
equal_p,1034,1.00739,1.00739,1.00739
equal_p,1035,1.27775,1.27775,1.00000
equal_p,1036,1.02806,1.02806,1.02806
equal_p,1037,1.09736,1.09736,1.09736
equal_p,1038,1.00000,1.00000,1.00000
equal_p,1039,1.28071,1.28071,1.00008
equal_p,1040,1.00000,1.00000,1.00000
equal_p,1041,1.01755,1.01755,1.01755
equal_p,1042,1.00000,1.00000,1.00000
equal_p,1043,1.00138,1.00138,1.00138
equal_p,1044,1.15477,1.15477,1.06948
equal_p,1045,1.54703,1.54703,1.00000
equal_p,1046,1.00000,1.00000,1.00000
equal_p,1047,1.01142,1.01142,1.01142
equal_p,1048,1.34945,1.34945,1.00000
equal_p,1049,1.00000,1.00000,1.00000
equal_p,1050,1.06909,1.06909,1.06909
equal_p,1051,1.08140,1.08140,1.08140
equal_p,1052,1.27953,1.27953,1.00000
equal_p,1053,1.16654,1.16654,1.08235
equal_p,1054,1.02021,1.02021,1.02021
equal_p,1055,1.41903,1.41903,1.00000
equal_p,1056,1.14195,1.14195,1.08605
equal_p,1057,1.00000,1.00000,1.00000
equal_p,1058,1.06326,1.06326,1.06326
equal_p,1059,1.20695,1.20695,1.00167
equal_p,1060,1.00000,1.00000,1.00000
equal_p,1061,1.00745,1.00745,1.00745
equal_p,1062,1.00000,1.00000,1.00000
equal_p,1063,1.00266,1.00266,1.00266
equal_p,1064,1.00000,1.00000,1.00000
equal_p,1065,1.00000,1.00000,1.00000
equal_p,1066,1.03217,1.03217,1.03217
equal_p,1067,1.02572,1.02572,1.02572
equal_p,1068,1.00718,1.00718,1.00718
equal_p,1069,1.00510,1.00510,1.00510
equal_p,1070,1.18237,1.18237,1.00104
equal_p,1071,1.07398,1.07398,1.01053
equal_p,1072,1.16496,1.16496,1.00000
equal_p,1073,1.02554,1.02554,1.02554
equal_p,1074,1.10934,1.10934,1.10934
equal_p,1075,1.04224,1.04224,1.04224
equal_p,1076,1.16497,1.16497,1.00000
equal_p,1077,1.21267,1.21267,1.00041
equal_p,1078,1.09565,1.09565,1.09565
equal_p,1079,1.02081,1.02081,1.02081
equal_p,1080,1.39513,1.39513,1.35279
equal_p,1081,1.00140,1.00140,1.00140
equal_p,1082,1.48650,1.48650,1.00000
equal_p,1083,1.00000,1.00000,1.00000
equal_p,1084,1.21537,1.21537,1.00000
equal_p,1085,1.41701,1.41701,1.36036
equal_p,1086,1.00000,1.00000,1.00000
equal_p,1087,1.00000,1.00000,1.00000
equal_p,1088,1.13161,1.13161,1.08464
equal_p,1089,1.01729,1.01729,1.01729
equal_p,1090,1.21897,1.21897,1.21897
equal_p,1091,1.24878,1.24878,1.00000
equal_p,1092,1.00005,1.00005,1.00005
equal_p,1093,1.09857,1.09857,1.09857
equal_p,1094,1.01698,1.01698,1.01698
equal_p,1095,1.08683,1.08683,1.08683
equal_p,1096,1.14436,1.14436,1.02509
equal_p,1097,1.13570,1.13570,1.02818
equal_p,1098,1.00000,1.00000,1.00000
equal_p,1099,1.39836,1.39836,1.01156
equal_p,1100,1.00000,1.00000,1.00000
equal_p,1101,1.03147,1.03147,1.03147
equal_p,1102,1.11205,1.11205,1.11205
equal_p,1103,1.02649,1.02649,1.02649
equal_p,1104,1.19206,1.19206,1.19206
equal_p,1105,1.12251,1.12251,1.12251
equal_p,1106,1.05368,1.05368,1.05368
equal_p,1107,1.00415,1.00415,1.00415
equal_p,1108,1.29664,1.29664,1.01457
equal_p,1109,1.21276,1.21276,1.00799
equal_p,1110,1.28666,1.28666,1.00558
equal_p,1111,1.00079,1.00079,1.00079
equal_p,1112,1.17743,1.17743,1.00000
equal_p,1113,1.00931,1.00931,1.00931
equal_p,1114,1.07838,1.07838,1.07838
equal_p,1115,1.16044,1.16044,1.16044
equal_p,1116,1.56243,1.56243,1.00964
equal_p,1117,1.31331,1.31331,1.05840
equal_p,1118,1.13823,1.13823,1.13823
equal_p,1119,1.09994,1.09994,1.09994
equal_p,1120,1.26978,1.26978,1.00000
equal_p,1121,1.00000,1.00000,1.00000
equal_p,1122,1.01447,1.01447,1.01447
equal_p,1123,1.05375,1.05375,1.05375
equal_p,1124,1.00572,1.00572,1.00572
equal_p,1125,1.07106,1.07106,1.07106
equal_p,1126,1.07456,1.07456,1.07456
equal_p,1127,1.03653,1.03653,1.03653
equal_p,1128,1.12714,1.12714,1.07110
equal_p,1129,1.23389,1.23389,1.04883
equal_p,1130,1.05769,1.05769,1.05769
equal_p,1131,1.04174,1.04174,1.04174
equal_p,1132,1.02496,1.02496,1.02496
equal_p,1133,1.06876,1.06876,1.06876
equal_p,1134,1.01504,1.01504,1.01504
equal_p,1135,1.00011,1.00011,1.00011
equal_p,1136,1.16703,1.16703,1.10990
equal_p,1137,1.13321,1.13321,1.13321
equal_p,1138,1.00000,1.00000,1.00000
equal_p,1139,1.01812,1.01812,1.01812
equal_p,1140,1.01622,1.01622,1.01622
equal_p,1141,1.00829,1.00829,1.00829
equal_p,1142,1.14506,1.14506,1.00005
equal_p,1143,1.11452,1.11452,1.11452
equal_p,1144,1.00000,1.00000,1.00000
equal_p,1145,1.00000,1.00000,1.00000
equal_p,1146,1.02743,1.02743,1.02743
equal_p,1147,1.16922,1.16922,1.16922
equal_p,1148,1.00286,1.00286,1.00286
equal_p,1149,1.03858,1.03858,1.03858
equal_p,1150,1.00022,1.00022,1.00022
equal_p,1151,1.01931,1.01931,1.01931
equal_p,1152,1.08810,1.08810,1.08810
equal_p,1153,1.00000,1.00000,1.00000
equal_p,1154,1.10301,1.10301,1.00584
equal_p,1155,1.11038,1.11038,1.11038
equal_p,1156,1.14258,1.14258,1.14258
equal_p,1157,1.00000,1.00000,1.00000
equal_p,1158,1.00000,1.00000,1.00000
equal_p,1159,1.06321,1.06321,1.06321
equal_p,1160,1.00710,1.00710,1.00710
equal_p,1161,1.31061,1.31061,1.00034
equal_p,1162,1.00481,1.00481,1.00481
equal_p,1163,1.55976,1.55976,1.00000
equal_p,1164,1.00455,1.00455,1.00455
equal_p,1165,1.21278,1.21278,1.05711
equal_p,1166,1.01310,1.01310,1.01310
equal_p,1167,1.00551,1.00551,1.00551
equal_p,1168,1.12770,1.12770,1.12770
equal_p,1169,1.04731,1.04731,1.04731
equal_p,1170,1.02528,1.02528,1.02528
equal_p,1171,1.21525,1.21525,1.21525
equal_p,1172,1.11778,1.11778,1.06501
equal_p,1173,1.00182,1.00182,1.00182
equal_p,1174,1.00877,1.00877,1.00877
equal_p,1175,1.00000,1.00000,1.00000
equal_p,1176,1.15060,1.15060,1.00000
equal_p,1177,1.00000,1.00000,1.00000
equal_p,1178,1.18785,1.18785,1.18785
equal_p,1179,1.00000,1.00000,1.00000
equal_p,1180,1.22927,1.22927,1.22927
equal_p,1181,1.27151,1.27151,1.00000
equal_p,1182,1.09466,1.09466,1.05342
equal_p,1183,1.20054,1.20054,1.20054
equal_p,1184,1.25224,1.25224,1.00000
equal_p,1185,1.00551,1.00551,1.00551
equal_p,1186,1.24791,1.24791,1.03163
equal_p,1187,1.18084,1.18084,1.03068
equal_p,1188,1.06878,1.06878,1.04332
equal_p,1189,1.10039,1.10039,1.10039
equal_p,1190,1.05827,1.05827,1.05827
equal_p,1191,1.06811,1.06811,1.06811
equal_p,1192,1.00124,1.00124,1.00124
equal_p,1193,1.19349,1.19349,1.00012
equal_p,1194,1.02838,1.02838,1.02838
equal_p,1195,1.00925,1.00925,1.00925
equal_p,1196,1.26176,1.26176,1.01291
equal_p,1197,1.03067,1.03067,1.03067
equal_p,1198,1.11898,1.11898,1.00000
equal_p,1199,1.19870,1.19870,1.12326
equal_p,1200,1.16719,1.16719,1.00024
equal_p,1201,1.08253,1.08253,1.00000
equal_p,1202,1.01265,1.01265,1.01265
equal_p,1203,1.18305,1.18305,1.00018
equal_p,1204,1.00000,1.00000,1.00000
equal_p,1205,1.39097,1.39097,1.00183
equal_p,1206,1.00000,1.00000,1.00000
equal_p,1207,1.26653,1.26653,1.05934
equal_p,1208,1.00128,1.00128,1.00128
equal_p,1209,1.01810,1.01810,1.01810
equal_p,1210,1.29987,1.29987,1.00000
equal_p,1211,1.20390,1.20390,1.00321
equal_p,1212,1.06656,1.06656,1.06656
equal_p,1213,1.11193,1.11193,1.11193
equal_p,1214,1.00000,1.00000,1.00000
equal_p,1215,1.00790,1.00790,1.00790
equal_p,1216,1.00591,1.00591,1.00591
equal_p,1217,1.00000,1.00000,1.00000
equal_p,1218,1.07895,1.07895,1.02657
equal_p,1219,1.18578,1.18578,1.05506
equal_p,1220,1.00000,1.00000,1.00000
equal_p,1221,1.38856,1.38856,1.00000
equal_p,1222,1.00450,1.00450,1.00450
equal_p,1223,1.00010,1.00010,1.00010
equal_p,1224,1.16605,1.16605,1.16605
equal_p,1225,1.47667,1.47667,1.00000
equal_p,1226,1.00000,1.00000,1.00000
equal_p,1227,1.00136,1.00136,1.00136
equal_p,1228,1.00021,1.00021,1.00021
equal_p,1229,1.00000,1.00000,1.00000
equal_p,1230,1.00424,1.00424,1.00424
equal_p,1231,1.08999,1.08999,1.07488
equal_p,1232,1.03433,1.03433,1.03433
equal_p,1233,1.12510,1.12510,1.04618
equal_p,1234,1.32754,1.32754,1.00885
equal_p,1235,1.03177,1.03177,1.03177
equal_p,1236,1.00040,1.00040,1.00040
equal_p,1237,1.00000,1.00000,1.00000
equal_p,1238,1.01148,1.01148,1.01148
equal_p,1239,1.00000,1.00000,1.00000
equal_p,1240,1.01380,1.01380,1.01380
equal_p,1241,1.02646,1.02646,1.02646
equal_p,1242,1.00040,1.00040,1.00040
equal_p,1243,1.19060,1.19060,1.02443
equal_p,1244,1.00000,1.00000,1.00000
equal_p,1245,1.09562,1.09562,1.00000
equal_p,1246,1.00000,1.00000,1.00000
equal_p,1247,1.12995,1.12995,1.12995
equal_p,1248,1.14484,1.14484,1.00000
equal_p,1249,1.04173,1.04173,1.04173
equal_p,1250,1.00000,1.00000,1.00000
equal_p,1251,1.24382,1.24382,1.00320
equal_p,1252,1.11555,1.11555,1.11555
equal_p,1253,1.00000,1.00000,1.00000
equal_p,1254,1.09161,1.09161,1.09161
equal_p,1255,1.16218,1.16218,1.04579
equal_p,1256,1.10797,1.10797,1.05810
equal_p,1257,1.00000,1.00000,1.00000
equal_p,1258,1.19258,1.19258,1.11920
equal_p,1259,1.00000,1.00000,1.00000
equal_p,1260,1.08871,1.08871,1.08871
equal_p,1261,1.01306,1.01306,1.01306
equal_p,1262,1.04197,1.04197,1.04197
equal_p,1263,1.10430,1.10430,1.07434
equal_p,1264,1.29225,1.29225,1.00000
equal_p,1265,1.04581,1.04581,1.04581
equal_p,1266,1.21305,1.21305,1.12319
equal_p,1267,1.00529,1.00529,1.00529
equal_p,1268,1.27904,1.27904,1.00000
equal_p,1269,1.23375,1.23375,1.00000
equal_p,1270,1.12135,1.12135,1.00000
equal_p,1271,1.01289,1.01289,1.01289
equal_p,1272,1.46810,1.46810,1.00000
equal_p,1273,1.11615,1.11615,1.11615
equal_p,1274,1.08002,1.08002,1.08002
equal_p,1275,1.22402,1.22402,1.00000
equal_p,1276,1.11645,1.11645,1.11645
equal_p,1277,1.00000,1.00000,1.00000
equal_p,1278,1.01072,1.01072,1.01072
equal_p,1279,1.04499,1.04499,1.04499
equal_p,1280,1.26915,1.26915,1.01538
equal_p,1281,1.21907,1.21907,1.00000
equal_p,1282,1.02417,1.02417,1.02417
equal_p,1283,1.19427,1.19427,1.00012
equal_p,1284,1.40923,1.40923,1.00000
equal_p,1285,1.12838,1.12838,1.00730
equal_p,1286,1.00076,1.00076,1.00076
equal_p,1287,1.19754,1.19754,1.10777
equal_p,1288,1.23888,1.23888,1.23888
equal_p,1289,1.20856,1.20856,1.00789
equal_p,1290,1.16544,1.16544,1.13826
equal_p,1291,1.00000,1.00000,1.00000
equal_p,1292,1.00000,1.00000,1.00000
equal_p,1293,1.16264,1.16264,1.07726
equal_p,1294,1.00636,1.00636,1.00636
equal_p,1295,1.01423,1.01423,1.01423
equal_p,1296,1.09391,1.09391,1.08413
equal_p,1297,1.04949,1.04949,1.04949
equal_p,1298,1.02976,1.02976,1.02976
equal_p,1299,1.01972,1.01972,1.01972
equal_p,1300,1.40306,1.40306,1.00000
equal_p,1301,1.06435,1.06435,1.06435
equal_p,1302,1.01959,1.01959,1.01959
equal_p,1303,1.00871,1.00871,1.00871
equal_p,1304,1.15282,1.15282,1.03243
equal_p,1305,1.00000,1.00000,1.00000
equal_p,1306,1.00000,1.00000,1.00000
equal_p,1307,1.22167,1.22167,1.22167
equal_p,1308,1.00326,1.00326,1.00326
equal_p,1309,1.05016,1.05016,1.05016
equal_p,1310,1.00048,1.00048,1.00048
equal_p,1311,1.02489,1.02489,1.02489
equal_p,1312,1.00000,1.00000,1.00000
equal_p,1313,1.10012,1.10012,1.03620
equal_p,1314,1.17939,1.17939,1.17939
equal_p,1315,1.00000,1.00000,1.00000
equal_p,1316,1.11190,1.11190,1.00882
equal_p,1317,1.01966,1.01966,1.01966
equal_p,1318,1.30419,1.30419,1.00013
equal_p,1319,1.00000,1.00000,1.00000
equal_p,1320,1.45858,1.45858,1.00040
equal_p,1321,1.08817,1.08817,1.08817
equal_p,1322,1.00000,1.00000,1.00000
equal_p,1323,1.22596,1.22596,1.00000
equal_p,1324,1.27779,1.27779,1.27779
equal_p,1325,1.22682,1.22682,1.00000
equal_p,1326,1.10315,1.10315,1.10315
equal_p,1327,1.17843,1.17843,1.00000
equal_p,1328,1.00647,1.00647,1.00647
equal_p,1329,1.12722,1.12722,1.12722
equal_p,1330,1.01795,1.01795,1.01795
equal_p,1331,1.00023,1.00023,1.00023
equal_p,1332,1.17174,1.17174,1.17174
equal_p,1333,1.00000,1.00000,1.00000
equal_p,1334,1.00000,1.00000,1.00000
equal_p,1335,1.03990,1.03990,1.03990
equal_p,1336,1.03562,1.03562,1.03562
equal_p,1337,1.00000,1.00000,1.00000
equal_p,1338,1.05282,1.05282,1.05282
equal_p,1339,1.04168,1.04168,1.04168
equal_p,1340,1.21778,1.21778,1.00000
equal_p,1341,1.00000,1.00000,1.00000
equal_p,1342,1.17562,1.17562,1.17562
equal_p,1343,1.00775,1.00775,1.00775
equal_p,1344,1.03214,1.03214,1.03214
equal_p,1345,1.08881,1.08881,1.00561
equal_p,1346,1.00014,1.00014,1.00014
equal_p,1347,1.14264,1.14264,1.13422
equal_p,1348,1.22164,1.22164,1.05114
equal_p,1349,1.00710,1.00710,1.00710
equal_p,1350,1.23809,1.23809,1.10276
equal_p,1351,1.00000,1.00000,1.00000
equal_p,1352,1.00228,1.00228,1.00228
equal_p,1353,1.05342,1.05342,1.05342
equal_p,1354,1.32002,1.32002,1.03487
equal_p,1355,1.00104,1.00104,1.00104
equal_p,1356,1.14248,1.14248,1.14248
equal_p,1357,1.02818,1.02818,1.02818
equal_p,1358,1.00000,1.00000,1.00000
equal_p,1359,1.30914,1.30914,1.00000
equal_p,1360,1.13281,1.13281,1.06725
equal_p,1361,1.34973,1.34973,1.00000
equal_p,1362,1.00000,1.00000,1.00000
equal_p,1363,1.01019,1.01019,1.01019
equal_p,1364,1.02382,1.02382,1.02382
equal_p,1365,1.41819,1.41819,1.00000
equal_p,1366,1.03039,1.03039,1.03039
equal_p,1367,1.12326,1.12326,1.12326
equal_p,1368,1.25015,1.25015,1.00000
equal_p,1369,1.29609,1.29609,1.00000
equal_p,1370,1.15838,1.15838,1.00689
equal_p,1371,1.22142,1.22142,1.00235
equal_p,1372,1.00485,1.00485,1.00485
equal_p,1373,1.03388,1.03388,1.03388
equal_p,1374,1.00583,1.00583,1.00583
equal_p,1375,1.16273,1.16273,1.00000
equal_p,1376,1.12153,1.12153,1.05887
equal_p,1377,1.01387,1.01387,1.01387
equal_p,1378,1.25667,1.25667,1.00000
equal_p,1379,1.24825,1.24825,1.22910
equal_p,1380,1.00973,1.00973,1.00973
equal_p,1381,1.29955,1.29955,1.10586
equal_p,1382,1.18734,1.18734,1.07370
equal_p,1383,1.09765,1.09765,1.08479
equal_p,1384,1.02573,1.02573,1.02573
equal_p,1385,1.23519,1.23519,1.00000
equal_p,1386,1.31405,1.31405,1.00000
equal_p,1387,1.04361,1.04361,1.00163
equal_p,1388,1.00252,1.00252,1.00252
equal_p,1389,1.02041,1.02041,1.02041
equal_p,1390,1.13535,1.13535,1.13535
equal_p,1391,1.11286,1.11286,1.11286
equal_p,1392,1.08382,1.08382,1.00000
equal_p,1393,1.05285,1.05285,1.00143
equal_p,1394,1.25741,1.25741,1.25741
equal_p,1395,1.27831,1.27831,1.09993
equal_p,1396,1.18889,1.18889,1.00000
equal_p,1397,1.00985,1.00985,1.00985
equal_p,1398,1.00123,1.00123,1.00123
equal_p,1399,1.32102,1.32102,1.00000
equal_p,1400,1.20598,1.20598,1.00000
equal_p,1401,1.05235,1.05235,1.05235
equal_p,1402,1.06904,1.06904,1.06904
equal_p,1403,1.00199,1.00199,1.00199
equal_p,1404,1.16794,1.16794,1.06903
equal_p,1405,1.00000,1.00000,1.00000
equal_p,1406,1.03297,1.03297,1.03297
equal_p,1407,1.00206,1.00206,1.00206
equal_p,1408,1.31163,1.31163,1.00000
equal_p,1409,1.00000,1.00000,1.00000
equal_p,1410,1.01009,1.01009,1.01009
equal_p,1411,1.20048,1.20048,1.00464
equal_p,1412,1.16016,1.16016,1.15906
equal_p,1413,1.04942,1.04942,1.04942
equal_p,1414,1.00000,1.00000,1.00000
equal_p,1415,1.29008,1.29008,1.00000
equal_p,1416,1.10180,1.10180,1.10180
equal_p,1417,1.14800,1.14800,1.08750
equal_p,1418,1.00277,1.00277,1.00277
equal_p,1419,1.00000,1.00000,1.00000
equal_p,1420,1.00000,1.00000,1.00000
equal_p,1421,1.18663,1.18663,1.12598
equal_p,1422,1.00166,1.00166,1.00166
equal_p,1423,1.21702,1.21702,1.00000
equal_p,1424,1.11322,1.11322,1.11322
equal_p,1425,1.04664,1.04664,1.04664
equal_p,1426,1.00268,1.00268,1.00268
equal_p,1427,1.22555,1.22555,1.00000
equal_p,1428,1.03416,1.03416,1.03416
equal_p,1429,1.00000,1.00000,1.00000
equal_p,1430,1.00000,1.00000,1.00000
equal_p,1431,1.13086,1.13086,1.05000
equal_p,1432,1.11626,1.11626,1.11626
equal_p,1433,1.00095,1.00095,1.00095
equal_p,1434,1.00000,1.00000,1.00000
equal_p,1435,1.17684,1.17684,1.04957
equal_p,1436,1.00000,1.00000,1.00000
equal_p,1437,1.10574,1.10574,1.08616
equal_p,1438,1.10194,1.10194,1.10194
equal_p,1439,1.04072,1.04072,1.04072
equal_p,1440,1.02255,1.02255,1.02255
equal_p,1441,1.22755,1.22755,1.06901
equal_p,1442,1.16406,1.16406,1.16406
equal_p,1443,1.09057,1.09057,1.04472
equal_p,1444,1.01685,1.01685,1.01685
equal_p,1445,1.00000,1.00000,1.00000
equal_p,1446,1.00000,1.00000,1.00000
equal_p,1447,1.00000,1.00000,1.00000
equal_p,1448,1.13010,1.13010,1.03693
equal_p,1449,1.13865,1.13865,1.00705
equal_p,1450,1.01478,1.01478,1.01478
equal_p,1451,1.07479,1.07479,1.07479
equal_p,1452,1.00000,1.00000,1.00000
equal_p,1453,1.29492,1.29492,1.08398
equal_p,1454,1.25342,1.25342,1.00545
equal_p,1455,1.01882,1.01882,1.01882
equal_p,1456,1.09815,1.09815,1.09815
equal_p,1457,1.00100,1.00100,1.00100
equal_p,1458,1.03427,1.03427,1.03427
equal_p,1459,1.33502,1.33502,1.00000
equal_p,1460,1.34474,1.34474,1.00000
equal_p,1461,1.22363,1.22363,1.01220
equal_p,1462,1.00473,1.00473,1.00473
equal_p,1463,1.09960,1.09960,1.09960
equal_p,1464,1.16146,1.16146,1.06731
equal_p,1465,1.35487,1.35487,1.00012
equal_p,1466,1.19110,1.19110,1.03438
equal_p,1467,1.22413,1.22413,1.01867
equal_p,1468,1.01851,1.01851,1.01851
equal_p,1469,1.05618,1.05618,1.05618
equal_p,1470,1.06759,1.06759,1.06759
equal_p,1471,1.01079,1.01079,1.01079
equal_p,1472,1.13018,1.13018,1.12703
equal_p,1473,1.26316,1.26316,1.00000
equal_p,1474,1.29301,1.29301,1.11002
equal_p,1475,1.00000,1.00000,1.00000
equal_p,1476,1.00000,1.00000,1.00000
equal_p,1477,1.02972,1.02972,1.02972
equal_p,1478,1.16838,1.16838,1.07106
equal_p,1479,1.02610,1.02610,1.02610
equal_p,1480,1.34251,1.34251,1.00145
equal_p,1481,1.00680,1.00680,1.00680
equal_p,1482,1.12213,1.12213,1.09277
equal_p,1483,1.27680,1.27680,1.00000
equal_p,1484,1.11553,1.11553,1.11553
equal_p,1485,1.00139,1.00139,1.00139
equal_p,1486,1.16059,1.16059,1.16059
equal_p,1487,1.14779,1.14779,1.14779
equal_p,1488,1.21360,1.21360,1.01039
equal_p,1489,1.04842,1.04842,1.04842
equal_p,1490,1.48612,1.48612,1.00000
equal_p,1491,1.29059,1.29059,1.00000
equal_p,1492,1.23189,1.23189,1.00031
equal_p,1493,1.04025,1.04025,1.04025
equal_p,1494,1.20816,1.20816,1.11145
equal_p,1495,1.19788,1.19788,1.00772
equal_p,1496,1.00486,1.00486,1.00486
equal_p,1497,1.00000,1.00000,1.00000
equal_p,1498,1.12938,1.12938,1.12938
equal_p,1499,1.18060,1.18060,1.18060
equal_p,1500,1.07799,1.07799,1.07799
equal_p,1501,1.11313,1.11313,1.11313
equal_p,1502,1.25274,1.25274,1.23090
equal_p,1503,1.25631,1.25631,1.03052
equal_p,1504,1.05806,1.05806,1.02520
equal_p,1505,1.25474,1.25474,1.00000
equal_p,1506,1.25372,1.25372,1.01072
equal_p,1507,1.05218,1.05218,1.05218
equal_p,1508,1.06324,1.06324,1.06324
equal_p,1509,1.24284,1.24284,1.11788
equal_p,1510,1.05954,1.05954,1.05954
equal_p,1511,1.00030,1.00030,1.00030
equal_p,1512,1.10677,1.10677,1.10677
equal_p,1513,1.01945,1.01945,1.01945
equal_p,1514,1.05807,1.05807,1.05807
equal_p,1515,1.27412,1.27412,1.01144
equal_p,1516,1.00018,1.00018,1.00018
equal_p,1517,1.04712,1.04712,1.04712
equal_p,1518,1.02478,1.02478,1.02478
equal_p,1519,1.19130,1.19130,1.04978
equal_p,1520,1.22445,1.22445,1.02227
equal_p,1521,1.21514,1.21514,1.12720
equal_p,1522,1.00000,1.00000,1.00000
equal_p,1523,1.08757,1.08757,1.08757
equal_p,1524,1.15607,1.15607,1.00000
equal_p,1525,1.00043,1.00043,1.00043
equal_p,1526,1.02990,1.02990,1.02990
equal_p,1527,1.06955,1.06955,1.00000
equal_p,1528,1.10278,1.10278,1.10278
equal_p,1529,1.00701,1.00701,1.00701
equal_p,1530,1.23170,1.23170,1.12649
equal_p,1531,1.02897,1.02897,1.02897
equal_p,1532,1.13507,1.13507,1.13507
equal_p,1533,1.01187,1.01187,1.01187
equal_p,1534,1.15066,1.15066,1.04387
equal_p,1535,1.61423,1.61423,1.00000
equal_p,1536,1.14676,1.14676,1.06975
equal_p,1537,1.34404,1.34404,1.00000
equal_p,1538,1.00001,1.00001,1.00001
equal_p,1539,1.29649,1.29649,1.00036
equal_p,1540,1.29831,1.29831,1.00000
equal_p,1541,1.30318,1.30318,1.03529
equal_p,1542,1.00128,1.00128,1.00128
equal_p,1543,1.01528,1.01528,1.01528
equal_p,1544,1.09141,1.09141,1.09141
equal_p,1545,1.08682,1.08682,1.00000
equal_p,1546,1.01384,1.01384,1.01384
equal_p,1547,1.13758,1.13758,1.13758
equal_p,1548,1.00000,1.00000,1.00000
equal_p,1549,1.02511,1.02511,1.02511
equal_p,1550,1.12746,1.12746,1.06291
equal_p,1551,1.22158,1.22158,1.00000
equal_p,1552,1.23541,1.23541,1.00000
equal_p,1553,1.00000,1.00000,1.00000
equal_p,1554,1.00067,1.00067,1.00067
equal_p,1555,1.01310,1.01310,1.01310
equal_p,1556,1.26184,1.26184,1.00000
equal_p,1557,1.05336,1.05336,1.05336
equal_p,1558,1.08956,1.08956,1.08956
equal_p,1559,1.20047,1.20047,1.04860
equal_p,1560,1.05501,1.05501,1.05501
equal_p,1561,1.38498,1.38498,1.00000
equal_p,1562,1.03205,1.03205,1.03205
equal_p,1563,1.18869,1.18869,1.15271
equal_p,1564,1.00000,1.00000,1.00000
equal_p,1565,1.20723,1.20723,1.00823
equal_p,1566,1.23810,1.23810,1.19628
equal_p,1567,1.00000,1.00000,1.00000
equal_p,1568,1.08193,1.08193,1.08193
equal_p,1569,1.11070,1.11070,1.04293
equal_p,1570,1.22034,1.22034,1.22034
equal_p,1571,1.14746,1.14746,1.14746
equal_p,1572,1.22390,1.22390,1.01248
equal_p,1573,1.19887,1.19887,1.19887
equal_p,1574,1.00000,1.00000,1.00000
equal_p,1575,1.02103,1.02103,1.02103
equal_p,1576,1.13306,1.13306,1.13306
equal_p,1577,1.02695,1.02695,1.02695
equal_p,1578,1.03023,1.03023,1.03023
equal_p,1579,1.13957,1.13957,1.00000
equal_p,1580,1.00121,1.00121,1.00121
equal_p,1581,1.00000,1.00000,1.00000
equal_p,1582,1.22778,1.22778,1.18640
equal_p,1583,1.02294,1.02294,1.02294
equal_p,1584,1.00000,1.00000,1.00000
equal_p,1585,1.07040,1.07040,1.07040
equal_p,1586,1.00328,1.00328,1.00328
equal_p,1587,1.00000,1.00000,1.00000
equal_p,1588,1.23825,1.23825,1.00000
equal_p,1589,1.23534,1.23534,1.00000
equal_p,1590,1.03573,1.03573,1.03573
equal_p,1591,1.00094,1.00094,1.00094
equal_p,1592,1.32245,1.32245,1.00000
equal_p,1593,1.04270,1.04270,1.04270
equal_p,1594,1.05452,1.05452,1.05452
equal_p,1595,1.27820,1.27820,1.00604
equal_p,1596,1.00000,1.00000,1.00000
equal_p,1597,1.00368,1.00368,1.00368
equal_p,1598,1.00000,1.00000,1.00000
equal_p,1599,1.02977,1.02977,1.02977
equal_p,1600,1.21962,1.21962,1.02495
equal_p,1601,1.29136,1.29136,1.00123
equal_p,1602,1.07449,1.07449,1.07449
equal_p,1603,1.38571,1.38571,1.03085
equal_p,1604,1.44812,1.44812,1.00007
equal_p,1605,1.21372,1.21372,1.21372
equal_p,1606,1.38036,1.38036,1.00000
equal_p,1607,1.00683,1.00683,1.00683
equal_p,1608,1.18819,1.18819,1.03621
equal_p,1609,1.00005,1.00005,1.00005
equal_p,1610,1.00206,1.00206,1.00206
equal_p,1611,1.07711,1.07711,1.07711
equal_p,1612,1.15383,1.15383,1.15383
equal_p,1613,1.00000,1.00000,1.00000
equal_p,1614,1.00000,1.00000,1.00000
equal_p,1615,1.12991,1.12991,1.12991
equal_p,1616,1.21807,1.21807,1.00000
equal_p,1617,1.34893,1.34893,1.00000
equal_p,1618,1.00530,1.00530,1.00530
equal_p,1619,1.13260,1.13260,1.13260
equal_p,1620,1.00000,1.00000,1.00000
equal_p,1621,1.09310,1.09310,1.09310
equal_p,1622,1.00134,1.00134,1.00134
equal_p,1623,1.01141,1.01141,1.01141
equal_p,1624,1.15052,1.15052,1.15052
equal_p,1625,1.08425,1.08425,1.08425
equal_p,1626,1.00069,1.00069,1.00069
equal_p,1627,1.00389,1.00389,1.00389
equal_p,1628,1.26825,1.26825,1.00000
equal_p,1629,1.00000,1.00000,1.00000
equal_p,1630,1.23703,1.23703,1.00000
equal_p,1631,1.13234,1.13234,1.10286
equal_p,1632,1.00023,1.00023,1.00023
equal_p,1633,1.02423,1.02423,1.02423
equal_p,1634,1.08177,1.08177,1.08177
equal_p,1635,1.32764,1.32764,1.00000
equal_p,1636,1.19354,1.19354,1.00046
equal_p,1637,1.00087,1.00087,1.00087
equal_p,1638,1.07288,1.07288,1.07288
equal_p,1639,1.35305,1.35305,1.00000
equal_p,1640,1.00318,1.00318,1.00318
equal_p,1641,1.01838,1.01838,1.01838
equal_p,1642,1.06971,1.06971,1.06971
equal_p,1643,1.22620,1.22620,1.22620
equal_p,1644,1.00000,1.00000,1.00000
equal_p,1645,1.25371,1.25371,1.00000
equal_p,1646,1.00000,1.00000,1.00000
equal_p,1647,1.21079,1.21079,1.00025
equal_p,1648,1.29070,1.29070,1.00000
equal_p,1649,1.20472,1.20472,1.05888
equal_p,1650,1.08844,1.08844,1.08844
equal_p,1651,1.28020,1.28020,1.24408
equal_p,1652,1.22440,1.22440,1.00000
equal_p,1653,1.00000,1.00000,1.00000
equal_p,1654,1.02989,1.02989,1.02989
equal_p,1655,1.12397,1.12397,1.02484
equal_p,1656,1.03975,1.03975,1.03975
equal_p,1657,1.16829,1.16829,1.03171
equal_p,1658,1.00000,1.00000,1.00000
equal_p,1659,1.01463,1.01463,1.01463
equal_p,1660,1.15569,1.15569,1.15569
equal_p,1661,1.39391,1.39391,1.03360
equal_p,1662,1.02385,1.02385,1.02385
equal_p,1663,1.21770,1.21770,1.11878
equal_p,1664,1.24591,1.24591,1.00000
equal_p,1665,1.01848,1.01848,1.01848
equal_p,1666,1.00477,1.00477,1.00477
equal_p,1667,1.07021,1.07021,1.07021
equal_p,1668,1.25627,1.25627,1.08811
equal_p,1669,1.01493,1.01493,1.01493
equal_p,1670,1.00439,1.00439,1.00439
equal_p,1671,1.04835,1.04835,1.04835
equal_p,1672,1.00573,1.00573,1.00573
equal_p,1673,1.25829,1.25829,1.00000
equal_p,1674,1.05978,1.05978,1.05978
equal_p,1675,1.09683,1.09683,1.09683
equal_p,1676,1.00277,1.00277,1.00277
equal_p,1677,1.00000,1.00000,1.00000
equal_p,1678,1.00000,1.00000,1.00000
equal_p,1679,1.00000,1.00000,1.00000
equal_p,1680,1.35676,1.35676,1.00000
equal_p,1681,1.19725,1.19725,1.10849
equal_p,1682,1.00000,1.00000,1.00000
equal_p,1683,1.00000,1.00000,1.00000
equal_p,1684,1.04038,1.04038,1.04038
equal_p,1685,1.10456,1.10456,1.01186
equal_p,1686,1.00793,1.00793,1.00793
equal_p,1687,1.55067,1.55067,1.00178
equal_p,1688,1.00141,1.00141,1.00141
equal_p,1689,1.10357,1.10357,1.09518
equal_p,1690,1.08685,1.08685,1.08685
equal_p,1691,1.00000,1.00000,1.00000
equal_p,1692,1.01347,1.01347,1.01347
equal_p,1693,1.18357,1.18357,1.00000
equal_p,1694,1.09029,1.09029,1.08607
equal_p,1695,1.22945,1.22945,1.00000
equal_p,1696,1.16049,1.16049,1.16049
equal_p,1697,1.00625,1.00625,1.00625
equal_p,1698,1.39833,1.39833,1.00000
equal_p,1699,1.03015,1.03015,1.03015
equal_p,1700,1.01029,1.01029,1.01029
equal_p,1701,1.01476,1.01476,1.01476
equal_p,1702,1.02231,1.02231,1.02231
equal_p,1703,1.05241,1.05241,1.05241
equal_p,1704,1.48975,1.48975,1.00000
equal_p,1705,1.02637,1.02637,1.02637
equal_p,1706,1.00978,1.00978,1.00978
equal_p,1707,1.19788,1.19788,1.00145
equal_p,1708,1.28304,1.28304,1.00052
equal_p,1709,1.05464,1.05464,1.05022
equal_p,1710,1.14836,1.14836,1.05803
equal_p,1711,1.01460,1.01460,1.01460
equal_p,1712,1.00154,1.00154,1.00154
equal_p,1713,1.00011,1.00011,1.00011
equal_p,1714,1.06042,1.06042,1.06042
equal_p,1715,1.05253,1.05253,1.05253
equal_p,1716,1.12392,1.12392,1.12392
equal_p,1717,1.20689,1.20689,1.20689
equal_p,1718,1.00000,1.00000,1.00000
equal_p,1719,1.16429,1.16429,1.16429
equal_p,1720,1.02239,1.02239,1.02239
equal_p,1721,1.20654,1.20654,1.00145
equal_p,1722,1.26936,1.26936,1.00000
equal_p,1723,1.07038,1.07038,1.07038
equal_p,1724,1.00000,1.00000,1.00000
equal_p,1725,1.23099,1.23099,1.01272
equal_p,1726,1.01221,1.01221,1.01221
equal_p,1727,1.02173,1.02173,1.02173
equal_p,1728,1.59500,1.59500,1.00000
equal_p,1729,1.22583,1.22583,1.00000
equal_p,1730,1.35355,1.35355,1.00051
equal_p,1731,1.01228,1.01228,1.01228
equal_p,1732,1.07062,1.07062,1.07062
equal_p,1733,1.02998,1.02998,1.02998
equal_p,1734,1.02360,1.02360,1.02360
equal_p,1735,1.04540,1.04540,1.04540
equal_p,1736,1.12826,1.12826,1.01075
equal_p,1737,1.06981,1.06981,1.06981
equal_p,1738,1.12300,1.12300,1.10516
equal_p,1739,1.42168,1.42168,1.00000
equal_p,1740,1.47853,1.47853,1.00000
equal_p,1741,1.16728,1.16728,1.00906
equal_p,1742,1.01180,1.01180,1.01180
equal_p,1743,1.25024,1.25024,1.00000
equal_p,1744,1.20775,1.20775,1.18678
equal_p,1745,1.32485,1.32485,1.00213
equal_p,1746,1.17577,1.17577,1.09805
equal_p,1747,1.09172,1.09172,1.00646
equal_p,1748,1.27737,1.27737,1.00000
equal_p,1749,1.00005,1.00005,1.00005
equal_p,1750,1.03259,1.03259,1.03259
equal_p,1751,1.40020,1.40020,1.00117
equal_p,1752,1.00438,1.00438,1.00438
equal_p,1753,1.00000,1.00000,1.00000
equal_p,1754,1.12382,1.12382,1.12382
equal_p,1755,1.14865,1.14865,1.00357
equal_p,1756,1.00000,1.00000,1.00000
equal_p,1757,1.12797,1.12797,1.10085
equal_p,1758,1.00000,1.00000,1.00000
equal_p,1759,1.00620,1.00620,1.00620
equal_p,1760,1.07726,1.07726,1.07726
equal_p,1761,1.03990,1.03990,1.03990
equal_p,1762,1.00398,1.00398,1.00398
equal_p,1763,1.05434,1.05434,1.05434
equal_p,1764,1.00000,1.00000,1.00000
equal_p,1765,1.08700,1.08700,1.08700
equal_p,1766,1.28778,1.28778,1.00000
equal_p,1767,1.00000,1.00000,1.00000
equal_p,1768,1.02332,1.02332,1.02332
equal_p,1769,1.00000,1.00000,1.00000
equal_p,1770,1.41702,1.41702,1.00015
equal_p,1771,1.00002,1.00002,1.00002
equal_p,1772,1.00000,1.00000,1.00000
equal_p,1773,1.31745,1.31745,1.00005
equal_p,1774,1.05904,1.05904,1.05904
equal_p,1775,1.06320,1.06320,1.06320
equal_p,1776,1.09430,1.09430,1.09430
equal_p,1777,1.00000,1.00000,1.00000
equal_p,1778,1.01828,1.01828,1.01828
equal_p,1779,1.36500,1.36500,1.00000
equal_p,1780,1.00260,1.00260,1.00260
equal_p,1781,1.07314,1.07314,1.07314
equal_p,1782,1.00886,1.00886,1.00886
equal_p,1783,1.01571,1.01571,1.01571
equal_p,1784,1.06325,1.06325,1.06325
equal_p,1785,1.22338,1.22338,1.02162
equal_p,1786,1.16304,1.16304,1.02235
equal_p,1787,1.01855,1.01855,1.01855
equal_p,1788,1.10418,1.10418,1.06868
equal_p,1789,1.41873,1.41873,1.00530
equal_p,1790,1.32329,1.32329,1.00000
equal_p,1791,1.00000,1.00000,1.00000
equal_p,1792,1.26843,1.26843,1.26843
equal_p,1793,1.30809,1.30809,1.00000
equal_p,1794,1.04689,1.04689,1.04689
equal_p,1795,1.00992,1.00992,1.00992
equal_p,1796,1.13106,1.13106,1.05874
equal_p,1797,1.00000,1.00000,1.00000
equal_p,1798,1.00001,1.00001,1.00001
equal_p,1799,1.27195,1.27195,1.07980
equal_p,1800,1.21361,1.21361,1.00000
equal_p,1801,1.03192,1.03192,1.03192
equal_p,1802,1.06616,1.06616,1.06616
equal_p,1803,1.00000,1.00000,1.00000
equal_p,1804,1.04588,1.04588,1.04588
equal_p,1805,1.03407,1.03407,1.03407
equal_p,1806,1.00183,1.00183,1.00183
equal_p,1807,1.01273,1.01273,1.01273
equal_p,1808,1.00118,1.00118,1.00118
equal_p,1809,1.18560,1.18560,1.01307
equal_p,1810,1.26439,1.26439,1.06797
equal_p,1811,1.00000,1.00000,1.00000
equal_p,1812,1.00000,1.00000,1.00000
equal_p,1813,1.09839,1.09839,1.02785
equal_p,1814,1.13903,1.13903,1.00992
equal_p,1815,1.02516,1.02516,1.02516
equal_p,1816,1.01610,1.01610,1.01610
equal_p,1817,1.00000,1.00000,1.00000
equal_p,1818,1.01308,1.01308,1.01308
equal_p,1819,1.02417,1.02417,1.02417
equal_p,1820,1.00000,1.00000,1.00000
equal_p,1821,1.32432,1.32432,1.00000
equal_p,1822,1.08080,1.08080,1.08080
equal_p,1823,1.01224,1.01224,1.01224
equal_p,1824,1.16433,1.16433,1.13803
equal_p,1825,1.03162,1.03162,1.03162
equal_p,1826,1.08581,1.08581,1.08581
equal_p,1827,1.07602,1.07602,1.07602
equal_p,1828,1.00986,1.00986,1.00986
equal_p,1829,1.00000,1.00000,1.00000
equal_p,1830,1.22222,1.22222,1.00000
equal_p,1831,1.04202,1.04202,1.04202
equal_p,1832,1.04636,1.04636,1.04636
equal_p,1833,1.05654,1.05654,1.05654
equal_p,1834,1.00000,1.00000,1.00000
equal_p,1835,1.04800,1.04800,1.04800
equal_p,1836,1.00899,1.00899,1.00899
equal_p,1837,1.07184,1.07184,1.07184
equal_p,1838,1.00000,1.00000,1.00000
equal_p,1839,1.07597,1.07597,1.04750
equal_p,1840,1.00047,1.00047,1.00047
equal_p,1841,1.13118,1.13118,1.13118
equal_p,1842,1.07741,1.07741,1.07741
equal_p,1843,1.04418,1.04418,1.04418
equal_p,1844,1.00000,1.00000,1.00000
equal_p,1845,1.00171,1.00171,1.00171
equal_p,1846,1.26532,1.26532,1.00201
equal_p,1847,1.09893,1.09893,1.09893
equal_p,1848,1.12605,1.12605,1.05601
equal_p,1849,1.16543,1.16543,1.16543
equal_p,1850,1.06791,1.06791,1.02293
equal_p,1851,1.26484,1.26484,1.01318
equal_p,1852,1.24549,1.24549,1.00000
equal_p,1853,1.00000,1.00000,1.00000
equal_p,1854,1.08401,1.08401,1.08401
equal_p,1855,1.16929,1.16929,1.16929
equal_p,1856,1.16217,1.16217,1.16217
equal_p,1857,1.00450,1.00450,1.00450
equal_p,1858,1.00018,1.00018,1.00018
equal_p,1859,1.09311,1.09311,1.09311
equal_p,1860,1.03527,1.03527,1.03527
equal_p,1861,1.06354,1.06354,1.03816
equal_p,1862,1.55036,1.55036,1.00000
equal_p,1863,1.30245,1.30245,1.00000
equal_p,1864,1.00360,1.00360,1.00360
equal_p,1865,1.00000,1.00000,1.00000
equal_p,1866,1.35914,1.35914,1.00000
equal_p,1867,1.00000,1.00000,1.00000
equal_p,1868,1.20341,1.20341,1.00000
equal_p,1869,1.31119,1.31119,1.00000
equal_p,1870,1.03789,1.03789,1.03789
equal_p,1871,1.32400,1.32400,1.00158
equal_p,1872,1.01293,1.01293,1.01293
equal_p,1873,1.11195,1.11195,1.11195
equal_p,1874,1.01068,1.01068,1.01068
equal_p,1875,1.31265,1.31265,1.00000
equal_p,1876,1.00000,1.00000,1.00000
equal_p,1877,1.03245,1.03245,1.03245
equal_p,1878,1.06144,1.06144,1.06144
equal_p,1879,1.23932,1.23932,1.00656
equal_p,1880,1.18846,1.18846,1.00271
equal_p,1881,1.24484,1.24484,1.06384
equal_p,1882,1.21967,1.21967,1.00604
equal_p,1883,1.00319,1.00319,1.00319
equal_p,1884,1.07265,1.07265,1.07265
equal_p,1885,1.31364,1.31364,1.00000
equal_p,1886,1.09315,1.09315,1.09315
equal_p,1887,1.09279,1.09279,1.03421
equal_p,1888,1.20460,1.20460,1.00000
equal_p,1889,1.04503,1.04503,1.04503
equal_p,1890,1.05169,1.05169,1.05169
equal_p,1891,1.35217,1.35217,1.00000
equal_p,1892,1.00000,1.00000,1.00000
equal_p,1893,1.00201,1.00201,1.00201
equal_p,1894,1.00000,1.00000,1.00000
equal_p,1895,1.00000,1.00000,1.00000
equal_p,1896,1.00000,1.00000,1.00000
equal_p,1897,1.22660,1.22660,1.11400
equal_p,1898,1.33878,1.33878,1.00070
equal_p,1899,1.22062,1.22062,1.00098
equal_p,1900,1.26733,1.26733,1.00000
equal_p,1901,1.00000,1.00000,1.00000
equal_p,1902,1.00000,1.00000,1.00000
equal_p,1903,1.01703,1.01703,1.01703
equal_p,1904,1.00214,1.00214,1.00214
equal_p,1905,1.31751,1.31751,1.00645
equal_p,1906,1.19215,1.19215,1.05820
equal_p,1907,1.07626,1.07626,1.07626
equal_p,1908,1.13660,1.13660,1.13660
equal_p,1909,1.26760,1.26760,1.00000
equal_p,1910,1.00000,1.00000,1.00000
equal_p,1911,1.11827,1.11827,1.11827
equal_p,1912,1.12820,1.12820,1.12820
equal_p,1913,1.02225,1.02225,1.02225
equal_p,1914,1.00755,1.00755,1.00755
equal_p,1915,1.21217,1.21217,1.00037
equal_p,1916,1.31142,1.31142,1.00000
equal_p,1917,1.01485,1.01485,1.01485
equal_p,1918,1.15670,1.15670,1.15670
equal_p,1919,1.15681,1.15681,1.15681
equal_p,1920,1.00259,1.00259,1.00259
equal_p,1921,1.01324,1.01324,1.01324
equal_p,1922,1.00009,1.00009,1.00009
equal_p,1923,1.21197,1.21197,1.00000
equal_p,1924,1.28590,1.28590,1.00000
equal_p,1925,1.31670,1.31670,1.00000
equal_p,1926,1.21052,1.21052,1.21052
equal_p,1927,1.04563,1.04563,1.04563
equal_p,1928,1.31567,1.31567,1.00000
equal_p,1929,1.00000,1.00000,1.00000
equal_p,1930,1.06739,1.06739,1.06739
equal_p,1931,1.30258,1.30258,1.00000
equal_p,1932,1.13320,1.13320,1.04766
equal_p,1933,1.25590,1.25590,1.00009
equal_p,1934,1.28185,1.28185,1.00449
equal_p,1935,1.23412,1.23412,1.02512
equal_p,1936,1.00651,1.00651,1.00651
equal_p,1937,1.00861,1.00861,1.00861
equal_p,1938,1.10377,1.10377,1.10377
equal_p,1939,1.00000,1.00000,1.00000
equal_p,1940,1.01386,1.01386,1.01386
equal_p,1941,1.01309,1.01309,1.01309
equal_p,1942,1.01984,1.01984,1.01984
equal_p,1943,1.00469,1.00469,1.00469
equal_p,1944,1.00000,1.00000,1.00000
equal_p,1945,1.00000,1.00000,1.00000
equal_p,1946,1.00000,1.00000,1.00000
equal_p,1947,1.03161,1.03161,1.03161
equal_p,1948,1.03640,1.03640,1.03640
equal_p,1949,1.05612,1.05612,1.05612
equal_p,1950,1.09724,1.09724,1.09724
equal_p,1951,1.07261,1.07261,1.07261
equal_p,1952,1.05199,1.05199,1.05199
equal_p,1953,1.00000,1.00000,1.00000
equal_p,1954,1.18100,1.18100,1.01024
equal_p,1955,1.10845,1.10845,1.10845
equal_p,1956,1.00143,1.00143,1.00143
equal_p,1957,1.22129,1.22129,1.13417
equal_p,1958,1.14746,1.14746,1.14746
equal_p,1959,1.00022,1.00022,1.00022
equal_p,1960,1.22219,1.22219,1.00523
equal_p,1961,1.05237,1.05237,1.05237
equal_p,1962,1.13421,1.13421,1.13421
equal_p,1963,1.18569,1.18569,1.18569
equal_p,1964,1.16109,1.16109,1.00000
equal_p,1965,1.00000,1.00000,1.00000
equal_p,1966,1.04151,1.04151,1.04151
equal_p,1967,1.10853,1.10853,1.10853
equal_p,1968,1.00000,1.00000,1.00000
equal_p,1969,1.29633,1.29633,1.00327
equal_p,1970,1.16777,1.16777,1.00639
equal_p,1971,1.01537,1.01537,1.01537
equal_p,1972,1.06646,1.06646,1.06646
equal_p,1973,1.07186,1.07186,1.07186
equal_p,1974,1.00000,1.00000,1.00000
equal_p,1975,1.28669,1.28669,1.00000
equal_p,1976,1.10193,1.10193,1.08897
equal_p,1977,1.00000,1.00000,1.00000
equal_p,1978,1.01063,1.01063,1.01063
equal_p,1979,1.59155,1.59155,1.00018
equal_p,1980,1.00017,1.00017,1.00017
equal_p,1981,1.06071,1.06071,1.06071
equal_p,1982,1.25424,1.25424,1.00062
equal_p,1983,1.00000,1.00000,1.00000
equal_p,1984,1.00124,1.00124,1.00124
equal_p,1985,1.08249,1.08249,1.04119
equal_p,1986,1.00305,1.00305,1.00305
equal_p,1987,1.12774,1.12774,1.04637
equal_p,1988,1.12464,1.12464,1.12464
equal_p,1989,1.13144,1.13144,1.06083
equal_p,1990,1.35202,1.35202,1.01074
equal_p,1991,1.26580,1.26580,1.26580
equal_p,1992,1.02411,1.02411,1.02411
equal_p,1993,1.05268,1.05268,1.05268
equal_p,1994,1.00000,1.00000,1.00000
equal_p,1995,1.18617,1.18617,1.07458
equal_p,1996,1.01168,1.01168,1.01168
equal_p,1997,1.03549,1.03549,1.03549
equal_p,1998,1.21883,1.21883,1.00000
equal_p,1999,1.13083,1.13083,1.13083
equal_p,2000,1.00000,1.00000,1.00000
equal_p,2001,1.00000,1.00000,1.00000
equal_p,2002,1.00000,1.00000,1.00000
equal_p,2003,1.00377,1.00377,1.00377
equal_p,2004,1.24758,1.24758,1.00000
equal_p,2005,1.02367,1.02367,1.02367
equal_p,2006,1.00117,1.00117,1.00117
equal_p,2007,1.21776,1.21776,1.00000
equal_p,2008,1.08645,1.08645,1.08645
equal_p,2009,1.00014,1.00014,1.00014
equal_p,2010,1.16501,1.16501,1.03781
equal_p,2011,1.12835,1.12835,1.00000
equal_p,2012,1.00873,1.00873,1.00873
equal_p,2013,1.00000,1.00000,1.00000
equal_p,2014,1.09298,1.09298,1.04858
equal_p,2015,1.01725,1.01725,1.01725
equal_p,2016,1.08356,1.08356,1.08356
equal_p,2017,1.18451,1.18451,1.18451
equal_p,2018,1.16239,1.16239,1.12121
equal_p,2019,1.12059,1.12059,1.12059
equal_p,2020,1.32485,1.32485,1.00000
equal_p,2021,1.00202,1.00202,1.00202
equal_p,2022,1.01726,1.01726,1.01726
equal_p,2023,1.02609,1.02609,1.02609
equal_p,2024,1.07972,1.07972,1.00000
equal_p,2025,1.06492,1.06492,1.00000
equal_p,2026,1.42865,1.42865,1.00027
equal_p,2027,1.01538,1.01538,1.01538
equal_p,2028,1.28985,1.28985,1.00000
equal_p,2029,1.02544,1.02544,1.02544
equal_p,2030,1.06707,1.06707,1.06707
equal_p,2031,1.00147,1.00147,1.00147
equal_p,2032,1.02001,1.02001,1.02001
equal_p,2033,1.24669,1.24669,1.00041
equal_p,2034,1.34098,1.34098,1.00000
equal_p,2035,1.04285,1.04285,1.04285
equal_p,2036,1.06896,1.06896,1.06896
equal_p,2037,1.05128,1.05128,1.05128
equal_p,2038,1.15659,1.15659,1.15659
equal_p,2039,1.09239,1.09239,1.08447
equal_p,2040,1.04311,1.04311,1.04311
equal_p,2041,1.17708,1.17708,1.17708
equal_p,2042,1.00000,1.00000,1.00000
equal_p,2043,1.03772,1.03772,1.03772
equal_p,2044,1.10140,1.10140,1.10140
equal_p,2045,1.11450,1.11450,1.11450
equal_p,2046,1.17758,1.17758,1.17758
equal_p,2047,1.00215,1.00215,1.00215
equal_p,2048,1.02052,1.02052,1.02052
equal_p,2049,1.15835,1.15835,1.00000
equal_p,2050,1.04190,1.04190,1.04190
equal_p,2051,1.00774,1.00774,1.00774
equal_p,2052,1.00237,1.00237,1.00237
equal_p,2053,1.01691,1.01691,1.01691
equal_p,2054,1.00511,1.00511,1.00511
equal_p,2055,1.07956,1.07956,1.07956
equal_p,2056,1.37903,1.37903,1.00000
equal_p,2057,1.30141,1.30141,1.00000
equal_p,2058,1.02208,1.02208,1.02208
equal_p,2059,1.00292,1.00292,1.00292
equal_p,2060,1.07923,1.07923,1.07923
equal_p,2061,1.25275,1.25275,1.12450
equal_p,2062,1.08587,1.08587,1.08587
equal_p,2063,1.00000,1.00000,1.00000
equal_p,2064,1.44872,1.44872,1.00000
equal_p,2065,1.04099,1.04099,1.04099
equal_p,2066,1.09161,1.09161,1.09161
equal_p,2067,1.08201,1.08201,1.08201
equal_p,2068,1.05342,1.05342,1.00000
equal_p,2069,1.33588,1.33588,1.00000
equal_p,2070,1.00000,1.00000,1.00000
equal_p,2071,1.33260,1.33260,1.00000
equal_p,2072,1.28374,1.28374,1.00051
equal_p,2073,1.15063,1.15063,1.00000
equal_p,2074,1.30135,1.30135,1.00000
equal_p,2075,1.05795,1.05795,1.05795
equal_p,2076,1.28861,1.28861,1.00000
equal_p,2077,1.00000,1.00000,1.00000
equal_p,2078,1.00000,1.00000,1.00000
equal_p,2079,1.12310,1.12310,1.12310
equal_p,2080,1.00000,1.00000,1.00000
equal_p,2081,1.22734,1.22734,1.00189
equal_p,2082,1.01394,1.01394,1.01394
equal_p,2083,1.01744,1.01744,1.01744
equal_p,2084,1.04289,1.04289,1.04289
equal_p,2085,1.04443,1.04443,1.04443
equal_p,2086,1.40671,1.40671,1.00000
equal_p,2087,1.00637,1.00637,1.00637
equal_p,2088,1.06679,1.06679,1.05841
equal_p,2089,1.08180,1.08180,1.08180
equal_p,2090,1.12968,1.12968,1.00629
equal_p,2091,1.00000,1.00000,1.00000
equal_p,2092,1.19964,1.19964,1.01060
equal_p,2093,1.06705,1.06705,1.06705
equal_p,2094,1.18093,1.18093,1.18093
equal_p,2095,1.00000,1.00000,1.00000
equal_p,2096,1.00166,1.00166,1.00166
equal_p,2097,1.02337,1.02337,1.02337
equal_p,2098,1.00000,1.00000,1.00000
equal_p,2099,1.12044,1.12044,1.00000
equal_p,2100,1.00009,1.00009,1.00009
equal_p,2101,1.09805,1.09805,1.09805
equal_p,2102,1.03067,1.03067,1.03067
equal_p,2103,1.00356,1.00356,1.00356
equal_p,2104,1.12617,1.12617,1.12617
equal_p,2105,1.12838,1.12838,1.07944
equal_p,2106,1.11193,1.11193,1.11193
equal_p,2107,1.08324,1.08324,1.00000
equal_p,2108,1.03152,1.03152,1.03152
equal_p,2109,1.25409,1.25409,1.00000
equal_p,2110,1.00000,1.00000,1.00000
equal_p,2111,1.28777,1.28777,1.00003
equal_p,2112,1.00091,1.00091,1.00091
equal_p,2113,1.00000,1.00000,1.00000
equal_p,2114,1.36483,1.36483,1.00000
equal_p,2115,1.28817,1.28817,1.01962
equal_p,2116,1.28098,1.28098,1.01197
equal_p,2117,1.09969,1.09969,1.09969
equal_p,2118,1.27440,1.27440,1.00000
equal_p,2119,1.00730,1.00730,1.00730
equal_p,2120,1.19860,1.19860,1.12609
equal_p,2121,1.04402,1.04402,1.03716
equal_p,2122,1.08250,1.08250,1.08250
equal_p,2123,1.03638,1.03638,1.03638
equal_p,2124,1.00009,1.00009,1.00009
equal_p,2125,1.03979,1.03979,1.03979
equal_p,2126,1.00943,1.00943,1.00943
equal_p,2127,1.02886,1.02886,1.02886
equal_p,2128,1.00000,1.00000,1.00000
equal_p,2129,1.08771,1.08771,1.08771
equal_p,2130,1.03388,1.03388,1.03388
equal_p,2131,1.38008,1.38008,1.00000
equal_p,2132,1.00750,1.00750,1.00750
equal_p,2133,1.00025,1.00025,1.00025
equal_p,2134,1.17754,1.17754,1.04211
equal_p,2135,1.09901,1.09901,1.09901
equal_p,2136,1.33320,1.33320,1.00000
equal_p,2137,1.31023,1.31023,1.00000
equal_p,2138,1.00097,1.00097,1.00097
equal_p,2139,1.00092,1.00092,1.00092
equal_p,2140,1.19865,1.19865,1.16157
equal_p,2141,1.25414,1.25414,1.00000
equal_p,2142,1.08095,1.08095,1.08095
equal_p,2143,1.00000,1.00000,1.00000
equal_p,2144,1.00000,1.00000,1.00000
equal_p,2145,1.35324,1.35324,1.02251
equal_p,2146,1.10676,1.10676,1.10676
equal_p,2147,1.42590,1.42590,1.00000
equal_p,2148,1.07446,1.07446,1.07446
equal_p,2149,1.30055,1.30055,1.30055
equal_p,2150,1.25863,1.25863,1.00000
equal_p,2151,1.03159,1.03159,1.03159
equal_p,2152,1.34470,1.34470,1.00000
equal_p,2153,1.35484,1.35484,1.02807
equal_p,2154,1.05443,1.05443,1.05443
equal_p,2155,1.00177,1.00177,1.00177
equal_p,2156,1.33568,1.33568,1.00000
equal_p,2157,1.17294,1.17294,1.15608
equal_p,2158,1.11840,1.11840,1.00442
equal_p,2159,1.01096,1.01096,1.01096
equal_p,2160,1.06208,1.06208,1.06208
equal_p,2161,1.04363,1.04363,1.04363
equal_p,2162,1.15262,1.15262,1.05133
equal_p,2163,1.00108,1.00108,1.00108
equal_p,2164,1.08962,1.08962,1.08962
equal_p,2165,1.01093,1.01093,1.01093
equal_p,2166,1.00930,1.00930,1.00930
equal_p,2167,1.03206,1.03206,1.03206
equal_p,2168,1.14128,1.14128,1.14128
equal_p,2169,1.00000,1.00000,1.00000
equal_p,2170,1.00000,1.00000,1.00000
equal_p,2171,1.05405,1.05405,1.05405
equal_p,2172,1.12423,1.12423,1.12423
equal_p,2173,1.00000,1.00000,1.00000
equal_p,2174,1.00754,1.00754,1.00754
equal_p,2175,1.00000,1.00000,1.00000
equal_p,2176,1.11609,1.11609,1.11609
equal_p,2177,1.25765,1.25765,1.10902
equal_p,2178,1.18334,1.18334,1.03337
equal_p,2179,1.13470,1.13470,1.09812
equal_p,2180,1.01434,1.01434,1.01434
equal_p,2181,1.00000,1.00000,1.00000
equal_p,2182,1.34150,1.34150,1.00000
equal_p,2183,1.21976,1.21976,1.00619
equal_p,2184,1.16820,1.16820,1.05476
equal_p,2185,1.00511,1.00511,1.00511
equal_p,2186,1.19282,1.19282,1.06792
equal_p,2187,1.16423,1.16423,1.16423
equal_p,2188,1.05445,1.05445,1.05445
equal_p,2189,1.09624,1.09624,1.00000
equal_p,2190,1.15796,1.15796,1.15796
equal_p,2191,1.11135,1.11135,1.11135
equal_p,2192,1.10945,1.10945,1.07310
equal_p,2193,1.16827,1.16827,1.16827
equal_p,2194,1.00000,1.00000,1.00000
equal_p,2195,1.06055,1.06055,1.06055
equal_p,2196,1.10172,1.10172,1.01945
equal_p,2197,1.09186,1.09186,1.09186
equal_p,2198,1.37705,1.37705,1.00000
equal_p,2199,1.14391,1.14391,1.10560
equal_p,2200,1.00936,1.00936,1.00936
equal_p,2201,1.03385,1.03385,1.03385
equal_p,2202,1.05937,1.05937,1.05937
equal_p,2203,1.23861,1.23861,1.12897
equal_p,2204,1.13102,1.13102,1.07290
equal_p,2205,1.00008,1.00008,1.00008
equal_p,2206,1.01575,1.01575,1.01575
equal_p,2207,1.11982,1.11982,1.10024
equal_p,2208,1.60928,1.60928,1.00000
equal_p,2209,1.13582,1.13582,1.12752
equal_p,2210,1.17549,1.17549,1.00000
equal_p,2211,1.09800,1.09800,1.09800
equal_p,2212,1.00000,1.00000,1.00000
equal_p,2213,1.13053,1.13053,1.13053
equal_p,2214,1.00000,1.00000,1.00000
equal_p,2215,1.00000,1.00000,1.00000
equal_p,2216,1.21063,1.21063,1.00000
equal_p,2217,1.03022,1.03022,1.03022
equal_p,2218,1.14794,1.14794,1.01364
equal_p,2219,1.00064,1.00064,1.00064
equal_p,2220,1.00000,1.00000,1.00000
equal_p,2221,1.09553,1.09553,1.09553
equal_p,2222,1.08729,1.08729,1.08729
equal_p,2223,1.00000,1.00000,1.00000
equal_p,2224,1.17952,1.17952,1.07550
equal_p,2225,1.03519,1.03519,1.03519
equal_p,2226,1.00000,1.00000,1.00000
equal_p,2227,1.09445,1.09445,1.09445
equal_p,2228,1.12753,1.12753,1.12753
equal_p,2229,1.34664,1.34664,1.00000
equal_p,2230,1.24111,1.24111,1.00000
equal_p,2231,1.02634,1.02634,1.02634
equal_p,2232,1.01159,1.01159,1.01159
equal_p,2233,1.00008,1.00008,1.00008
equal_p,2234,1.06323,1.06323,1.06323
equal_p,2235,1.00000,1.00000,1.00000
equal_p,2236,1.03677,1.03677,1.03677
equal_p,2237,1.07668,1.07668,1.07668
equal_p,2238,1.40939,1.40939,1.00000
equal_p,2239,1.35687,1.35687,1.00000
equal_p,2240,1.00013,1.00013,1.00013
equal_p,2241,1.02182,1.02182,1.02182
equal_p,2242,1.02021,1.02021,1.02021
equal_p,2243,1.19334,1.19334,1.02790
equal_p,2244,1.03799,1.03799,1.03799
equal_p,2245,1.19164,1.19164,1.07048
equal_p,2246,1.00384,1.00384,1.00384
equal_p,2247,1.04922,1.04922,1.04922
equal_p,2248,1.00227,1.00227,1.00227
equal_p,2249,1.20550,1.20550,1.00000
equal_p,2250,1.11635,1.11635,1.02907
equal_p,2251,1.11868,1.11868,1.04484
equal_p,2252,1.00000,1.00000,1.00000
equal_p,2253,1.00520,1.00520,1.00520
equal_p,2254,1.00490,1.00490,1.00490
equal_p,2255,1.03803,1.03803,1.03803
equal_p,2256,1.06783,1.06783,1.06783
equal_p,2257,1.02654,1.02654,1.02654
equal_p,2258,1.00000,1.00000,1.00000
equal_p,2259,1.21340,1.21340,1.00000
equal_p,2260,1.25265,1.25265,1.01983
equal_p,2261,1.01821,1.01821,1.01821
equal_p,2262,1.00608,1.00608,1.00608
equal_p,2263,1.06783,1.06783,1.06783
equal_p,2264,1.17729,1.17729,1.00936
equal_p,2265,1.21658,1.21658,1.00000
equal_p,2266,1.03904,1.03904,1.03904
equal_p,2267,1.00000,1.00000,1.00000
equal_p,2268,1.25405,1.25405,1.00091
equal_p,2269,1.32807,1.32807,1.00000
equal_p,2270,1.16562,1.16562,1.16562
equal_p,2271,1.14258,1.14258,1.14258
equal_p,2272,1.01129,1.01129,1.01129
equal_p,2273,1.23852,1.23852,1.19369
equal_p,2274,1.00050,1.00050,1.00050
equal_p,2275,1.34752,1.34752,1.00000
equal_p,2276,1.06635,1.06635,1.05725
equal_p,2277,1.05299,1.05299,1.05299
equal_p,2278,1.09642,1.09642,1.09642
equal_p,2279,1.12098,1.12098,1.12098
equal_p,2280,1.40584,1.40584,1.00000
equal_p,2281,1.00214,1.00214,1.00214
equal_p,2282,1.17257,1.17257,1.06824
equal_p,2283,1.11068,1.11068,1.11068
equal_p,2284,1.28595,1.28595,1.28595
equal_p,2285,1.03810,1.03810,1.03810
equal_p,2286,1.33157,1.33157,1.00000
equal_p,2287,1.07302,1.07302,1.07302
equal_p,2288,1.00000,1.00000,1.00000
equal_p,2289,1.00788,1.00788,1.00788
equal_p,2290,1.21720,1.21720,1.04878
equal_p,2291,1.22265,1.22265,1.00000
equal_p,2292,1.27109,1.27109,1.00000
equal_p,2293,1.00000,1.00000,1.00000
equal_p,2294,1.01960,1.01960,1.01960
equal_p,2295,1.02545,1.02545,1.02545
equal_p,2296,1.23581,1.23581,1.00498
equal_p,2297,1.00743,1.00743,1.00743
equal_p,2298,1.06233,1.06233,1.03897
equal_p,2299,1.00019,1.00019,1.00019
equal_p,2300,1.00545,1.00545,1.00545
equal_p,2301,1.04161,1.04161,1.04161
equal_p,2302,1.25584,1.25584,1.00007
equal_p,2303,1.00886,1.00886,1.00886
equal_p,2304,1.11646,1.11646,1.00000
equal_p,2305,1.28043,1.28043,1.00000
equal_p,2306,1.27204,1.27204,1.05690
equal_p,2307,1.02754,1.02754,1.02754
equal_p,2308,1.29488,1.29488,1.00134
equal_p,2309,1.00959,1.00959,1.00959
equal_p,2310,1.20415,1.20415,1.20415
equal_p,2311,1.22131,1.22131,1.03203
equal_p,2312,1.06082,1.06082,1.06082
equal_p,2313,1.17617,1.17617,1.17617
equal_p,2314,1.00000,1.00000,1.00000
equal_p,2315,1.34855,1.34855,1.00000
equal_p,2316,1.14549,1.14549,1.14549
equal_p,2317,1.00848,1.00848,1.00848
equal_p,2318,1.17371,1.17371,1.02161
equal_p,2319,1.01891,1.01891,1.01891
equal_p,2320,1.00964,1.00964,1.00964
equal_p,2321,1.34350,1.34350,1.00019
equal_p,2322,1.05958,1.05958,1.05958
equal_p,2323,1.04216,1.04216,1.04216
equal_p,2324,1.12042,1.12042,1.01101
equal_p,2325,1.08344,1.08344,1.08344
equal_p,2326,1.21015,1.21015,1.21015
equal_p,2327,1.01780,1.01780,1.01780
equal_p,2328,1.00188,1.00188,1.00188
equal_p,2329,1.24484,1.24484,1.00000
equal_p,2330,1.00000,1.00000,1.00000
equal_p,2331,1.00479,1.00479,1.00479
equal_p,2332,1.06962,1.06962,1.06962
equal_p,2333,1.04465,1.04465,1.04465
equal_p,2334,1.00806,1.00806,1.00806
equal_p,2335,1.04039,1.04039,1.04039
equal_p,2336,1.12330,1.12330,1.12330
equal_p,2337,1.01478,1.01478,1.01478
equal_p,2338,1.00006,1.00006,1.00006
equal_p,2339,1.00000,1.00000,1.00000
equal_p,2340,1.00010,1.00010,1.00010
equal_p,2341,1.29954,1.29954,1.01373
equal_p,2342,1.00000,1.00000,1.00000
equal_p,2343,1.26856,1.26856,1.10585
equal_p,2344,1.01742,1.01742,1.01742
equal_p,2345,1.09253,1.09253,1.09253
equal_p,2346,1.14778,1.14778,1.06404
equal_p,2347,1.00652,1.00652,1.00652
equal_p,2348,1.00497,1.00497,1.00497
equal_p,2349,1.05441,1.05441,1.05441
equal_p,2350,1.00866,1.00866,1.00866
equal_p,2351,1.08633,1.08633,1.00000
equal_p,2352,1.01005,1.01005,1.01005
equal_p,2353,1.06137,1.06137,1.04505
equal_p,2354,1.29960,1.29960,1.00853
equal_p,2355,1.04237,1.04237,1.04237
equal_p,2356,1.22868,1.22868,1.00028
equal_p,2357,1.00418,1.00418,1.00418
equal_p,2358,1.04157,1.04157,1.04157
equal_p,2359,1.03964,1.03964,1.03964
equal_p,2360,1.36164,1.36164,1.00000
equal_p,2361,1.03076,1.03076,1.03076
equal_p,2362,1.20663,1.20663,1.07347
equal_p,2363,1.04849,1.04849,1.04849
equal_p,2364,1.14199,1.14199,1.14199
equal_p,2365,1.01623,1.01623,1.01623
equal_p,2366,1.01705,1.01705,1.01705
equal_p,2367,1.07074,1.07074,1.07074
equal_p,2368,1.03156,1.03156,1.03156
equal_p,2369,1.01994,1.01994,1.01994
equal_p,2370,1.08577,1.08577,1.08577
equal_p,2371,1.03948,1.03948,1.03948
equal_p,2372,1.16813,1.16813,1.12285
equal_p,2373,1.11199,1.11199,1.00000
equal_p,2374,1.19046,1.19046,1.19046
equal_p,2375,1.08637,1.08637,1.08637
equal_p,2376,1.00007,1.00007,1.00007
equal_p,2377,1.07505,1.07505,1.05956
equal_p,2378,1.00760,1.00760,1.00760
equal_p,2379,1.10423,1.10423,1.10423
equal_p,2380,1.22626,1.22626,1.22626
equal_p,2381,1.02122,1.02122,1.02122
equal_p,2382,1.00000,1.00000,1.00000
equal_p,2383,1.14227,1.14227,1.10255
equal_p,2384,1.02364,1.02364,1.02364
equal_p,2385,1.28874,1.28874,1.00000
equal_p,2386,1.04621,1.04621,1.04621
equal_p,2387,1.09437,1.09437,1.09437
equal_p,2388,1.00724,1.00724,1.00724
equal_p,2389,1.30916,1.30916,1.00000
equal_p,2390,1.00176,1.00176,1.00176
equal_p,2391,1.00623,1.00623,1.00623
equal_p,2392,1.00000,1.00000,1.00000
equal_p,2393,1.00000,1.00000,1.00000
equal_p,2394,1.16822,1.16822,1.00381
equal_p,2395,1.14264,1.14264,1.06185
equal_p,2396,1.16277,1.16277,1.16277
equal_p,2397,1.07324,1.07324,1.07324
equal_p,2398,1.01201,1.01201,1.01201
equal_p,2399,1.19613,1.19613,1.00073
equal_p,2400,1.00000,1.00000,1.00000
equal_p,2401,1.00000,1.00000,1.00000
equal_p,2402,1.00000,1.00000,1.00000
equal_p,2403,1.06502,1.06502,1.06502
equal_p,2404,1.18875,1.18875,1.18875
equal_p,2405,1.21737,1.21737,1.21737
equal_p,2406,1.00412,1.00412,1.00412
equal_p,2407,1.14745,1.14745,1.14745
equal_p,2408,1.02137,1.02137,1.02137
equal_p,2409,1.00877,1.00877,1.00877
equal_p,2410,1.00000,1.00000,1.00000
equal_p,2411,1.00000,1.00000,1.00000
equal_p,2412,1.06023,1.06023,1.06023
equal_p,2413,1.25089,1.25089,1.00000
equal_p,2414,1.00000,1.00000,1.00000
equal_p,2415,1.34553,1.34553,1.00000
equal_p,2416,1.03472,1.03472,1.03472
equal_p,2417,1.20116,1.20116,1.00390
equal_p,2418,1.08700,1.08700,1.08700
equal_p,2419,1.10306,1.10306,1.10306
equal_p,2420,1.12605,1.12605,1.12605
equal_p,2421,1.04687,1.04687,1.04687
equal_p,2422,1.09838,1.09838,1.09838
equal_p,2423,1.11012,1.11012,1.05547
equal_p,2424,1.28506,1.28506,1.00667
equal_p,2425,1.05534,1.05534,1.05534
equal_p,2426,1.00233,1.00233,1.00233
equal_p,2427,1.15282,1.15282,1.11637
equal_p,2428,1.28993,1.28993,1.00000
equal_p,2429,1.16469,1.16469,1.00220
equal_p,2430,1.04467,1.04467,1.04467
equal_p,2431,1.00000,1.00000,1.00000
equal_p,2432,1.00631,1.00631,1.00631
equal_p,2433,1.00000,1.00000,1.00000
equal_p,2434,1.13411,1.13411,1.13411
equal_p,2435,1.20478,1.20478,1.00000
equal_p,2436,1.00682,1.00682,1.00682
equal_p,2437,1.03430,1.03430,1.03430
equal_p,2438,1.05266,1.05266,1.05266
equal_p,2439,1.12461,1.12461,1.07826
equal_p,2440,1.22654,1.22654,1.00000
equal_p,2441,1.00000,1.00000,1.00000
equal_p,2442,1.00068,1.00068,1.00068
equal_p,2443,1.00279,1.00279,1.00279
equal_p,2444,1.00022,1.00022,1.00022
equal_p,2445,1.00000,1.00000,1.00000
equal_p,2446,1.01827,1.01827,1.01827
equal_p,2447,1.13879,1.13879,1.13011
equal_p,2448,1.09434,1.09434,1.09434
equal_p,2449,1.12546,1.12546,1.00287
equal_p,2450,1.17728,1.17728,1.00000
equal_p,2451,1.23479,1.23479,1.00007
equal_p,2452,1.00000,1.00000,1.00000
equal_p,2453,1.18458,1.18458,1.03190
equal_p,2454,1.34023,1.34023,1.05593
equal_p,2455,1.10847,1.10847,1.10847
equal_p,2456,1.05658,1.05658,1.05658
equal_p,2457,1.00652,1.00652,1.00652
equal_p,2458,1.00083,1.00083,1.00083
equal_p,2459,1.17855,1.17855,1.00091
equal_p,2460,1.10817,1.10817,1.07601
equal_p,2461,1.00000,1.00000,1.00000
equal_p,2462,1.00000,1.00000,1.00000
equal_p,2463,1.16483,1.16483,1.00000
equal_p,2464,1.23267,1.23267,1.02865
equal_p,2465,1.00225,1.00225,1.00225
equal_p,2466,1.14375,1.14375,1.14375
equal_p,2467,1.07928,1.07928,1.07928
equal_p,2468,1.00000,1.00000,1.00000
equal_p,2469,1.03059,1.03059,1.03059
equal_p,2470,1.15406,1.15406,1.10622
equal_p,2471,1.25966,1.25966,1.02365
equal_p,2472,1.02282,1.02282,1.02282
equal_p,2473,1.27800,1.27800,1.00000
equal_p,2474,1.00007,1.00007,1.00007
equal_p,2475,1.21426,1.21426,1.00006
equal_p,2476,1.22877,1.22877,1.00367
equal_p,2477,1.11807,1.11807,1.11807
equal_p,2478,1.25372,1.25372,1.00247
equal_p,2479,1.25098,1.25098,1.00002
equal_p,2480,1.02370,1.02370,1.02370
equal_p,2481,1.00469,1.00469,1.00469
equal_p,2482,1.18378,1.18378,1.18378
equal_p,2483,1.11254,1.11254,1.11254
equal_p,2484,1.24810,1.24810,1.00000
equal_p,2485,1.20642,1.20642,1.16110
equal_p,2486,1.07250,1.07250,1.07250
equal_p,2487,1.31145,1.31145,1.10760
equal_p,2488,1.00855,1.00855,1.00855
equal_p,2489,1.09087,1.09087,1.09087
equal_p,2490,1.00000,1.00000,1.00000
equal_p,2491,1.18867,1.18867,1.00000
equal_p,2492,1.02278,1.02278,1.02278
equal_p,2493,1.19207,1.19207,1.00000
equal_p,2494,1.00000,1.00000,1.00000
equal_p,2495,1.00000,1.00000,1.00000
equal_p,2496,1.00182,1.00182,1.00182
equal_p,2497,1.47776,1.47776,1.00000
equal_p,2498,1.20772,1.20772,1.00000
equal_p,2499,1.00233,1.00233,1.00233
equal_p,2500,1.11919,1.11919,1.11919
equal_p,2501,1.00955,1.00955,1.00955
equal_p,2502,1.00723,1.00723,1.00723
equal_p,2503,1.29374,1.29374,1.00000
equal_p,2504,1.02109,1.02109,1.02109
equal_p,2505,1.00000,1.00000,1.00000
equal_p,2506,1.00162,1.00162,1.00162
equal_p,2507,1.00837,1.00837,1.00837
equal_p,2508,1.00000,1.00000,1.00000
equal_p,2509,1.05605,1.05605,1.05605
equal_p,2510,1.02272,1.02272,1.02272
equal_p,2511,1.13934,1.13934,1.09863
equal_p,2512,1.06127,1.06127,1.06127
equal_p,2513,1.09383,1.09383,1.09383
equal_p,2514,1.12093,1.12093,1.12093
equal_p,2515,1.00052,1.00052,1.00052
equal_p,2516,1.15879,1.15879,1.07078
equal_p,2517,1.00028,1.00028,1.00028
equal_p,2518,1.42275,1.42275,1.00000
equal_p,2519,1.24174,1.24174,1.00043
equal_p,2520,1.22448,1.22448,1.12015
equal_p,2521,1.14269,1.14269,1.05115
equal_p,2522,1.08698,1.08698,1.08698
equal_p,2523,1.20207,1.20207,1.00000
equal_p,2524,1.12730,1.12730,1.12730
equal_p,2525,1.13464,1.13464,1.13464
equal_p,2526,1.00000,1.00000,1.00000
equal_p,2527,1.19944,1.19944,1.19944
equal_p,2528,1.26443,1.26443,1.02168
equal_p,2529,1.21685,1.21685,1.03181
equal_p,2530,1.00250,1.00250,1.00250
equal_p,2531,1.05232,1.05232,1.05232
equal_p,2532,1.35075,1.35075,1.00000
equal_p,2533,1.00151,1.00151,1.00151
equal_p,2534,1.05838,1.05838,1.05838
equal_p,2535,1.03153,1.03153,1.03153
equal_p,2536,1.03322,1.03322,1.03322
equal_p,2537,1.01167,1.01167,1.01167
equal_p,2538,1.21084,1.21084,1.00000
equal_p,2539,1.00250,1.00250,1.00250
equal_p,2540,1.00016,1.00016,1.00016
equal_p,2541,1.00890,1.00890,1.00890
equal_p,2542,1.00331,1.00331,1.00331
equal_p,2543,1.01774,1.01774,1.01774
equal_p,2544,1.01485,1.01485,1.01485
equal_p,2545,1.07566,1.07566,1.07566
equal_p,2546,1.01067,1.01067,1.01067
equal_p,2547,1.00000,1.00000,1.00000
equal_p,2548,1.15792,1.15792,1.14858
equal_p,2549,1.06803,1.06803,1.06803
equal_p,2550,1.03407,1.03407,1.03407
equal_p,2551,1.01420,1.01420,1.01420
equal_p,2552,1.14196,1.14196,1.00000
equal_p,2553,1.02454,1.02454,1.02454
equal_p,2554,1.20457,1.20457,1.00003
equal_p,2555,1.43668,1.43668,1.00115
equal_p,2556,1.02234,1.02234,1.02234
equal_p,2557,1.02818,1.02818,1.02818
equal_p,2558,1.16364,1.16364,1.08803
equal_p,2559,1.00103,1.00103,1.00103
equal_p,2560,1.02098,1.02098,1.02098
equal_p,2561,1.04433,1.04433,1.04433
equal_p,2562,1.07025,1.07025,1.03341
equal_p,2563,1.00552,1.00552,1.00552
equal_p,2564,1.28069,1.28069,1.06519
equal_p,2565,1.05237,1.05237,1.05237
equal_p,2566,1.00000,1.00000,1.00000
equal_p,2567,1.06145,1.06145,1.06145
equal_p,2568,1.00695,1.00695,1.00695
equal_p,2569,1.27078,1.27078,1.00264
equal_p,2570,1.00000,1.00000,1.00000
equal_p,2571,1.05359,1.05359,1.05359
equal_p,2572,1.00020,1.00020,1.00020
equal_p,2573,1.46138,1.46138,1.03716
equal_p,2574,1.00852,1.00852,1.00852
equal_p,2575,1.00598,1.00598,1.00598
equal_p,2576,1.34312,1.34312,1.00000
equal_p,2577,1.02085,1.02085,1.02085
equal_p,2578,1.18827,1.18827,1.05195
equal_p,2579,1.13947,1.13947,1.09760
equal_p,2580,1.00737,1.00737,1.00737
equal_p,2581,1.36410,1.36410,1.00083
equal_p,2582,1.21654,1.21654,1.19972
equal_p,2583,1.05961,1.05961,1.05961
equal_p,2584,1.00000,1.00000,1.00000
equal_p,2585,1.08166,1.08166,1.08166
equal_p,2586,1.05046,1.05046,1.05046
equal_p,2587,1.19529,1.19529,1.00000
equal_p,2588,1.10744,1.10744,1.08816
equal_p,2589,1.08113,1.08113,1.08113
equal_p,2590,1.00131,1.00131,1.00131
equal_p,2591,1.15606,1.15606,1.15606
equal_p,2592,1.29522,1.29522,1.00251
equal_p,2593,1.03687,1.03687,1.03687
equal_p,2594,1.20538,1.20538,1.06098
equal_p,2595,1.00237,1.00237,1.00237
equal_p,2596,1.01723,1.01723,1.01723
equal_p,2597,1.22298,1.22298,1.00046
equal_p,2598,1.15329,1.15329,1.15329
equal_p,2599,1.20819,1.20819,1.06245
equal_p,2600,1.00000,1.00000,1.00000
equal_p,2601,1.11713,1.11713,1.11713
equal_p,2602,1.01771,1.01771,1.01771
equal_p,2603,1.00000,1.00000,1.00000
equal_p,2604,1.09240,1.09240,1.09240
equal_p,2605,1.16373,1.16373,1.00004
equal_p,2606,1.03989,1.03989,1.03989
equal_p,2607,1.00000,1.00000,1.00000
equal_p,2608,1.07025,1.07025,1.00000
equal_p,2609,1.01898,1.01898,1.01898
equal_p,2610,1.08423,1.08423,1.05744
equal_p,2611,1.32634,1.32634,1.00144
equal_p,2612,1.00081,1.00081,1.00081
equal_p,2613,1.24004,1.24004,1.00236
equal_p,2614,1.03896,1.03896,1.03896
equal_p,2615,1.06268,1.06268,1.06268
equal_p,2616,1.42683,1.42683,1.00052
equal_p,2617,1.04949,1.04949,1.04949
equal_p,2618,1.03790,1.03790,1.03790
equal_p,2619,1.43919,1.43919,1.00000
equal_p,2620,1.06160,1.06160,1.06160
equal_p,2621,1.00158,1.00158,1.00158
equal_p,2622,1.09718,1.09718,1.03935
equal_p,2623,1.25199,1.25199,1.00669
equal_p,2624,1.02101,1.02101,1.02101
equal_p,2625,1.01614,1.01614,1.01614
equal_p,2626,1.01574,1.01574,1.01574
equal_p,2627,1.06502,1.06502,1.06502
equal_p,2628,1.01529,1.01529,1.01529
equal_p,2629,1.09239,1.09239,1.09239
equal_p,2630,1.00140,1.00140,1.00140
equal_p,2631,1.33149,1.33149,1.00012
equal_p,2632,1.00860,1.00860,1.00860
equal_p,2633,1.02246,1.02246,1.02246
equal_p,2634,1.15344,1.15344,1.00000
equal_p,2635,1.27345,1.27345,1.00183
equal_p,2636,1.48001,1.48001,1.00047
equal_p,2637,1.00356,1.00356,1.00356
equal_p,2638,1.00000,1.00000,1.00000
equal_p,2639,1.03868,1.03868,1.03868
equal_p,2640,1.22184,1.22184,1.12801
equal_p,2641,1.00000,1.00000,1.00000
equal_p,2642,1.07820,1.07820,1.07820
equal_p,2643,1.00032,1.00032,1.00032
equal_p,2644,1.07110,1.07110,1.07110
equal_p,2645,1.03434,1.03434,1.03434
equal_p,2646,1.00473,1.00473,1.00473
equal_p,2647,1.07227,1.07227,1.07227
equal_p,2648,1.22220,1.22220,1.09418
equal_p,2649,1.15681,1.15681,1.14206
equal_p,2650,1.10095,1.10095,1.02694
equal_p,2651,1.00000,1.00000,1.00000
equal_p,2652,1.00000,1.00000,1.00000
equal_p,2653,1.00052,1.00052,1.00052
equal_p,2654,1.02558,1.02558,1.02558
equal_p,2655,1.14167,1.14167,1.14167
equal_p,2656,1.07540,1.07540,1.07540
equal_p,2657,1.10130,1.10130,1.10130
equal_p,2658,1.00277,1.00277,1.00277
equal_p,2659,1.00223,1.00223,1.00223
equal_p,2660,1.22401,1.22401,1.03272
equal_p,2661,1.03280,1.03280,1.03280
equal_p,2662,1.00102,1.00102,1.00102
equal_p,2663,1.00087,1.00087,1.00087
equal_p,2664,1.04244,1.04244,1.04244
equal_p,2665,1.16700,1.16700,1.05989
equal_p,2666,1.14501,1.14501,1.14501
equal_p,2667,1.04894,1.04894,1.04894
equal_p,2668,1.00002,1.00002,1.00002
equal_p,2669,1.12386,1.12386,1.06819
equal_p,2670,1.03667,1.03667,1.03667
equal_p,2671,1.00097,1.00097,1.00097
equal_p,2672,1.00011,1.00011,1.00011
equal_p,2673,1.01243,1.01243,1.01243
equal_p,2674,1.00000,1.00000,1.00000
equal_p,2675,1.03411,1.03411,1.03411
equal_p,2676,1.04214,1.04214,1.04214
equal_p,2677,1.27714,1.27714,1.01653
equal_p,2678,1.00169,1.00169,1.00169
equal_p,2679,1.39621,1.39621,1.00000
equal_p,2680,1.02369,1.02369,1.02369
equal_p,2681,1.04086,1.04086,1.04086
equal_p,2682,1.12703,1.12703,1.02985
equal_p,2683,1.01131,1.01131,1.01131
equal_p,2684,1.15542,1.15542,1.15542
equal_p,2685,1.00062,1.00062,1.00062
equal_p,2686,1.47106,1.47106,1.00000
equal_p,2687,1.00000,1.00000,1.00000
equal_p,2688,1.56718,1.56718,1.00000
equal_p,2689,1.07383,1.07383,1.07383
equal_p,2690,1.01524,1.01524,1.01524
equal_p,2691,1.18300,1.18300,1.04065
equal_p,2692,1.00056,1.00056,1.00056
equal_p,2693,1.12466,1.12466,1.12466
equal_p,2694,1.07749,1.07749,1.07749
equal_p,2695,1.11639,1.11639,1.00400
equal_p,2696,1.06569,1.06569,1.06569
equal_p,2697,1.00101,1.00101,1.00101
equal_p,2698,1.26255,1.26255,1.00000
equal_p,2699,1.08402,1.08402,1.04668
equal_p,2700,1.00000,1.00000,1.00000
equal_p,2701,1.00000,1.00000,1.00000
equal_p,2702,1.05965,1.05965,1.05965
equal_p,2703,1.32630,1.32630,1.00000
equal_p,2704,1.30837,1.30837,1.00390
equal_p,2705,1.14952,1.14952,1.00000
equal_p,2706,1.11790,1.11790,1.11790
equal_p,2707,1.14898,1.14898,1.14898
equal_p,2708,1.00000,1.00000,1.00000
equal_p,2709,1.05300,1.05300,1.05300
equal_p,2710,1.00000,1.00000,1.00000
equal_p,2711,1.00065,1.00065,1.00065
equal_p,2712,1.10139,1.10139,1.10139
equal_p,2713,1.17289,1.17289,1.00000
equal_p,2714,1.00000,1.00000,1.00000
equal_p,2715,1.19532,1.19532,1.19532
equal_p,2716,1.12132,1.12132,1.06221
equal_p,2717,1.28370,1.28370,1.09159
equal_p,2718,1.01302,1.01302,1.01302
equal_p,2719,1.05535,1.05535,1.05535
equal_p,2720,1.20305,1.20305,1.00006
equal_p,2721,1.19320,1.19320,1.00680
equal_p,2722,1.00796,1.00796,1.00796
equal_p,2723,1.00771,1.00771,1.00771
equal_p,2724,1.35372,1.35372,1.00000
equal_p,2725,1.27574,1.27574,1.00000
equal_p,2726,1.24954,1.24954,1.00705
equal_p,2727,1.23086,1.23086,1.00000
equal_p,2728,1.00000,1.00000,1.00000
equal_p,2729,1.10622,1.10622,1.01257
equal_p,2730,1.00300,1.00300,1.00300
equal_p,2731,1.02907,1.02907,1.02907
equal_p,2732,1.27490,1.27490,1.00159
equal_p,2733,1.10002,1.10002,1.10002
equal_p,2734,1.19065,1.19065,1.19065
equal_p,2735,1.20719,1.20719,1.01219
equal_p,2736,1.18985,1.18985,1.18985
equal_p,2737,1.00000,1.00000,1.00000
equal_p,2738,1.25869,1.25869,1.00000
equal_p,2739,1.00041,1.00041,1.00041
equal_p,2740,1.34536,1.34536,1.08245
equal_p,2741,1.00000,1.00000,1.00000
equal_p,2742,1.20507,1.20507,1.20507
equal_p,2743,1.12914,1.12914,1.04603
equal_p,2744,1.00000,1.00000,1.00000
equal_p,2745,1.29943,1.29943,1.00000
equal_p,2746,1.00000,1.00000,1.00000
equal_p,2747,1.03559,1.03559,1.03559
equal_p,2748,1.00356,1.00356,1.00356
equal_p,2749,1.56988,1.56988,1.00000
equal_p,2750,1.00000,1.00000,1.00000
equal_p,2751,1.00127,1.00127,1.00127
equal_p,2752,1.51662,1.51662,1.02710
equal_p,2753,1.22643,1.22643,1.00470
equal_p,2754,1.00449,1.00449,1.00449
equal_p,2755,1.06804,1.06804,1.06804
equal_p,2756,1.16160,1.16160,1.00437
equal_p,2757,1.00000,1.00000,1.00000
equal_p,2758,1.00000,1.00000,1.00000
equal_p,2759,1.14780,1.14780,1.04665
equal_p,2760,1.28133,1.28133,1.09034
equal_p,2761,1.00000,1.00000,1.00000
equal_p,2762,1.03673,1.03673,1.03673
equal_p,2763,1.00206,1.00206,1.00206
equal_p,2764,1.21791,1.21791,1.05270
equal_p,2765,1.01732,1.01732,1.01732
equal_p,2766,1.15535,1.15535,1.15535
equal_p,2767,1.00000,1.00000,1.00000
equal_p,2768,1.00065,1.00065,1.00065
equal_p,2769,1.06267,1.06267,1.06267
equal_p,2770,1.15770,1.15770,1.15770
equal_p,2771,1.21098,1.21098,1.06012
equal_p,2772,1.14686,1.14686,1.14686
equal_p,2773,1.01080,1.01080,1.01080
equal_p,2774,1.18937,1.18937,1.00703
equal_p,2775,1.01375,1.01375,1.01375
equal_p,2776,1.00166,1.00166,1.00166
equal_p,2777,1.11518,1.11518,1.11137
equal_p,2778,1.29979,1.29979,1.00000
equal_p,2779,1.00431,1.00431,1.00431
equal_p,2780,1.04084,1.04084,1.04084
equal_p,2781,1.00013,1.00013,1.00013
equal_p,2782,1.28902,1.28902,1.05087
equal_p,2783,1.04013,1.04013,1.04013
equal_p,2784,1.04193,1.04193,1.04193
equal_p,2785,1.01482,1.01482,1.01482
equal_p,2786,1.17325,1.17325,1.04785
equal_p,2787,1.04376,1.04376,1.04376
equal_p,2788,1.00324,1.00324,1.00324
equal_p,2789,1.44678,1.44678,1.00000
equal_p,2790,1.06393,1.06393,1.06393
equal_p,2791,1.11565,1.11565,1.11565
equal_p,2792,1.21779,1.21779,1.00022
equal_p,2793,1.09062,1.09062,1.09062
equal_p,2794,1.28174,1.28174,1.00380
equal_p,2795,1.06248,1.06248,1.06248
equal_p,2796,1.18647,1.18647,1.01023
equal_p,2797,1.25008,1.25008,1.07172
equal_p,2798,1.00000,1.00000,1.00000
equal_p,2799,1.09999,1.09999,1.09999
equal_p,2800,1.14643,1.14643,1.03871
equal_p,2801,1.25965,1.25965,1.00013
equal_p,2802,1.01386,1.01386,1.01386
equal_p,2803,1.30705,1.30705,1.00131
equal_p,2804,1.00004,1.00004,1.00004
equal_p,2805,1.31234,1.31234,1.00000
equal_p,2806,1.06184,1.06184,1.06184
equal_p,2807,1.00000,1.00000,1.00000
equal_p,2808,1.33102,1.33102,1.00000
equal_p,2809,1.01756,1.01756,1.01756
equal_p,2810,1.00000,1.00000,1.00000
equal_p,2811,1.00000,1.00000,1.00000
equal_p,2812,1.14227,1.14227,1.14227
equal_p,2813,1.06653,1.06653,1.06653
equal_p,2814,1.13656,1.13656,1.00341
equal_p,2815,1.38084,1.38084,1.00000
equal_p,2816,1.05374,1.05374,1.05374
equal_p,2817,1.00853,1.00853,1.00853
equal_p,2818,1.27989,1.27989,1.00000
equal_p,2819,1.01190,1.01190,1.01190
equal_p,2820,1.30542,1.30542,1.00000
equal_p,2821,1.00004,1.00004,1.00004
equal_p,2822,1.12398,1.12398,1.12398
equal_p,2823,1.30491,1.30491,1.00517
equal_p,2824,1.00907,1.00907,1.00907
equal_p,2825,1.05423,1.05423,1.05423
equal_p,2826,1.14001,1.14001,1.00000
equal_p,2827,1.12122,1.12122,1.12122
equal_p,2828,1.24441,1.24441,1.00000
equal_p,2829,1.11731,1.11731,1.05445
equal_p,2830,1.15882,1.15882,1.10047
equal_p,2831,1.00000,1.00000,1.00000
equal_p,2832,1.11107,1.11107,1.11107
equal_p,2833,1.02505,1.02505,1.02505
equal_p,2834,1.00326,1.00326,1.00326
equal_p,2835,1.18528,1.18528,1.06333
equal_p,2836,1.01560,1.01560,1.01560
equal_p,2837,1.05774,1.05774,1.05774
equal_p,2838,1.37615,1.37615,1.00000
equal_p,2839,1.11457,1.11457,1.00051
equal_p,2840,1.30176,1.30176,1.00097
equal_p,2841,1.13061,1.13061,1.13061
equal_p,2842,1.00000,1.00000,1.00000
equal_p,2843,1.09155,1.09155,1.09155
equal_p,2844,1.00365,1.00365,1.00365
equal_p,2845,1.00000,1.00000,1.00000
equal_p,2846,1.00000,1.00000,1.00000
equal_p,2847,1.01415,1.01415,1.01415
equal_p,2848,1.05405,1.05405,1.04203
equal_p,2849,1.17416,1.17416,1.17416
equal_p,2850,1.01224,1.01224,1.01224
equal_p,2851,1.00000,1.00000,1.00000
equal_p,2852,1.00774,1.00774,1.00774
equal_p,2853,1.02945,1.02945,1.02945
equal_p,2854,1.01215,1.01215,1.01215
equal_p,2855,1.05277,1.05277,1.05277
equal_p,2856,1.21766,1.21766,1.00054
equal_p,2857,1.02558,1.02558,1.02558
equal_p,2858,1.00000,1.00000,1.00000
equal_p,2859,1.00000,1.00000,1.00000
equal_p,2860,1.33985,1.33985,1.00000
equal_p,2861,1.00050,1.00050,1.00050
equal_p,2862,1.04698,1.04698,1.04698
equal_p,2863,1.43046,1.43046,1.05831
equal_p,2864,1.10774,1.10774,1.08227
equal_p,2865,1.22388,1.22388,1.03409
equal_p,2866,1.00000,1.00000,1.00000
equal_p,2867,1.00000,1.00000,1.00000
equal_p,2868,1.04758,1.04758,1.04758
equal_p,2869,1.27437,1.27437,1.00000
equal_p,2870,1.01580,1.01580,1.01580
equal_p,2871,1.00000,1.00000,1.00000
equal_p,2872,1.22684,1.22684,1.00004
equal_p,2873,1.01396,1.01396,1.01396
equal_p,2874,1.26035,1.26035,1.02611
equal_p,2875,1.00000,1.00000,1.00000
equal_p,2876,1.18873,1.18873,1.00641
equal_p,2877,1.01407,1.01407,1.01407
equal_p,2878,1.02124,1.02124,1.02124
equal_p,2879,1.00000,1.00000,1.00000
equal_p,2880,1.06954,1.06954,1.06954
equal_p,2881,1.09588,1.09588,1.07073
equal_p,2882,1.19020,1.19020,1.00000
equal_p,2883,1.02066,1.02066,1.02066
equal_p,2884,1.25139,1.25139,1.01723
equal_p,2885,1.21985,1.21985,1.00000
equal_p,2886,1.00000,1.00000,1.00000
equal_p,2887,1.05080,1.05080,1.05080
equal_p,2888,1.08640,1.08640,1.07999
equal_p,2889,1.06454,1.06454,1.06454
equal_p,2890,1.15431,1.15431,1.15431
equal_p,2891,1.01756,1.01756,1.01756
equal_p,2892,1.38137,1.38137,1.00409
equal_p,2893,1.00000,1.00000,1.00000
equal_p,2894,1.02589,1.02589,1.02589
equal_p,2895,1.15813,1.15813,1.15158
equal_p,2896,1.00000,1.00000,1.00000
equal_p,2897,1.31767,1.31767,1.31767
equal_p,2898,1.08523,1.08523,1.01103
equal_p,2899,1.05859,1.05859,1.05859
equal_p,2900,1.00003,1.00003,1.00003
equal_p,2901,1.11821,1.11821,1.11821
equal_p,2902,1.00000,1.00000,1.00000
equal_p,2903,1.29250,1.29250,1.00000
equal_p,2904,1.03339,1.03339,1.03339
equal_p,2905,1.30214,1.30214,1.00000
equal_p,2906,1.00022,1.00022,1.00022
equal_p,2907,1.00008,1.00008,1.00008
equal_p,2908,1.09668,1.09668,1.09076
equal_p,2909,1.06712,1.06712,1.06712
equal_p,2910,1.00000,1.00000,1.00000
equal_p,2911,1.03525,1.03525,1.03525
equal_p,2912,1.26459,1.26459,1.00000
equal_p,2913,1.00000,1.00000,1.00000
equal_p,2914,1.13039,1.13039,1.10878
equal_p,2915,1.00000,1.00000,1.00000
equal_p,2916,1.18621,1.18621,1.18621
equal_p,2917,1.19465,1.19465,1.07140
equal_p,2918,1.29661,1.29661,1.07364
equal_p,2919,1.15533,1.15533,1.00000
equal_p,2920,1.05908,1.05908,1.05908
equal_p,2921,1.27671,1.27671,1.06267
equal_p,2922,1.47145,1.47145,1.00000
equal_p,2923,1.20693,1.20693,1.16214
equal_p,2924,1.13526,1.13526,1.13520
equal_p,2925,1.18801,1.18801,1.00034
equal_p,2926,1.43471,1.43471,1.00000
equal_p,2927,1.19044,1.19044,1.01703
equal_p,2928,1.03874,1.03874,1.03874
equal_p,2929,1.01602,1.01602,1.01602
equal_p,2930,1.00275,1.00275,1.00275
equal_p,2931,1.14807,1.14807,1.04183
equal_p,2932,1.01476,1.01476,1.01476
equal_p,2933,1.00000,1.00000,1.00000
equal_p,2934,1.02245,1.02245,1.02245
equal_p,2935,1.03684,1.03684,1.03684
equal_p,2936,1.10714,1.10714,1.10714
equal_p,2937,1.00000,1.00000,1.00000
equal_p,2938,1.09804,1.09804,1.09804
equal_p,2939,1.14558,1.14558,1.03295
equal_p,2940,1.00014,1.00014,1.00014
equal_p,2941,1.02659,1.02659,1.02659
equal_p,2942,1.03105,1.03105,1.03105
equal_p,2943,1.00000,1.00000,1.00000
equal_p,2944,1.00346,1.00346,1.00346
equal_p,2945,1.16200,1.16200,1.16200
equal_p,2946,1.07023,1.07023,1.07023
equal_p,2947,1.13380,1.13380,1.13380
equal_p,2948,1.01042,1.01042,1.01042
equal_p,2949,1.20387,1.20387,1.05082
equal_p,2950,1.11673,1.11673,1.07435
equal_p,2951,1.00996,1.00996,1.00996
equal_p,2952,1.32664,1.32664,1.00118
equal_p,2953,1.00000,1.00000,1.00000
equal_p,2954,1.02349,1.02349,1.02349
equal_p,2955,1.36030,1.36030,1.00183
equal_p,2956,1.34119,1.34119,1.00317
equal_p,2957,1.01906,1.01906,1.01906
equal_p,2958,1.00362,1.00362,1.00362
equal_p,2959,1.00000,1.00000,1.00000
equal_p,2960,1.07211,1.07211,1.07211
equal_p,2961,1.00000,1.00000,1.00000
equal_p,2962,1.34424,1.34424,1.00000
equal_p,2963,1.00000,1.00000,1.00000
equal_p,2964,1.00027,1.00027,1.00027
equal_p,2965,1.14009,1.14009,1.00415
equal_p,2966,1.36546,1.36546,1.01848
equal_p,2967,1.03437,1.03437,1.03437
equal_p,2968,1.31246,1.31246,1.00303
equal_p,2969,1.08389,1.08389,1.08389
equal_p,2970,1.00000,1.00000,1.00000
equal_p,2971,1.35239,1.35239,1.00000
equal_p,2972,1.01037,1.01037,1.01037
equal_p,2973,1.01958,1.01958,1.01958
equal_p,2974,1.13504,1.13504,1.10874
equal_p,2975,1.00000,1.00000,1.00000
equal_p,2976,1.14678,1.14678,1.02562
equal_p,2977,1.57459,1.57459,1.00674
equal_p,2978,1.00000,1.00000,1.00000
equal_p,2979,1.25911,1.25911,1.00000
equal_p,2980,1.00000,1.00000,1.00000
equal_p,2981,1.00000,1.00000,1.00000
equal_p,2982,1.00000,1.00000,1.00000
equal_p,2983,1.17163,1.17163,1.08864
equal_p,2984,1.15740,1.15740,1.15740
equal_p,2985,1.04993,1.04993,1.04993
equal_p,2986,1.34969,1.34969,1.00214
equal_p,2987,1.04732,1.04732,1.04732
equal_p,2988,1.01163,1.01163,1.01163
equal_p,2989,1.10187,1.10187,1.10187
equal_p,2990,1.02816,1.02816,1.02816
equal_p,2991,1.00000,1.00000,1.00000
equal_p,2992,1.00234,1.00234,1.00234
equal_p,2993,1.44317,1.44317,1.00393
equal_p,2994,1.15167,1.15167,1.06468
equal_p,2995,1.01555,1.01555,1.01555
equal_p,2996,1.08890,1.08890,1.08890
equal_p,2997,1.10754,1.10754,1.10754
equal_p,2998,1.07274,1.07274,1.07274
equal_p,2999,1.34219,1.34219,1.00000
varied_p,0,1.01103,2.75152,1.01103
varied_p,1,2.62289,1.00042,1.00042
varied_p,2,4.45152,1.05342,1.00000
varied_p,3,1.80258,1.00000,1.00000
varied_p,4,1.98367,1.05064,1.05064
varied_p,5,2.14160,1.11889,1.11889
varied_p,6,1.21377,1.21377,1.01274
varied_p,7,2.07691,1.19522,1.19522
varied_p,8,2.16715,1.05080,1.05080
varied_p,9,1.56805,1.10003,1.08519
varied_p,10,2.10955,1.06700,1.06700
varied_p,11,1.08701,1.08701,1.01354
varied_p,12,1.48992,1.08458,1.00000
varied_p,13,1.89747,1.07736,1.07736
varied_p,14,1.09600,1.09244,1.01586
varied_p,15,1.04104,1.04104,1.04104
varied_p,16,1.41841,1.06190,1.00000
varied_p,17,2.22425,1.00000,1.00000
varied_p,18,1.04162,1.04162,1.04162
varied_p,19,1.16624,1.23793,1.00000
varied_p,20,2.37551,1.13437,1.13437
varied_p,21,1.19624,1.19624,1.00000
varied_p,22,1.46392,1.26379,1.00000
varied_p,23,1.13814,1.13814,1.13814
varied_p,24,3.84384,1.00000,1.00000
varied_p,25,1.17766,1.02646,1.02646
varied_p,26,1.89780,1.00421,1.00421
varied_p,27,1.68895,1.00000,1.00000
varied_p,28,2.41257,1.21428,1.02031
varied_p,29,1.40824,1.07823,1.07823
varied_p,30,2.79583,1.25567,1.00573
varied_p,31,2.65615,1.16762,1.16762
varied_p,32,2.37032,1.19236,1.01172
varied_p,33,1.39854,1.00520,1.00520
varied_p,34,1.49294,1.16035,1.12688
varied_p,35,1.73399,1.03542,1.03542
varied_p,36,1.97952,1.00000,1.00000
varied_p,37,1.76833,1.05923,1.05923
varied_p,38,1.57010,1.09461,1.09461
varied_p,39,1.18764,1.54147,1.00000
varied_p,40,1.00000,1.14349,1.00000
varied_p,41,1.21519,1.30826,1.00484
varied_p,42,2.21433,1.22322,1.00474
varied_p,43,1.16543,1.03257,1.03257
varied_p,44,2.03785,1.21735,1.21735
varied_p,45,2.24024,1.08522,1.08522
varied_p,46,1.33259,1.04196,1.04196
varied_p,47,1.87523,1.25321,1.00000
varied_p,48,1.32966,1.21674,1.00000
varied_p,49,1.85119,1.00083,1.00083
varied_p,50,1.40520,1.01747,1.01747
varied_p,51,2.57939,1.14389,1.00000
varied_p,52,1.05449,1.05449,1.05449
varied_p,53,2.14034,1.17865,1.00000
varied_p,54,1.50709,1.04474,1.04474
varied_p,55,1.88872,1.00000,1.00000
varied_p,56,1.92490,1.00000,1.00000
varied_p,57,1.33781,1.00000,1.00000
varied_p,58,2.86338,1.00169,1.00169
varied_p,59,1.75341,1.17221,1.00242
varied_p,60,1.31215,1.11428,1.11428
varied_p,61,1.30835,1.28038,1.00000
varied_p,62,1.66061,1.03227,1.00323
varied_p,63,1.80655,1.35269,1.00554
varied_p,64,1.68253,1.25971,1.13124
varied_p,65,1.39082,1.08549,1.08549
varied_p,66,1.17551,1.43632,1.06268
varied_p,67,3.20504,1.00665,1.00665
varied_p,68,1.67229,1.05415,1.05415
varied_p,69,1.12421,1.12421,1.03780
varied_p,70,1.52891,1.12918,1.11355
varied_p,71,1.39019,1.19311,1.00003
varied_p,72,1.63452,1.00587,1.00587
varied_p,73,1.03845,1.17662,1.00000
varied_p,74,2.34405,1.29123,1.00000
varied_p,75,1.23728,1.23728,1.01377
varied_p,76,2.30081,1.19176,1.00000
varied_p,77,1.61104,1.01075,1.00825
varied_p,78,1.51382,1.18747,1.18747
varied_p,79,1.70182,1.16236,1.08777
varied_p,80,1.71600,1.06189,1.05375
varied_p,81,1.63102,1.20599,1.20599
varied_p,82,1.32503,1.20376,1.11125
varied_p,83,1.38014,1.26696,1.00000
varied_p,84,1.92130,1.00000,1.00000
varied_p,85,1.33378,1.12279,1.12279
varied_p,86,1.85508,1.26022,1.00049
varied_p,87,3.89405,1.00000,1.00000
varied_p,88,1.52566,1.32933,1.02491
varied_p,89,1.98255,1.17794,1.00000
varied_p,90,1.86399,1.00000,1.00000
varied_p,91,1.61671,1.24503,1.05706
varied_p,92,2.45466,1.00316,1.00316
varied_p,93,1.27524,1.27524,1.08691
varied_p,94,1.05558,1.04648,1.04648
varied_p,95,1.17409,1.17409,1.06565
varied_p,96,1.16090,1.07158,1.07158
varied_p,97,2.17620,1.02847,1.02847
varied_p,98,3.12766,1.00000,1.00000
varied_p,99,1.57406,1.00000,1.00000
varied_p,100,1.71741,1.13482,1.00000
varied_p,101,1.08307,1.08307,1.08307
varied_p,102,1.61284,1.00000,1.00000
varied_p,103,4.54459,1.09776,1.09776
varied_p,104,1.13852,1.00000,1.00000
varied_p,105,1.72550,1.08665,1.00326
varied_p,106,1.80353,2.03130,1.00000
varied_p,107,1.25054,1.07894,1.06443
varied_p,108,2.16052,1.13611,1.00000
varied_p,109,1.84045,1.13589,1.00161
varied_p,110,1.56276,1.00000,1.00000
varied_p,111,5.58095,1.02796,1.02796
varied_p,112,1.61768,1.19525,1.19525
varied_p,113,1.44269,1.00416,1.00416
varied_p,114,1.35311,1.85224,1.00000
varied_p,115,1.26144,1.26144,1.00000
varied_p,116,2.97323,1.00000,1.00000
varied_p,117,1.37019,1.14444,1.00197
varied_p,118,4.06557,1.00000,1.00000
varied_p,119,1.97873,1.01650,1.01650
varied_p,120,1.17102,1.10733,1.10733
varied_p,121,2.63586,1.03081,1.00000
varied_p,122,1.87550,1.13119,1.00000
varied_p,123,1.16527,1.00031,1.00031
varied_p,124,1.61680,1.00000,1.00000
varied_p,125,2.91986,1.07550,1.00000
varied_p,126,1.89627,1.17926,1.00000
varied_p,127,1.33783,1.00016,1.00016
varied_p,128,4.21703,1.12500,1.00306
varied_p,129,1.73732,1.44381,1.00000
varied_p,130,2.64064,1.11415,1.04366
varied_p,131,1.82758,1.00387,1.00387
varied_p,132,1.53849,1.03008,1.03008
varied_p,133,1.14717,1.18676,1.14717
varied_p,134,1.38359,1.00000,1.00000
varied_p,135,2.10576,1.06269,1.06269
varied_p,136,1.43309,1.22215,1.22215
varied_p,137,1.22323,1.00000,1.00000
varied_p,138,1.89377,1.31507,1.00000
varied_p,139,1.30818,1.10734,1.08023
varied_p,140,3.39019,1.00000,1.00000
varied_p,141,1.71405,1.00000,1.00000
varied_p,142,1.96709,1.65227,1.00000
varied_p,143,2.84080,1.42263,1.02186
varied_p,144,1.14614,1.24160,1.11989
varied_p,145,2.00054,1.08367,1.00856
varied_p,146,1.70969,1.67676,1.01659
varied_p,147,1.05617,1.14305,1.05617
varied_p,148,3.42170,1.09330,1.00320
varied_p,149,2.23172,1.38016,1.00383
varied_p,150,2.01111,1.11027,1.01770
varied_p,151,5.44785,1.00000,1.00000
varied_p,152,1.75025,1.81995,1.06201
varied_p,153,3.32286,1.26799,1.04389
varied_p,154,1.52274,1.47970,1.15441
varied_p,155,1.16125,1.33975,1.00294
varied_p,156,1.93038,1.15730,1.00000
varied_p,157,3.66681,1.18266,1.00056
varied_p,158,2.28119,1.05670,1.05670
varied_p,159,1.16218,1.07146,1.00000
varied_p,160,1.80283,1.00000,1.00000
varied_p,161,1.00000,1.00000,1.00000
varied_p,162,2.26870,1.10359,1.10359
varied_p,163,1.34871,1.11415,1.11415
varied_p,164,1.35316,1.23066,1.00000
varied_p,165,1.04640,1.06963,1.04640
varied_p,166,1.89995,1.00103,1.00103
varied_p,167,2.57012,1.07307,1.07307
varied_p,168,1.45678,1.00000,1.00000
varied_p,169,1.94071,1.00326,1.00000
varied_p,170,1.57666,1.00000,1.00000
varied_p,171,4.17459,1.04990,1.04990
varied_p,172,1.13752,1.13752,1.00001
varied_p,173,1.37684,1.00000,1.00000
varied_p,174,1.73575,1.07695,1.07695
varied_p,175,1.44672,1.00011,1.00011
varied_p,176,1.20745,1.01290,1.01290
varied_p,177,1.13142,1.17707,1.02321
varied_p,178,2.21909,1.00000,1.00000
varied_p,179,2.12781,1.13779,1.05743
varied_p,180,1.75220,1.00835,1.00835
varied_p,181,1.81503,1.17691,1.00000
varied_p,182,2.03846,1.51716,1.02621
varied_p,183,1.68949,1.00000,1.00000
varied_p,184,2.91774,1.00041,1.00041
varied_p,185,3.97837,1.00079,1.00079
varied_p,186,2.67155,1.00000,1.00000
varied_p,187,1.84461,1.00979,1.00979
varied_p,188,1.80094,1.02332,1.02332
varied_p,189,1.33219,1.21525,1.21525
varied_p,190,2.45060,1.00000,1.00000
varied_p,191,2.96617,1.11111,1.00322
varied_p,192,1.03218,1.03218,1.00000
varied_p,193,2.00072,1.05815,1.02881
varied_p,194,1.33064,1.75082,1.01830
varied_p,195,2.63490,1.00000,1.00000
varied_p,196,1.02650,1.02650,1.02650
varied_p,197,4.07199,1.11867,1.11867
varied_p,198,1.53232,1.00000,1.00000
varied_p,199,2.64145,1.08884,1.08884
varied_p,200,1.68089,1.05374,1.05374
varied_p,201,1.47256,1.27503,1.01746
varied_p,202,1.40228,1.00363,1.00363
varied_p,203,1.59291,1.00611,1.00611
varied_p,204,1.59998,1.25972,1.13107
varied_p,205,2.99918,1.19241,1.09656
varied_p,206,2.19582,1.18360,1.18360
varied_p,207,2.43702,1.00913,1.00913
varied_p,208,3.70721,1.00750,1.00750
varied_p,209,3.28513,1.00000,1.00000
varied_p,210,1.20018,1.18750,1.00632
varied_p,211,1.03114,1.03114,1.03114
varied_p,212,1.58066,1.28403,1.28403
varied_p,213,1.13882,1.59364,1.10452
varied_p,214,2.72006,1.15558,1.00101
varied_p,215,1.22540,1.22540,1.08860
varied_p,216,2.16809,1.01982,1.01982
varied_p,217,1.82523,1.38342,1.00035
varied_p,218,1.39673,1.01389,1.01389
varied_p,219,1.65974,1.01697,1.01697
varied_p,220,1.54699,1.00000,1.00000
varied_p,221,1.06111,1.13298,1.00000
varied_p,222,1.02177,1.02177,1.02177
varied_p,223,3.85344,1.00000,1.00000
varied_p,224,2.36752,1.00035,1.00035
varied_p,225,1.25377,1.21144,1.01821
varied_p,226,1.93297,1.05212,1.05212
varied_p,227,2.60884,1.14033,1.14033
varied_p,228,1.17109,1.02893,1.02893
varied_p,229,1.92298,1.30214,1.05136
varied_p,230,4.05656,1.20554,1.00000
varied_p,231,2.27683,1.38747,1.00000
varied_p,232,1.01080,1.01080,1.01080
varied_p,233,1.15811,1.00000,1.00000
varied_p,234,1.47809,1.18467,1.08328
varied_p,235,1.36887,1.32193,1.00000
varied_p,236,2.24579,1.00847,1.00847
varied_p,237,1.75567,1.01654,1.01654
varied_p,238,1.82503,1.86194,1.06073
varied_p,239,1.33429,1.04454,1.04454
varied_p,240,1.16678,1.14937,1.00789
varied_p,241,3.15361,1.02892,1.02892
varied_p,242,1.36024,1.14910,1.12127
varied_p,243,1.29385,1.03061,1.03061
varied_p,244,1.54276,1.08769,1.08769
varied_p,245,1.29302,1.07892,1.02327
varied_p,246,1.26602,1.33170,1.00037
varied_p,247,1.94620,1.03537,1.00335
varied_p,248,1.57469,1.09628,1.09628
varied_p,249,1.01867,1.09025,1.01867
varied_p,250,1.37651,1.00000,1.00000
varied_p,251,1.15119,1.15119,1.04566
varied_p,252,2.08651,1.15537,1.00000
varied_p,253,1.43281,1.00000,1.00000
varied_p,254,1.44676,1.12107,1.06067
varied_p,255,1.40015,1.26016,1.02372
varied_p,256,1.58595,1.17699,1.00000
varied_p,257,2.31776,1.00346,1.00346
varied_p,258,1.50828,1.24187,1.00000
varied_p,259,1.61487,1.08132,1.08132
varied_p,260,2.11145,1.00119,1.00119
varied_p,261,1.30586,1.21157,1.08738
varied_p,262,1.21510,1.07064,1.02500
varied_p,263,1.50301,1.17516,1.17516
varied_p,264,2.97075,1.00947,1.00947
varied_p,265,1.77418,1.00232,1.00232
varied_p,266,1.00507,1.00507,1.00507
varied_p,267,1.16616,1.26110,1.10600
varied_p,268,2.83006,1.03176,1.03176
varied_p,269,1.20295,1.26310,1.06490
varied_p,270,1.57818,1.00122,1.00122
varied_p,271,1.68743,1.14282,1.00138
varied_p,272,1.08082,1.08082,1.08082
varied_p,273,1.72992,1.09000,1.09000
varied_p,274,1.52296,1.30330,1.00000
varied_p,275,2.42086,1.10682,1.00000
varied_p,276,2.23393,1.00000,1.00000
varied_p,277,1.36935,1.00341,1.00341
varied_p,278,1.84217,1.04165,1.04165
varied_p,279,1.80824,1.10826,1.02221
varied_p,280,2.05643,1.08698,1.05106
varied_p,281,1.29750,1.05027,1.05027
varied_p,282,1.45891,1.01789,1.01789
varied_p,283,1.69868,1.15529,1.06916
varied_p,284,1.45264,1.04119,1.04119
varied_p,285,2.42937,1.00000,1.00000
varied_p,286,3.20184,1.02895,1.02895
varied_p,287,1.09246,1.00000,1.00000
varied_p,288,2.13114,1.08915,1.00053
varied_p,289,1.36878,1.00796,1.00708
varied_p,290,1.79443,1.10523,1.00000
varied_p,291,2.62810,1.00000,1.00000
varied_p,292,1.77095,1.00000,1.00000
varied_p,293,1.73701,1.20280,1.00000
varied_p,294,1.38060,1.13087,1.13087
varied_p,295,2.02654,1.22121,1.00000
varied_p,296,1.61517,1.23581,1.00000
varied_p,297,4.99589,1.34377,1.00000
varied_p,298,1.66227,1.07535,1.07535
varied_p,299,1.54605,1.32940,1.00423
varied_p,300,1.02695,1.08878,1.01107
varied_p,301,7.48379,1.28004,1.00000
varied_p,302,1.35388,1.20956,1.03267
varied_p,303,1.86040,1.04372,1.03785
varied_p,304,1.78470,1.00000,1.00000
varied_p,305,1.21643,1.40060,1.00000
varied_p,306,1.60111,1.01314,1.01314
varied_p,307,1.46136,1.02391,1.02391
varied_p,308,1.66731,1.00090,1.00090
varied_p,309,1.00748,1.00748,1.00748
varied_p,310,1.34776,1.25150,1.05802
varied_p,311,2.55813,1.61762,1.06809
varied_p,312,1.00000,1.00000,1.00000
varied_p,313,1.28449,1.00275,1.00275
varied_p,314,2.11697,1.16992,1.00000
varied_p,315,1.55932,1.00000,1.00000
varied_p,316,1.53975,1.00000,1.00000
varied_p,317,1.37545,1.24458,1.00524
varied_p,318,2.41042,1.21362,1.21362
varied_p,319,1.05335,1.42293,1.04766
varied_p,320,2.01684,1.28745,1.00000
varied_p,321,1.78662,1.00000,1.00000
varied_p,322,1.31790,1.00000,1.00000
varied_p,323,1.00245,1.08225,1.00245
varied_p,324,1.77481,1.00114,1.00114
varied_p,325,2.32454,1.00000,1.00000
varied_p,326,1.15069,1.15820,1.15069
varied_p,327,1.00000,1.00000,1.00000
varied_p,328,1.51262,1.00343,1.00343
varied_p,329,2.16639,1.01464,1.01464
varied_p,330,1.49127,1.14494,1.03883
varied_p,331,1.27726,1.00000,1.00000
varied_p,332,1.46045,1.08418,1.03743
varied_p,333,3.05359,1.00046,1.00046
varied_p,334,1.04127,1.04127,1.03130
varied_p,335,2.67928,1.28398,1.16903
varied_p,336,2.21234,1.01632,1.01632
varied_p,337,1.07580,1.03468,1.02533
varied_p,338,2.76989,1.00000,1.00000
varied_p,339,1.20806,1.00000,1.00000
varied_p,340,2.15773,1.01249,1.01249
varied_p,341,1.25765,1.07936,1.00000
varied_p,342,1.22313,1.20967,1.00000
varied_p,343,3.47744,1.13709,1.05876
varied_p,344,1.68813,1.12948,1.01892
varied_p,345,1.77510,1.10955,1.10955
varied_p,346,1.66471,1.01815,1.01815
varied_p,347,1.24634,1.25271,1.01824
varied_p,348,2.74653,1.25256,1.00000
varied_p,349,1.64623,1.06503,1.06503
varied_p,350,1.54471,1.23973,1.10660
varied_p,351,2.07260,1.01131,1.01131
varied_p,352,1.44506,1.08992,1.08992
varied_p,353,1.14905,1.14905,1.14905
varied_p,354,1.76703,1.27580,1.02167
varied_p,355,1.68305,1.24247,1.01356
varied_p,356,2.80406,1.00641,1.00641
varied_p,357,1.35541,1.35541,1.00000
varied_p,358,1.09796,1.09796,1.09796
varied_p,359,3.03026,1.16049,1.01204
varied_p,360,1.35259,1.35166,1.06200
varied_p,361,1.55921,1.02410,1.02410
varied_p,362,1.22336,1.00000,1.00000
varied_p,363,2.93576,1.00000,1.00000
varied_p,364,2.19362,1.05266,1.05266
varied_p,365,1.45335,1.07363,1.07363
varied_p,366,7.22696,1.01262,1.01262
varied_p,367,1.45334,1.35303,1.10220
varied_p,368,1.07610,1.02389,1.02389
varied_p,369,1.56138,1.20432,1.02100
varied_p,370,1.71337,1.25657,1.05388
varied_p,371,1.73068,1.10410,1.00198
varied_p,372,2.30903,1.13503,1.01050
varied_p,373,1.24341,1.00000,1.00000
varied_p,374,1.36993,1.00018,1.00018
varied_p,375,1.87765,1.00040,1.00040
varied_p,376,2.07314,1.13675,1.00000
varied_p,377,1.33008,1.01003,1.01003
varied_p,378,1.91088,1.61275,1.00000
varied_p,379,1.02138,1.02138,1.02138
varied_p,380,1.67543,1.47721,1.08070
varied_p,381,2.18223,1.19873,1.19873
varied_p,382,2.85575,1.00151,1.00151
varied_p,383,1.27940,1.05187,1.05187
varied_p,384,1.18476,1.28025,1.12258
varied_p,385,1.11962,1.36084,1.09369
varied_p,386,1.06302,1.07471,1.03587
varied_p,387,2.14037,1.05820,1.00000
varied_p,388,3.21413,1.12097,1.12097
varied_p,389,3.91117,1.09113,1.00000
varied_p,390,3.93199,1.09872,1.00175
varied_p,391,1.69390,1.23721,1.00000
varied_p,392,2.67844,1.00000,1.00000
varied_p,393,1.01778,1.01778,1.01778
varied_p,394,3.21192,1.04814,1.00000
varied_p,395,1.27365,1.38238,1.00000
varied_p,396,1.49557,1.16353,1.04854
varied_p,397,1.18493,1.48732,1.00540
varied_p,398,1.85555,1.15965,1.15965
varied_p,399,1.30690,1.06256,1.06256
varied_p,400,1.00000,1.78897,1.00000
varied_p,401,1.11250,1.58527,1.00000
varied_p,402,1.73230,1.07254,1.00082
varied_p,403,1.57652,1.01529,1.00000
varied_p,404,3.07077,1.28703,1.03582
varied_p,405,1.03823,1.07815,1.03823
varied_p,406,1.14569,1.39555,1.03183
varied_p,407,2.13388,1.39451,1.00000
varied_p,408,1.16223,1.08898,1.08898
varied_p,409,2.60020,1.54297,1.18582
varied_p,410,2.85895,1.15045,1.00101
varied_p,411,1.71608,1.00148,1.00148
varied_p,412,2.52220,1.30119,1.01225
varied_p,413,1.30641,1.06554,1.04172
varied_p,414,2.11081,1.00000,1.00000
varied_p,415,3.27842,1.10258,1.00250
varied_p,416,1.66434,1.00000,1.00000
varied_p,417,2.79619,1.22947,1.03395
varied_p,418,1.22775,1.12023,1.00000
varied_p,419,2.54278,1.00000,1.00000
varied_p,420,2.29664,1.00298,1.00298
varied_p,421,1.84482,1.02328,1.02328
varied_p,422,2.03505,1.00000,1.00000
varied_p,423,1.46805,1.00031,1.00031
varied_p,424,1.32105,1.03284,1.03284
varied_p,425,1.68210,1.13912,1.00000
varied_p,426,1.08882,1.51442,1.05489
varied_p,427,4.03583,1.34485,1.03965
varied_p,428,1.87931,1.06620,1.00000
varied_p,429,2.46500,1.00000,1.00000
varied_p,430,1.72097,1.42948,1.00000
varied_p,431,2.08708,1.08479,1.03790
varied_p,432,1.77828,1.17238,1.01251
varied_p,433,1.32016,1.04894,1.04894
varied_p,434,1.23881,1.07289,1.07289
varied_p,435,2.03740,1.01028,1.01028
varied_p,436,1.95692,1.00000,1.00000
varied_p,437,2.32314,1.08659,1.08659
varied_p,438,1.57215,1.00282,1.00282
varied_p,439,3.06728,1.03936,1.03936
varied_p,440,1.36916,1.26726,1.03081
varied_p,441,1.08775,1.08775,1.08775
varied_p,442,1.55613,1.03686,1.03686
varied_p,443,1.40972,1.30356,1.10592
varied_p,444,1.89999,1.00191,1.00191
varied_p,445,1.68352,1.28240,1.04199
varied_p,446,1.27424,1.23280,1.00699
varied_p,447,2.95048,1.00883,1.00883
varied_p,448,1.83621,1.02040,1.02040
varied_p,449,1.48445,1.09338,1.09338
varied_p,450,2.46202,1.00409,1.00409
varied_p,451,1.68437,1.31217,1.00216
varied_p,452,1.10362,2.02293,1.00000
varied_p,453,2.46566,1.37171,1.00011
varied_p,454,2.14077,1.18045,1.18045
varied_p,455,2.79360,1.04271,1.04271
varied_p,456,2.49714,1.06850,1.00530
varied_p,457,1.88618,1.01918,1.01918
varied_p,458,1.91056,1.02303,1.02303
varied_p,459,4.59740,1.03145,1.03145
varied_p,460,2.25844,1.01011,1.01011
varied_p,461,1.60281,1.02609,1.02609
varied_p,462,4.07815,1.00328,1.00328
varied_p,463,2.30337,1.18492,1.18492
varied_p,464,1.08055,1.66827,1.00000
varied_p,465,1.71402,1.00399,1.00399
varied_p,466,1.20777,1.20777,1.00011
varied_p,467,1.23999,1.00977,1.00977
varied_p,468,3.35082,1.15284,1.00700
varied_p,469,1.50739,1.39897,1.13713
varied_p,470,2.68062,1.00708,1.00708
varied_p,471,1.06666,1.06666,1.01090
varied_p,472,1.51914,1.05126,1.05126
varied_p,473,1.99793,1.00000,1.00000
varied_p,474,2.14969,1.01206,1.01206
varied_p,475,1.21789,1.00000,1.00000
varied_p,476,1.00004,1.00004,1.00004
varied_p,477,1.79193,1.00000,1.00000
varied_p,478,2.29013,1.00573,1.00573
varied_p,479,1.08457,1.25701,1.04990
varied_p,480,1.56078,1.00598,1.00598
varied_p,481,2.22793,1.00000,1.00000
varied_p,482,1.36932,1.17854,1.00000
varied_p,483,2.40627,1.25794,1.25794
varied_p,484,1.05138,1.05138,1.05138
varied_p,485,2.00168,1.23112,1.04132
varied_p,486,1.57094,1.00797,1.00797
varied_p,487,2.66558,1.32872,1.03476
varied_p,488,1.87904,1.19019,1.03977
varied_p,489,1.93378,1.08898,1.00317
varied_p,490,1.55813,1.00000,1.00000
varied_p,491,1.45817,1.01864,1.01864
varied_p,492,1.31836,1.29069,1.03146
varied_p,493,2.26721,1.24210,1.03611
varied_p,494,1.59098,1.00053,1.00053
varied_p,495,2.51609,1.06929,1.06929
varied_p,496,1.27984,1.02072,1.02072
varied_p,497,2.93890,1.11752,1.00348
varied_p,498,2.15042,1.09363,1.09363
varied_p,499,2.02748,1.00843,1.00843
varied_p,500,1.23060,1.00211,1.00211
varied_p,501,1.21753,1.12801,1.12801
varied_p,502,1.38841,1.14085,1.00008
varied_p,503,1.70824,1.07037,1.07037
varied_p,504,1.72103,1.09109,1.09109
varied_p,505,1.55762,1.16431,1.06500
varied_p,506,1.68150,1.27124,1.00000
varied_p,507,2.06995,1.00000,1.00000
varied_p,508,1.66297,1.05524,1.05524
varied_p,509,1.20014,2.02377,1.00000
varied_p,510,1.44112,1.00170,1.00170
varied_p,511,4.35804,1.00000,1.00000
varied_p,512,2.06629,1.00136,1.00136
varied_p,513,1.79548,1.00124,1.00124
varied_p,514,1.41551,1.03210,1.02635
varied_p,515,2.94574,1.06857,1.00663
varied_p,516,1.57894,1.00099,1.00099
varied_p,517,1.02342,1.02342,1.02342
varied_p,518,1.57811,1.16597,1.16597
varied_p,519,3.22755,1.38766,1.00000
varied_p,520,1.32423,1.04709,1.00080
varied_p,521,1.35098,1.05289,1.05289
varied_p,522,2.68936,1.18649,1.13558
varied_p,523,1.72243,1.16015,1.00000
varied_p,524,1.92845,1.25315,1.02105
varied_p,525,1.59031,1.00000,1.00000
varied_p,526,1.58307,1.00000,1.00000
varied_p,527,1.97908,1.00000,1.00000
varied_p,528,1.36164,1.48739,1.00003
varied_p,529,2.15635,1.28860,1.04402
varied_p,530,1.58524,1.39273,1.01898
varied_p,531,2.41626,1.21664,1.01403
varied_p,532,1.50488,1.16958,1.01139
varied_p,533,1.22657,1.08885,1.08885
varied_p,534,1.37570,1.29835,1.00000
varied_p,535,2.63370,1.00840,1.00840
varied_p,536,2.49995,1.30524,1.00000
varied_p,537,3.26351,1.00747,1.00747
varied_p,538,1.13502,1.47619,1.01828
varied_p,539,1.79676,1.00000,1.00000
varied_p,540,1.29456,1.08619,1.08619
varied_p,541,1.42049,1.21626,1.10862
varied_p,542,2.79213,1.03262,1.03262
varied_p,543,1.45975,1.01286,1.01286
varied_p,544,1.88473,1.19715,1.05404
varied_p,545,1.94472,1.45344,1.00000
varied_p,546,1.25081,1.15271,1.00000
varied_p,547,1.00415,1.25690,1.00415
varied_p,548,2.92482,1.09761,1.00557
varied_p,549,1.05698,1.05698,1.05698
varied_p,550,1.16579,1.15820,1.15820
varied_p,551,2.03112,1.22844,1.00000
varied_p,552,1.38624,1.22623,1.00000
varied_p,553,1.87785,1.05958,1.05958
varied_p,554,3.08455,1.25421,1.00000
varied_p,555,2.71650,1.15551,1.00000
varied_p,556,1.72737,1.00000,1.00000
varied_p,557,1.88707,1.02846,1.02430
varied_p,558,1.91962,1.00000,1.00000
varied_p,559,1.80172,1.34660,1.01207
varied_p,560,1.02492,1.02492,1.02492
varied_p,561,1.27694,1.49607,1.00000
varied_p,562,1.15169,1.45184,1.00000
varied_p,563,1.24940,1.15908,1.06015
varied_p,564,2.35066,1.00000,1.00000
varied_p,565,1.44981,1.36043,1.00035
varied_p,566,1.94891,1.00014,1.00014
varied_p,567,1.95781,1.00713,1.00713
varied_p,568,1.22756,1.20196,1.00071
varied_p,569,3.50456,1.04348,1.04348
varied_p,570,1.05575,1.00947,1.00947
varied_p,571,2.08502,1.09818,1.09818
varied_p,572,1.67241,1.14540,1.14540
varied_p,573,1.41043,1.40495,1.01399
varied_p,574,2.69443,1.35093,1.00000
varied_p,575,2.92469,1.00217,1.00217
varied_p,576,2.68730,1.39612,1.00000
varied_p,577,3.06216,1.00000,1.00000
varied_p,578,2.39400,1.06581,1.06581
varied_p,579,2.43305,1.00318,1.00318
varied_p,580,2.09441,1.00895,1.00895
varied_p,581,1.72241,1.03829,1.03829
varied_p,582,1.62355,1.02211,1.02211
varied_p,583,1.81383,1.27188,1.00000
varied_p,584,1.88656,1.38313,1.00000
varied_p,585,1.60207,1.00000,1.00000
varied_p,586,1.10350,1.07159,1.07159
varied_p,587,2.71489,1.78566,1.02374
varied_p,588,3.38259,1.37235,1.00084
varied_p,589,1.33952,1.35223,1.33952
varied_p,590,3.27299,1.06088,1.06088
varied_p,591,2.25499,1.24126,1.03398
varied_p,592,1.97262,1.57708,1.05047
varied_p,593,2.09674,1.36972,1.00839
varied_p,594,1.05647,1.23705,1.05647
varied_p,595,1.44856,1.01123,1.01123
varied_p,596,3.78886,1.00000,1.00000
varied_p,597,1.22837,1.13548,1.13548
varied_p,598,1.02689,1.15365,1.02689
varied_p,599,1.74482,1.22275,1.13425
varied_p,600,2.29857,1.48232,1.00000
varied_p,601,1.67355,1.01904,1.01904
varied_p,602,1.41792,1.00000,1.00000
varied_p,603,1.50874,1.14276,1.14276
varied_p,604,1.70922,1.00000,1.00000
varied_p,605,1.35938,1.35938,1.03561
varied_p,606,1.17233,1.11800,1.11800
varied_p,607,2.57100,1.30964,1.00000
varied_p,608,1.69786,1.00000,1.00000
varied_p,609,1.41656,1.00978,1.00493
varied_p,610,1.99245,1.00000,1.00000
varied_p,611,1.15488,1.02395,1.02395
varied_p,612,1.52971,1.00609,1.00609
varied_p,613,3.68740,1.00000,1.00000
varied_p,614,1.80505,1.00000,1.00000
varied_p,615,3.82196,1.00000,1.00000
varied_p,616,1.88955,1.00137,1.00137
varied_p,617,1.29317,1.00882,1.00882
varied_p,618,1.53954,1.00049,1.00049
varied_p,619,2.84704,1.00000,1.00000
varied_p,620,1.35049,1.01983,1.00006
varied_p,621,1.29788,1.13345,1.13345
varied_p,622,2.69415,1.02014,1.02014
varied_p,623,2.13755,1.05534,1.05534
varied_p,624,2.16439,1.06551,1.06204
varied_p,625,1.82120,1.44054,1.00000
varied_p,626,1.46920,1.25834,1.00000
varied_p,627,1.91323,1.10026,1.10026
varied_p,628,1.13063,1.13063,1.13063
varied_p,629,1.17479,1.22519,1.11722
varied_p,630,2.64248,1.05164,1.00000
varied_p,631,1.71776,1.59452,1.00069
varied_p,632,1.50675,1.00729,1.00729
varied_p,633,1.30771,1.44581,1.00000
varied_p,634,1.79896,1.12720,1.03918
varied_p,635,1.57871,1.03180,1.03180
varied_p,636,1.52193,1.01258,1.01258
varied_p,637,1.91154,1.63008,1.00000
varied_p,638,1.27289,1.00338,1.00338
varied_p,639,1.19510,1.02900,1.02900
varied_p,640,1.57999,1.07876,1.07876
varied_p,641,2.26998,1.00000,1.00000
varied_p,642,1.84925,1.08700,1.08700
varied_p,643,1.68407,1.18709,1.00434
varied_p,644,2.74084,2.01991,1.00000
varied_p,645,2.85650,1.45401,1.02753
varied_p,646,1.46100,1.27661,1.02932
varied_p,647,1.38606,1.29079,1.00000
varied_p,648,4.21180,1.72082,1.00000
varied_p,649,3.50228,1.20438,1.00000
varied_p,650,1.70280,1.00000,1.00000
varied_p,651,2.56868,1.10828,1.06735
varied_p,652,1.42259,1.27135,1.00000
varied_p,653,2.03252,1.11769,1.04634
varied_p,654,1.75937,1.13681,1.03344
varied_p,655,1.43006,1.00000,1.00000
varied_p,656,1.23784,1.39068,1.00106
varied_p,657,1.20177,1.48998,1.18696
varied_p,658,1.39391,1.21155,1.00000
varied_p,659,4.67155,1.07264,1.07232
varied_p,660,1.68484,1.24014,1.00000
varied_p,661,3.12914,1.12942,1.12942
varied_p,662,2.61990,1.20175,1.00136
varied_p,663,2.93374,1.07829,1.07234
varied_p,664,1.33700,1.18375,1.08228
varied_p,665,1.46322,1.00000,1.00000
varied_p,666,2.67748,1.16028,1.00808
varied_p,667,1.51705,1.13398,1.00543
varied_p,668,1.97872,1.06640,1.06640
varied_p,669,1.72125,1.39543,1.01063
varied_p,670,1.67358,1.03884,1.03884
varied_p,671,1.22713,1.22713,1.14194
varied_p,672,1.32868,1.00101,1.00101
varied_p,673,1.55905,1.02729,1.02729
varied_p,674,1.71871,1.09909,1.09909
varied_p,675,1.09462,1.19892,1.09462
varied_p,676,1.58387,1.00953,1.00953
varied_p,677,1.64668,1.04072,1.04072
varied_p,678,1.90661,1.41342,1.08248
varied_p,679,1.57643,1.09988,1.09988
varied_p,680,2.25893,1.00493,1.00493
varied_p,681,2.28457,1.51821,1.00109
varied_p,682,1.29559,1.29559,1.00059
varied_p,683,1.06826,1.01216,1.01216
varied_p,684,1.46229,1.01268,1.00000
varied_p,685,1.71863,1.12701,1.12701
varied_p,686,1.52960,1.15909,1.03936
varied_p,687,2.06946,1.36656,1.02865
varied_p,688,1.02052,1.02052,1.02052
varied_p,689,3.89500,1.00000,1.00000
varied_p,690,2.83620,1.40865,1.00008
varied_p,691,3.03649,1.05043,1.05043
varied_p,692,1.00181,1.29258,1.00181
varied_p,693,3.13427,1.43099,1.03267
varied_p,694,2.30193,1.00609,1.00609
varied_p,695,1.66503,1.00000,1.00000
varied_p,696,1.90484,1.12673,1.12220
varied_p,697,2.62009,1.00000,1.00000
varied_p,698,1.45864,1.00000,1.00000
varied_p,699,1.93795,1.11642,1.00000
varied_p,700,1.54724,1.00183,1.00183
varied_p,701,1.49954,1.22668,1.10559
varied_p,702,1.29639,1.06968,1.06968
varied_p,703,1.47736,1.09416,1.09416
varied_p,704,4.15182,1.00000,1.00000
varied_p,705,1.55391,1.23075,1.04957
varied_p,706,1.33234,1.01267,1.01267
varied_p,707,2.08113,1.00511,1.00511
varied_p,708,4.62815,1.00000,1.00000
varied_p,709,1.16507,1.19662,1.03114
varied_p,710,1.34436,1.06503,1.02689
varied_p,711,1.71695,1.01600,1.01600
varied_p,712,1.37846,1.43103,1.00000
varied_p,713,1.97943,1.64634,1.00000
varied_p,714,1.25285,1.00000,1.00000
varied_p,715,1.80641,1.32494,1.00981
varied_p,716,5.28709,1.00351,1.00351
varied_p,717,1.14922,1.00117,1.00117
varied_p,718,1.67543,1.00224,1.00224
varied_p,719,2.34778,1.00748,1.00748
varied_p,720,1.27253,1.27253,1.00000
varied_p,721,1.80126,1.05553,1.05553
varied_p,722,1.72282,1.05166,1.05166
varied_p,723,1.29913,1.06995,1.06995
varied_p,724,1.24251,1.00000,1.00000
varied_p,725,2.44335,1.38751,1.00000
varied_p,726,1.84466,1.04275,1.04275
varied_p,727,1.05193,1.33101,1.05193
varied_p,728,2.62708,1.22477,1.13445
varied_p,729,2.08148,1.00300,1.00300
varied_p,730,1.80254,1.20626,1.08532
varied_p,731,1.94020,1.00625,1.00625
varied_p,732,1.66940,1.08990,1.08990
varied_p,733,1.00000,1.00000,1.00000
varied_p,734,1.11279,1.29331,1.00000
varied_p,735,1.99034,1.06026,1.06026
varied_p,736,1.20872,1.20872,1.00000
varied_p,737,2.47872,1.17339,1.00018
varied_p,738,1.08500,1.04150,1.04150
varied_p,739,1.25198,1.00124,1.00124
varied_p,740,3.81769,1.00062,1.00062
varied_p,741,5.89617,1.04095,1.04095
varied_p,742,1.42181,1.00302,1.00302
varied_p,743,1.88295,1.09801,1.00143
varied_p,744,1.45927,1.04560,1.00000
varied_p,745,1.46782,1.29093,1.00000
varied_p,746,1.67960,1.13068,1.01859
varied_p,747,2.23452,1.03313,1.03313
varied_p,748,2.26064,1.00000,1.00000
varied_p,749,1.29626,1.00125,1.00125
varied_p,750,1.34893,1.06620,1.00921
varied_p,751,1.27060,1.00820,1.00820
varied_p,752,1.77384,1.00000,1.00000
varied_p,753,1.51971,1.11836,1.11836
varied_p,754,1.41181,1.19794,1.19794
varied_p,755,1.69135,1.00008,1.00008
varied_p,756,1.42809,1.00816,1.00816
varied_p,757,3.76041,1.06327,1.06327
varied_p,758,1.26289,1.00236,1.00236
varied_p,759,1.32541,1.32541,1.08402
varied_p,760,1.82442,1.29549,1.19870
varied_p,761,2.20466,1.01432,1.01432
varied_p,762,2.14743,1.05327,1.05327
varied_p,763,1.06878,1.15560,1.00000
varied_p,764,1.03653,1.03653,1.03653
varied_p,765,2.19717,1.12408,1.08948
varied_p,766,1.60025,1.10873,1.10873
varied_p,767,1.35543,1.00000,1.00000
varied_p,768,1.32729,1.47039,1.00000
varied_p,769,2.10560,1.00136,1.00136
varied_p,770,4.24592,1.02878,1.02878
varied_p,771,1.74908,1.00000,1.00000
varied_p,772,1.00292,1.00292,1.00292
varied_p,773,1.15828,1.32679,1.00000
varied_p,774,1.03895,1.03895,1.03895
varied_p,775,3.23753,1.00018,1.00018
varied_p,776,1.20656,1.00159,1.00159
varied_p,777,2.81026,1.00000,1.00000
varied_p,778,1.00000,1.18962,1.00000
varied_p,779,1.10769,1.30837,1.00004
varied_p,780,3.86780,1.00324,1.00324
varied_p,781,1.71199,1.38290,1.03636
varied_p,782,1.23055,1.08231,1.08231
varied_p,783,3.73517,1.00000,1.00000
varied_p,784,1.88708,1.03386,1.03386
varied_p,785,3.02498,1.00000,1.00000
varied_p,786,1.03733,1.10572,1.03733
varied_p,787,1.65544,1.05715,1.05715
varied_p,788,9.21288,1.24626,1.00000
varied_p,789,1.50804,1.88731,1.00295
varied_p,790,1.80817,1.18314,1.00000
varied_p,791,1.64610,1.00000,1.00000
varied_p,792,2.42747,1.00180,1.00180
varied_p,793,1.30701,1.20676,1.00081
varied_p,794,2.03744,1.10174,1.03320
varied_p,795,4.01747,1.00000,1.00000
varied_p,796,1.83852,1.16090,1.00000
varied_p,797,1.31918,1.16036,1.00695
varied_p,798,1.90865,1.19822,1.19822
varied_p,799,1.55879,1.16570,1.15172
varied_p,800,1.84151,1.34704,1.01091
varied_p,801,1.78606,1.00330,1.00330
varied_p,802,2.09292,1.18669,1.00685
varied_p,803,1.78298,1.05745,1.01419
varied_p,804,1.09217,1.09217,1.09217
varied_p,805,1.15067,1.09003,1.09003
varied_p,806,2.15856,1.14695,1.02439
varied_p,807,1.56368,1.00000,1.00000
varied_p,808,2.30791,1.13783,1.00251
varied_p,809,1.37379,1.05873,1.00088
varied_p,810,1.40619,1.07338,1.01061
varied_p,811,1.08680,1.13836,1.04110
varied_p,812,2.13117,1.00000,1.00000
varied_p,813,2.05441,1.38148,1.16773
varied_p,814,1.86047,1.04848,1.04848
varied_p,815,1.99647,1.00463,1.00463
varied_p,816,1.84269,1.10998,1.00000
varied_p,817,1.76144,1.00003,1.00003
varied_p,818,4.31284,1.00000,1.00000
varied_p,819,1.25680,1.03435,1.03435
varied_p,820,4.06442,1.50718,1.02347
varied_p,821,1.62637,1.00053,1.00053
varied_p,822,1.39865,1.00274,1.00274
varied_p,823,4.28401,1.00010,1.00010
varied_p,824,1.59933,1.25017,1.02019
varied_p,825,1.22142,1.28093,1.04605
varied_p,826,2.35433,1.05418,1.05418
varied_p,827,1.97011,1.06034,1.06034
varied_p,828,1.73326,1.13876,1.00000
varied_p,829,2.10051,1.00176,1.00176
varied_p,830,1.05725,1.05725,1.05725
varied_p,831,1.00000,1.57449,1.00000
varied_p,832,1.72262,1.20515,1.00000
varied_p,833,1.05001,1.02804,1.02804
varied_p,834,1.95701,1.25654,1.06291
varied_p,835,2.60212,1.66167,1.00000
varied_p,836,1.00139,1.00139,1.00139
varied_p,837,1.63374,1.00551,1.00551
varied_p,838,2.29000,1.22294,1.04425
varied_p,839,1.23670,1.61178,1.05056
varied_p,840,1.29890,1.18520,1.11597
varied_p,841,1.62406,1.07435,1.07435
varied_p,842,2.11013,1.00756,1.00756
varied_p,843,1.49915,1.00565,1.00565
varied_p,844,1.38795,1.16186,1.00126
varied_p,845,1.57890,1.34394,1.00000
varied_p,846,2.62326,1.25381,1.00118
varied_p,847,1.40948,1.00368,1.00368
varied_p,848,1.08203,1.08203,1.08203
varied_p,849,2.10790,1.03995,1.00000
varied_p,850,2.01482,1.18042,1.15007
varied_p,851,1.14561,1.14561,1.01684
varied_p,852,1.54785,1.00374,1.00374
varied_p,853,1.63570,1.00000,1.00000
varied_p,854,1.40087,1.01050,1.01050
varied_p,855,1.08777,1.47893,1.01298
varied_p,856,1.30044,1.06632,1.06632
varied_p,857,2.20448,1.00000,1.00000
varied_p,858,1.08792,1.05904,1.00000
varied_p,859,4.18366,1.03373,1.01305
varied_p,860,2.00589,1.00000,1.00000
varied_p,861,1.28079,1.03489,1.03489
varied_p,862,1.11829,1.11829,1.07450
varied_p,863,1.21239,1.15703,1.13956
varied_p,864,1.47005,1.00008,1.00008
varied_p,865,2.28545,1.37778,1.00468
varied_p,866,3.48209,1.00160,1.00160
varied_p,867,1.82478,1.00158,1.00158
varied_p,868,1.28845,1.00000,1.00000
varied_p,869,1.03673,1.03673,1.03673
varied_p,870,1.08749,1.08749,1.08749
varied_p,871,1.49518,1.29633,1.29633
varied_p,872,1.53431,1.18065,1.02115
varied_p,873,2.54982,1.06119,1.06119
varied_p,874,1.29159,1.00000,1.00000
varied_p,875,1.64178,1.20446,1.18450
varied_p,876,2.69978,1.09245,1.09245
varied_p,877,2.40814,1.08999,1.01260
varied_p,878,2.73514,1.00009,1.00009
varied_p,879,1.53359,1.00010,1.00010
varied_p,880,1.42683,1.49261,1.00000
varied_p,881,1.04551,1.05429,1.00000
varied_p,882,1.70762,1.13360,1.00000
varied_p,883,2.68843,1.03892,1.03892
varied_p,884,1.00454,1.00454,1.00454
varied_p,885,1.43946,1.39675,1.00000
varied_p,886,1.62783,1.12936,1.12936
varied_p,887,4.27659,1.10349,1.01665
varied_p,888,1.61572,1.00003,1.00003
varied_p,889,3.24513,1.35194,1.00000
varied_p,890,1.84519,1.00000,1.00000
varied_p,891,1.83126,1.09651,1.04147
varied_p,892,2.23285,1.00000,1.00000
varied_p,893,2.66468,1.02813,1.00000
varied_p,894,2.45399,1.25924,1.00000
varied_p,895,1.69684,1.15071,1.15071
varied_p,896,2.82009,1.20041,1.00000
varied_p,897,1.05304,1.21950,1.05304
varied_p,898,1.44515,1.04914,1.04914
varied_p,899,4.99589,1.00916,1.00916
varied_p,900,1.32483,1.00000,1.00000
varied_p,901,1.40141,1.00301,1.00301
varied_p,902,1.57277,1.62932,1.00000
varied_p,903,1.43583,1.19611,1.00000
varied_p,904,1.56220,1.00000,1.00000
varied_p,905,1.00000,1.32374,1.00000
varied_p,906,1.17842,1.17842,1.00101
varied_p,907,1.18016,1.25255,1.01462
varied_p,908,1.03961,1.31103,1.03961
varied_p,909,1.10754,1.10754,1.10754
varied_p,910,1.99830,1.00000,1.00000
varied_p,911,2.71059,1.00000,1.00000
varied_p,912,2.15399,1.03223,1.03223
varied_p,913,1.45187,1.03768,1.03768
varied_p,914,2.24582,1.17972,1.05984
varied_p,915,2.06508,1.05111,1.05111
varied_p,916,1.30253,1.02499,1.02499
varied_p,917,1.63958,1.13526,1.13526
varied_p,918,2.72742,1.05051,1.05051
varied_p,919,1.51877,1.27481,1.00148
varied_p,920,1.38261,1.00605,1.00605
varied_p,921,4.72890,1.65854,1.00000
varied_p,922,1.27414,1.43778,1.00000
varied_p,923,1.09273,1.12129,1.02656
varied_p,924,1.06873,1.12224,1.00040
varied_p,925,1.52969,1.11960,1.00000
varied_p,926,5.41975,1.10146,1.00000
varied_p,927,1.20541,1.48340,1.00000
varied_p,928,1.90485,1.45967,1.00000
varied_p,929,1.46876,1.33460,1.00122
varied_p,930,1.86663,1.00000,1.00000
varied_p,931,1.70366,1.00000,1.00000
varied_p,932,2.75424,1.00000,1.00000
varied_p,933,1.40057,1.00996,1.00996
varied_p,934,1.48897,1.01812,1.01812
varied_p,935,1.46481,1.02537,1.02537
varied_p,936,2.23015,1.12236,1.12236
varied_p,937,1.36343,1.03941,1.03941
varied_p,938,1.13377,1.13377,1.01549
varied_p,939,2.56783,1.01461,1.01461
varied_p,940,1.46776,1.14723,1.14723
varied_p,941,2.06723,1.06942,1.06942
varied_p,942,2.78530,1.07498,1.07498
varied_p,943,1.92688,1.12532,1.00000
varied_p,944,1.61468,1.00044,1.00044
varied_p,945,1.55688,1.17353,1.00000
varied_p,946,1.15951,1.10940,1.09497
varied_p,947,1.64484,1.08871,1.00953
varied_p,948,1.53339,1.30339,1.00000
varied_p,949,1.51356,1.42991,1.00021
varied_p,950,1.01243,1.07106,1.01243
varied_p,951,1.89917,1.12108,1.12108
varied_p,952,1.79061,1.01054,1.01054
varied_p,953,1.64243,1.12075,1.12075
varied_p,954,1.94036,1.22269,1.02525
varied_p,955,2.57795,1.26839,1.00370
varied_p,956,1.48624,1.00162,1.00162
varied_p,957,1.72553,1.08926,1.08926
varied_p,958,1.19720,1.00000,1.00000
varied_p,959,3.62949,1.00000,1.00000
varied_p,960,1.61070,1.00000,1.00000
varied_p,961,1.62939,1.00000,1.00000
varied_p,962,2.48135,1.23389,1.03417
varied_p,963,1.00628,1.00628,1.00628
varied_p,964,1.38775,1.01031,1.01031
varied_p,965,2.19729,1.14843,1.14843
varied_p,966,2.94151,1.17689,1.00446
varied_p,967,2.32186,1.19143,1.00000
varied_p,968,1.00992,1.10992,1.00992
varied_p,969,2.84185,1.26569,1.00809
varied_p,970,1.62151,1.03725,1.00008
varied_p,971,1.72319,1.27520,1.06594
varied_p,972,1.25601,1.12525,1.00000
varied_p,973,1.34088,1.72671,1.00000
varied_p,974,1.26446,1.25973,1.23412
varied_p,975,1.00006,1.18277,1.00006
varied_p,976,3.31521,1.02612,1.02612
varied_p,977,1.34732,1.03553,1.03553
varied_p,978,1.84078,1.05591,1.05591
varied_p,979,2.18660,1.00000,1.00000
varied_p,980,1.75550,1.00000,1.00000
varied_p,981,1.17521,1.17521,1.00000
varied_p,982,1.86154,1.15345,1.01476
varied_p,983,2.06879,1.80770,1.03247
varied_p,984,1.13245,1.22764,1.00000
varied_p,985,1.37508,1.32215,1.00272
varied_p,986,1.00092,1.00092,1.00092
varied_p,987,1.00526,1.00526,1.00526
varied_p,988,1.19061,1.01237,1.01237
varied_p,989,1.09560,1.17293,1.05442
varied_p,990,2.28084,1.00847,1.00000
varied_p,991,1.98667,1.00638,1.00638
varied_p,992,1.36933,1.27560,1.07304
varied_p,993,1.94923,1.12189,1.02464
varied_p,994,1.41629,1.11960,1.09709
varied_p,995,1.00000,1.03564,1.00000
varied_p,996,1.15791,1.17564,1.00000
varied_p,997,1.84421,1.05202,1.05202
varied_p,998,1.22296,1.22296,1.00002
varied_p,999,1.17245,1.31903,1.07791
varied_p,1000,2.94494,1.00000,1.00000
varied_p,1001,1.13599,1.16703,1.07810
varied_p,1002,1.15524,1.52103,1.00000
varied_p,1003,1.02094,1.14430,1.02094
varied_p,1004,1.88996,1.12558,1.00000
varied_p,1005,1.00000,1.00000,1.00000
varied_p,1006,1.16111,1.02602,1.02222
varied_p,1007,1.75872,1.25606,1.25606
varied_p,1008,1.39600,1.00410,1.00410
varied_p,1009,1.35529,1.00000,1.00000
varied_p,1010,1.36541,1.09584,1.09584
varied_p,1011,1.48591,1.05140,1.05140
varied_p,1012,1.23948,1.23948,1.00000
varied_p,1013,1.31354,1.12760,1.09643
varied_p,1014,1.02970,1.02970,1.02970
varied_p,1015,1.52250,1.01226,1.01226
varied_p,1016,1.42285,1.20359,1.00651
varied_p,1017,1.55156,1.00016,1.00016
varied_p,1018,1.69976,1.02878,1.02878
varied_p,1019,1.00000,1.00000,1.00000
varied_p,1020,2.15104,1.35733,1.00471
varied_p,1021,2.66989,1.00005,1.00005
varied_p,1022,3.63365,1.00000,1.00000
varied_p,1023,1.51365,1.01779,1.01779
varied_p,1024,1.92233,1.21907,1.02020
varied_p,1025,1.00050,1.00050,1.00050
varied_p,1026,2.78099,1.19770,1.08064
varied_p,1027,1.67114,1.00849,1.00849
varied_p,1028,2.18302,1.24262,1.24262
varied_p,1029,1.17391,1.09081,1.09081
varied_p,1030,2.67514,1.58893,1.00000
varied_p,1031,2.61699,1.10012,1.10012
varied_p,1032,1.04064,1.07675,1.04064
varied_p,1033,2.18228,1.11116,1.11116
varied_p,1034,2.05420,1.08861,1.00000
varied_p,1035,2.00233,1.02814,1.02814
varied_p,1036,1.00012,1.00012,1.00012
varied_p,1037,1.72102,1.21457,1.00597
varied_p,1038,2.04298,1.14486,1.05868
varied_p,1039,2.42016,1.00000,1.00000
varied_p,1040,1.26795,1.22829,1.00000
varied_p,1041,1.75147,1.00350,1.00350
varied_p,1042,1.58327,1.00043,1.00043
varied_p,1043,1.96113,1.16593,1.16593
varied_p,1044,1.90722,1.04024,1.04024
varied_p,1045,1.62278,1.34034,1.05795
varied_p,1046,1.01145,1.03786,1.01145
varied_p,1047,2.16927,1.05232,1.00000
varied_p,1048,1.35359,1.38367,1.10044
varied_p,1049,1.64796,1.10926,1.00000
varied_p,1050,1.72080,1.13449,1.13449
varied_p,1051,3.09010,1.07041,1.07041
varied_p,1052,2.18762,1.14903,1.06328
varied_p,1053,2.62112,1.08570,1.00000
varied_p,1054,1.00892,1.00892,1.00892
varied_p,1055,2.09591,1.15799,1.01466
varied_p,1056,3.48141,1.31281,1.01317
varied_p,1057,1.81744,1.25077,1.00445
varied_p,1058,3.10078,1.30260,1.00000
varied_p,1059,1.74075,1.00257,1.00257
varied_p,1060,1.39268,1.02740,1.02740
varied_p,1061,2.81564,1.00000,1.00000
varied_p,1062,1.90680,1.14640,1.00000
varied_p,1063,2.87882,1.21603,1.21603
varied_p,1064,2.42923,1.38869,1.01357
varied_p,1065,1.96384,1.32646,1.06566
varied_p,1066,2.24169,1.26697,1.00000
varied_p,1067,1.00000,1.00000,1.00000
varied_p,1068,1.06937,1.04135,1.00412
varied_p,1069,1.29246,1.12800,1.12800
varied_p,1070,1.37804,1.27527,1.03566
varied_p,1071,5.47852,1.14640,1.00000
varied_p,1072,3.27920,1.34143,1.00000
varied_p,1073,1.00000,1.20710,1.00000
varied_p,1074,1.53557,1.05441,1.00000
varied_p,1075,1.96696,1.00015,1.00015
varied_p,1076,2.18229,1.00000,1.00000
varied_p,1077,1.05978,1.05978,1.00922
varied_p,1078,1.91036,1.02372,1.02372
varied_p,1079,1.35874,1.00323,1.00323
varied_p,1080,1.22161,1.65566,1.16711
varied_p,1081,2.56327,1.26353,1.00495
varied_p,1082,3.75367,1.00303,1.00303
varied_p,1083,3.08574,1.26644,1.00102
varied_p,1084,1.07718,1.09353,1.07718
varied_p,1085,1.81592,1.31337,1.00000
varied_p,1086,1.86902,1.57108,1.00042
varied_p,1087,1.94463,1.00000,1.00000
varied_p,1088,7.05170,1.00000,1.00000
varied_p,1089,1.39157,1.02159,1.02159
varied_p,1090,2.12010,1.26258,1.05016
varied_p,1091,1.16519,1.46416,1.01589
varied_p,1092,1.56033,1.12430,1.12430
varied_p,1093,1.42898,1.16006,1.00645
varied_p,1094,1.75806,1.00000,1.00000
varied_p,1095,1.61541,1.00000,1.00000
varied_p,1096,1.06653,1.05377,1.05377
varied_p,1097,2.53533,1.00002,1.00002
varied_p,1098,1.64997,1.00000,1.00000
varied_p,1099,3.10055,1.10472,1.10472
varied_p,1100,1.65395,1.09228,1.00000
varied_p,1101,2.14335,1.02222,1.02222
varied_p,1102,6.77424,1.00000,1.00000
varied_p,1103,1.82001,1.07924,1.01175
varied_p,1104,1.28643,1.28643,1.00105
varied_p,1105,2.02886,1.03875,1.03875
varied_p,1106,1.41485,1.38209,1.04984
varied_p,1107,1.11076,1.11076,1.02019
varied_p,1108,1.09087,1.01036,1.01036
varied_p,1109,2.03929,2.09199,1.10351
varied_p,1110,1.98976,1.03978,1.03978
varied_p,1111,2.99930,1.10123,1.00203
varied_p,1112,1.40509,1.17652,1.00459
varied_p,1113,1.15280,1.15280,1.04304
varied_p,1114,1.69356,1.00000,1.00000
varied_p,1115,1.41060,1.10403,1.09812
varied_p,1116,1.59469,1.00123,1.00123
varied_p,1117,1.61744,1.44831,1.00000
varied_p,1118,1.55262,1.23020,1.07773
varied_p,1119,1.14747,1.11204,1.11204
varied_p,1120,1.52643,1.00017,1.00017
varied_p,1121,2.24658,1.00001,1.00001
varied_p,1122,2.51838,1.00282,1.00282
varied_p,1123,1.42356,1.16551,1.01069
varied_p,1124,1.22748,1.21404,1.15081
varied_p,1125,3.41622,1.01400,1.01400
varied_p,1126,3.20889,1.00000,1.00000
varied_p,1127,1.37817,1.18790,1.18790
varied_p,1128,2.47035,1.10146,1.00113
varied_p,1129,2.47641,1.21444,1.00736
varied_p,1130,1.58061,1.04148,1.04148
varied_p,1131,2.11229,1.00058,1.00058
varied_p,1132,1.09599,1.37661,1.09599
varied_p,1133,3.27454,1.00000,1.00000
varied_p,1134,1.71597,1.07692,1.01958
varied_p,1135,1.26052,1.29198,1.06931
varied_p,1136,1.22718,1.22573,1.00000
varied_p,1137,1.77528,1.00000,1.00000
varied_p,1138,1.89458,1.22360,1.10045
varied_p,1139,4.12090,1.13915,1.00315
varied_p,1140,1.62114,1.11511,1.10710
varied_p,1141,1.23313,1.05213,1.05213
varied_p,1142,1.53959,1.00037,1.00037
varied_p,1143,2.48370,1.00000,1.00000
varied_p,1144,1.15146,1.17872,1.15146
varied_p,1145,1.00766,1.00766,1.00766
varied_p,1146,1.07692,1.07692,1.07692
varied_p,1147,1.59560,1.00000,1.00000
varied_p,1148,1.04567,1.04567,1.04567
varied_p,1149,1.72381,1.34588,1.11724
varied_p,1150,1.64963,1.00000,1.00000
varied_p,1151,1.51708,1.22866,1.05251
varied_p,1152,3.50582,1.58291,1.24320
varied_p,1153,2.03247,1.24392,1.09699
varied_p,1154,2.53006,1.02126,1.02126
varied_p,1155,1.44029,1.00000,1.00000
varied_p,1156,1.40148,1.06611,1.06611
varied_p,1157,1.32082,1.00000,1.00000
varied_p,1158,2.03673,1.05208,1.00026
varied_p,1159,1.86447,1.21612,1.21612
varied_p,1160,3.62671,1.07213,1.07213
varied_p,1161,1.95483,1.06163,1.00000
varied_p,1162,1.33919,1.17149,1.08088
varied_p,1163,1.20933,1.20933,1.12864
varied_p,1164,1.11515,1.27010,1.11515
varied_p,1165,4.06422,1.01018,1.01018
varied_p,1166,2.54279,1.22856,1.06716
varied_p,1167,1.43824,1.16196,1.06541
varied_p,1168,2.31750,1.01809,1.01809
varied_p,1169,1.54203,1.00090,1.00090
varied_p,1170,1.92252,1.19255,1.00031
varied_p,1171,1.40050,1.09984,1.09984
varied_p,1172,1.97136,1.17091,1.02116
varied_p,1173,1.89795,1.00000,1.00000
varied_p,1174,1.41731,1.23606,1.11146
varied_p,1175,1.27559,1.46640,1.08929
varied_p,1176,1.70585,1.00001,1.00001
varied_p,1177,2.29101,1.00000,1.00000
varied_p,1178,1.05836,1.00077,1.00077
varied_p,1179,1.09797,1.19916,1.00211
varied_p,1180,1.19697,1.19697,1.19697
varied_p,1181,1.04720,1.10249,1.04720
varied_p,1182,1.31156,1.18092,1.00192
varied_p,1183,1.43122,1.32348,1.00079
varied_p,1184,1.00000,1.00000,1.00000
varied_p,1185,2.19521,1.38675,1.00285
varied_p,1186,1.36607,1.23150,1.23150
varied_p,1187,1.38518,1.12203,1.12203
varied_p,1188,1.28125,1.17975,1.05068
varied_p,1189,1.66794,1.04478,1.04478
varied_p,1190,1.16444,1.40494,1.00000
varied_p,1191,1.51588,1.12245,1.01831
varied_p,1192,1.89071,1.25961,1.00000
varied_p,1193,2.21899,1.17990,1.17990
varied_p,1194,3.52320,1.00000,1.00000
varied_p,1195,1.34659,1.04983,1.04983
varied_p,1196,1.00004,1.00004,1.00004
varied_p,1197,4.81616,1.06430,1.06430
varied_p,1198,3.03514,1.00000,1.00000
varied_p,1199,4.74819,1.40697,1.00855
varied_p,1200,1.01854,1.01854,1.01854
varied_p,1201,1.62464,1.00000,1.00000
varied_p,1202,1.05114,1.13278,1.03022
varied_p,1203,1.17711,1.17711,1.00000
varied_p,1204,1.60543,1.13368,1.13368
varied_p,1205,2.12770,1.17444,1.03060
varied_p,1206,1.27059,1.09647,1.09647
varied_p,1207,1.60127,1.00000,1.00000
varied_p,1208,1.35994,1.00411,1.00411
varied_p,1209,1.80536,1.19888,1.19888
varied_p,1210,3.94951,1.45199,1.29743
varied_p,1211,5.10024,1.09129,1.00000
varied_p,1212,1.83267,1.00376,1.00376
varied_p,1213,1.08686,1.29287,1.05375
varied_p,1214,2.02340,1.00415,1.00415
varied_p,1215,1.54772,1.17620,1.14354
varied_p,1216,2.68397,1.15298,1.15298
varied_p,1217,5.70098,1.26741,1.00000
varied_p,1218,1.89534,1.07531,1.02953
varied_p,1219,1.79728,1.03961,1.03961
varied_p,1220,1.56598,1.15545,1.00000
varied_p,1221,2.01538,1.14954,1.02437
varied_p,1222,1.00872,1.00872,1.00872
varied_p,1223,1.72196,1.12927,1.00000
varied_p,1224,3.05365,1.00000,1.00000
varied_p,1225,1.20087,1.21588,1.00000
varied_p,1226,1.58851,1.00063,1.00063
varied_p,1227,1.76204,1.05209,1.05209
varied_p,1228,2.46821,1.00000,1.00000
varied_p,1229,1.14476,1.72666,1.00000
varied_p,1230,2.26437,1.00072,1.00072
varied_p,1231,1.97296,1.29119,1.00013
varied_p,1232,2.48896,1.08280,1.00000
varied_p,1233,1.35846,1.00468,1.00468
varied_p,1234,2.06085,1.00627,1.00627
varied_p,1235,1.32561,1.13007,1.02350
varied_p,1236,1.77769,1.35087,1.00011
varied_p,1237,2.19559,1.00182,1.00182
varied_p,1238,1.21769,1.10114,1.10114
varied_p,1239,1.38391,1.03032,1.00000
varied_p,1240,1.33938,1.14008,1.14008
varied_p,1241,1.23138,1.05060,1.05060
varied_p,1242,2.26826,1.01398,1.01398
varied_p,1243,1.02065,1.02065,1.02065
varied_p,1244,3.07524,1.39686,1.01111
varied_p,1245,1.72139,1.28274,1.00000
varied_p,1246,1.60682,1.41822,1.00000
varied_p,1247,2.11556,1.00422,1.00422
varied_p,1248,2.19688,1.36142,1.00255
varied_p,1249,2.27455,1.00000,1.00000
varied_p,1250,1.53150,1.16774,1.00127
varied_p,1251,1.00000,1.30066,1.00000
varied_p,1252,1.90441,1.00693,1.00693
varied_p,1253,8.93219,1.00000,1.00000
varied_p,1254,1.03885,1.08458,1.03885
varied_p,1255,1.16755,1.16755,1.16755
varied_p,1256,1.33159,1.00000,1.00000
varied_p,1257,2.34227,1.00000,1.00000
varied_p,1258,2.31525,1.05999,1.05999
varied_p,1259,1.42819,1.08435,1.08435
varied_p,1260,1.75400,1.16292,1.16292
varied_p,1261,2.74044,1.10112,1.10112
varied_p,1262,1.06004,1.42157,1.04898
varied_p,1263,1.10057,1.33201,1.00000
varied_p,1264,1.80108,1.37678,1.00028
varied_p,1265,2.63695,1.24138,1.08229
varied_p,1266,1.34450,1.00280,1.00280
varied_p,1267,1.25696,1.29020,1.00844
varied_p,1268,1.82858,1.16003,1.00000
varied_p,1269,1.71085,1.21828,1.21828
varied_p,1270,2.13425,1.09513,1.09513
varied_p,1271,1.42500,1.02345,1.02345
varied_p,1272,3.31333,1.00000,1.00000
varied_p,1273,1.28457,1.12212,1.12212
varied_p,1274,1.30514,1.01214,1.01214
varied_p,1275,1.03097,1.03097,1.03097
varied_p,1276,1.35320,1.01976,1.01976
varied_p,1277,1.27767,1.04835,1.04835
varied_p,1278,1.68426,1.12772,1.00000
varied_p,1279,2.38696,1.11690,1.11690
varied_p,1280,1.29618,1.51327,1.14824
varied_p,1281,1.65206,1.33423,1.06581
varied_p,1282,1.60520,1.00000,1.00000
varied_p,1283,1.81900,1.03660,1.03660
varied_p,1284,1.13327,1.06685,1.06685
varied_p,1285,2.79042,1.05856,1.05856
varied_p,1286,3.40665,1.00000,1.00000
varied_p,1287,1.70139,1.00000,1.00000
varied_p,1288,2.53554,1.13277,1.00000
varied_p,1289,1.00000,1.00000,1.00000
varied_p,1290,1.33208,1.01846,1.01846
varied_p,1291,1.39813,1.10856,1.00000
varied_p,1292,1.32494,1.00000,1.00000
varied_p,1293,1.49541,1.01050,1.01050
varied_p,1294,1.00001,1.00001,1.00001
varied_p,1295,1.94253,1.10967,1.10967
varied_p,1296,2.48474,1.29522,1.00394
varied_p,1297,2.24669,1.00348,1.00348
varied_p,1298,1.43859,1.25910,1.00156
varied_p,1299,1.53754,1.16185,1.04700
varied_p,1300,2.26893,1.05017,1.05017
varied_p,1301,1.98556,1.14048,1.14048
varied_p,1302,1.59745,1.29345,1.00005
varied_p,1303,1.00000,1.00000,1.00000
varied_p,1304,2.57227,1.27394,1.10473
varied_p,1305,1.46431,1.00000,1.00000
varied_p,1306,1.38668,1.28737,1.00000
varied_p,1307,2.63155,1.10507,1.10507
varied_p,1308,1.60910,1.02464,1.02464
varied_p,1309,1.38971,1.00000,1.00000
varied_p,1310,1.80940,1.02264,1.02264
varied_p,1311,1.07223,1.08188,1.03252
varied_p,1312,1.71179,1.03675,1.00000
varied_p,1313,5.28795,1.00369,1.00369
varied_p,1314,1.22335,1.23851,1.01736
varied_p,1315,2.70928,1.00000,1.00000
varied_p,1316,1.60038,1.19728,1.01864
varied_p,1317,1.76689,1.03029,1.03029
varied_p,1318,2.77619,1.54655,1.12962
varied_p,1319,1.06047,1.00157,1.00157
varied_p,1320,1.70460,1.17302,1.01683
varied_p,1321,1.50874,1.02733,1.02733
varied_p,1322,1.52263,1.03896,1.03896
varied_p,1323,4.54086,1.01307,1.01307
varied_p,1324,1.40797,1.38694,1.00000
varied_p,1325,1.31548,1.12107,1.10594
varied_p,1326,1.42297,1.00020,1.00020
varied_p,1327,1.27303,1.00010,1.00010
varied_p,1328,5.79045,1.00000,1.00000
varied_p,1329,1.98658,1.07690,1.00000
varied_p,1330,1.53229,1.08742,1.08742
varied_p,1331,2.17710,1.07614,1.07614
varied_p,1332,2.02776,1.00000,1.00000
varied_p,1333,2.46905,1.00004,1.00004
varied_p,1334,2.02725,1.00197,1.00197
varied_p,1335,1.45841,1.06134,1.06134
varied_p,1336,1.55068,1.07393,1.07393
varied_p,1337,1.98434,1.38285,1.00000
varied_p,1338,2.60444,1.00178,1.00178
varied_p,1339,1.20010,1.01262,1.01262
varied_p,1340,3.80091,1.28604,1.00023
varied_p,1341,1.47045,1.00000,1.00000
varied_p,1342,2.83667,1.01833,1.01833
varied_p,1343,1.45637,1.17538,1.00000
varied_p,1344,1.00000,2.26104,1.00000
varied_p,1345,1.21944,1.00000,1.00000
varied_p,1346,1.75981,1.06471,1.00000
varied_p,1347,1.06465,1.10723,1.06465
varied_p,1348,1.12228,1.01165,1.01165
varied_p,1349,1.83104,1.24944,1.05020
varied_p,1350,1.03516,1.08872,1.00000
varied_p,1351,2.24738,1.45434,1.00000
varied_p,1352,2.39084,1.09287,1.09287
varied_p,1353,1.03162,1.03162,1.03162
varied_p,1354,1.45506,1.28550,1.03886
varied_p,1355,2.22922,1.24171,1.00000
varied_p,1356,1.45229,1.21213,1.00000
varied_p,1357,1.00000,1.10599,1.00000
varied_p,1358,1.80767,1.01576,1.00175
varied_p,1359,4.45264,1.73613,1.00000
varied_p,1360,2.26260,1.10527,1.00000
varied_p,1361,1.13231,1.01925,1.01925
varied_p,1362,1.41335,1.10295,1.10295
varied_p,1363,1.25626,1.00768,1.00000
varied_p,1364,1.89898,1.01578,1.00077
varied_p,1365,2.71791,1.00000,1.00000
varied_p,1366,6.23633,1.00000,1.00000
varied_p,1367,1.64549,1.00000,1.00000
varied_p,1368,1.66260,1.00365,1.00365
varied_p,1369,1.28494,1.14996,1.00715
varied_p,1370,2.36502,1.04650,1.04650
varied_p,1371,1.00000,1.00000,1.00000
varied_p,1372,1.78687,1.00361,1.00361
varied_p,1373,4.06017,1.17242,1.00000
varied_p,1374,1.04862,1.04494,1.04494
varied_p,1375,1.56509,1.05331,1.05331
varied_p,1376,1.57474,1.13125,1.00112
varied_p,1377,2.69594,1.11446,1.01638
varied_p,1378,1.22678,1.01671,1.01671
varied_p,1379,1.80031,1.02619,1.02619
varied_p,1380,2.26234,1.28744,1.10016
varied_p,1381,1.55937,1.00107,1.00107
varied_p,1382,2.17502,1.00000,1.00000
varied_p,1383,1.39218,1.00004,1.00004
varied_p,1384,1.47340,1.00018,1.00018
varied_p,1385,1.32569,1.10228,1.10228
varied_p,1386,2.51191,1.00000,1.00000
varied_p,1387,3.37388,1.06691,1.06691
varied_p,1388,2.01450,1.00388,1.00388
varied_p,1389,1.22963,1.01700,1.01700
varied_p,1390,2.40518,1.14542,1.14542
varied_p,1391,7.82031,1.00000,1.00000
varied_p,1392,1.71283,1.00473,1.00068
varied_p,1393,1.98017,1.12146,1.01331
varied_p,1394,1.22885,1.00000,1.00000
varied_p,1395,1.33405,1.03849,1.03849
varied_p,1396,1.22399,1.02081,1.02081
varied_p,1397,1.00000,1.93467,1.00000
varied_p,1398,1.09588,1.00000,1.00000
varied_p,1399,1.99442,1.00021,1.00021
varied_p,1400,1.49076,1.00183,1.00183
varied_p,1401,1.10879,1.08077,1.08077
varied_p,1402,1.22257,1.07228,1.00090
varied_p,1403,3.32875,1.23902,1.00396
varied_p,1404,2.60559,1.02095,1.02095
varied_p,1405,1.70464,1.03100,1.03100
varied_p,1406,1.41062,1.00000,1.00000
varied_p,1407,1.46080,1.08199,1.03196
varied_p,1408,2.25758,1.02687,1.02687
varied_p,1409,1.50924,1.19549,1.00000
varied_p,1410,2.03155,1.03526,1.00000
varied_p,1411,1.04777,1.11440,1.00629
varied_p,1412,1.07465,1.07465,1.07465
varied_p,1413,1.75880,1.00000,1.00000
varied_p,1414,1.95677,1.16153,1.01017
varied_p,1415,1.42204,1.00000,1.00000
varied_p,1416,1.25740,1.10968,1.03827
varied_p,1417,1.44115,1.37427,1.00014
varied_p,1418,1.26446,1.03451,1.03451
varied_p,1419,1.82294,1.06272,1.06272
varied_p,1420,1.13210,1.11383,1.11383
varied_p,1421,1.00000,1.00000,1.00000
varied_p,1422,1.29263,1.03256,1.03256
varied_p,1423,1.32493,1.15000,1.00196
varied_p,1424,1.31246,1.23830,1.09050
varied_p,1425,6.14247,1.06665,1.06665
varied_p,1426,1.16255,1.16255,1.02504
varied_p,1427,1.18814,1.01361,1.01361
varied_p,1428,2.45929,1.00000,1.00000
varied_p,1429,2.65854,1.17179,1.04793
varied_p,1430,1.58234,1.13103,1.00000
varied_p,1431,1.15699,1.04592,1.01283
varied_p,1432,2.41286,1.05915,1.05915
varied_p,1433,1.34207,1.00272,1.00272
varied_p,1434,1.58271,1.04503,1.04503
varied_p,1435,2.72704,1.28390,1.00000
varied_p,1436,1.11541,1.11541,1.02496
varied_p,1437,2.99696,1.00000,1.00000
varied_p,1438,1.09053,1.09145,1.09053
varied_p,1439,1.29101,1.07416,1.07416
varied_p,1440,2.25824,1.30719,1.00000
varied_p,1441,2.18528,1.18294,1.00030
varied_p,1442,1.05405,1.05405,1.05405
varied_p,1443,1.21323,1.16335,1.00092
varied_p,1444,1.19026,1.00000,1.00000
varied_p,1445,2.46160,1.00000,1.00000
varied_p,1446,2.47097,1.14126,1.00000
varied_p,1447,1.83696,1.00000,1.00000
varied_p,1448,1.77978,1.26527,1.00154
varied_p,1449,1.48456,1.21737,1.18350
varied_p,1450,1.13605,1.25515,1.07127
varied_p,1451,1.89452,1.13961,1.13961
varied_p,1452,1.95482,1.02162,1.02162
varied_p,1453,1.68860,1.00494,1.00494
varied_p,1454,2.63064,1.19108,1.00000
varied_p,1455,3.16821,1.11946,1.00000
varied_p,1456,3.68017,1.00421,1.00421
varied_p,1457,2.47678,1.00118,1.00118
varied_p,1458,1.18555,1.05502,1.05502
varied_p,1459,1.87271,1.32470,1.01592
varied_p,1460,3.38637,1.00000,1.00000
varied_p,1461,1.19251,1.10352,1.03558
varied_p,1462,1.71075,1.20683,1.20683
varied_p,1463,2.80087,1.06229,1.06229
varied_p,1464,3.14601,1.00118,1.00118
varied_p,1465,3.18618,1.39779,1.00795
varied_p,1466,1.98406,1.07551,1.07551
varied_p,1467,1.72589,1.04931,1.04931
varied_p,1468,2.00710,1.00000,1.00000
varied_p,1469,2.31890,1.39826,1.00841
varied_p,1470,1.38898,1.43079,1.00000
varied_p,1471,1.32103,1.00277,1.00277
varied_p,1472,1.61475,1.48488,1.00496
varied_p,1473,1.94575,1.00000,1.00000
varied_p,1474,1.44415,1.00231,1.00231
varied_p,1475,2.90873,1.17611,1.00000
varied_p,1476,2.46724,1.20062,1.00262
varied_p,1477,1.43312,1.04968,1.04968
varied_p,1478,1.54094,1.12715,1.00000
varied_p,1479,1.63010,1.05932,1.05932
varied_p,1480,1.96710,1.00000,1.00000
varied_p,1481,1.63953,1.03090,1.03090
varied_p,1482,1.39650,1.00935,1.00935
varied_p,1483,1.98935,1.14255,1.14255
varied_p,1484,2.34677,1.00000,1.00000
varied_p,1485,1.26080,1.21979,1.01278
varied_p,1486,2.29603,1.00242,1.00242
varied_p,1487,3.01262,1.09339,1.00098
varied_p,1488,1.25648,1.03835,1.03835
varied_p,1489,1.66269,1.02530,1.02530
varied_p,1490,1.79058,1.00000,1.00000
varied_p,1491,1.29132,1.00297,1.00297
varied_p,1492,1.53983,1.02291,1.02291
varied_p,1493,1.48975,1.07144,1.00346
varied_p,1494,2.08791,1.05892,1.05892
varied_p,1495,1.50533,1.38853,1.04777
varied_p,1496,1.18238,1.00485,1.00485
varied_p,1497,1.85601,1.08251,1.08251
varied_p,1498,1.87017,1.00208,1.00208
varied_p,1499,1.92195,1.00000,1.00000
varied_p,1500,2.65859,1.08326,1.08326
varied_p,1501,2.21951,1.21354,1.02447
varied_p,1502,1.06231,1.07367,1.05810
varied_p,1503,2.02467,1.00751,1.00751
varied_p,1504,1.21824,1.18176,1.00000
varied_p,1505,2.23847,1.06351,1.00000
varied_p,1506,2.20074,1.50744,1.01153
varied_p,1507,1.09553,1.18808,1.00017
varied_p,1508,1.42716,1.02014,1.02014
varied_p,1509,1.76086,1.39024,1.00000
varied_p,1510,1.72527,1.02707,1.02707
varied_p,1511,1.00000,1.00000,1.00000
varied_p,1512,3.17469,1.02361,1.02361
varied_p,1513,2.09467,1.07283,1.07283
varied_p,1514,1.78173,1.00595,1.00595
varied_p,1515,1.42540,1.30465,1.03162
varied_p,1516,1.03244,1.26853,1.02517
varied_p,1517,1.82107,1.33180,1.00670
varied_p,1518,3.15308,1.08632,1.08632
varied_p,1519,1.04986,1.34417,1.00000
varied_p,1520,1.95758,1.20430,1.02040
varied_p,1521,1.34776,1.07329,1.07329
varied_p,1522,1.48851,1.00000,1.00000
varied_p,1523,1.19837,1.08973,1.08973
varied_p,1524,2.36059,1.12622,1.12622
varied_p,1525,1.50803,1.79075,1.00501
varied_p,1526,1.41828,1.03528,1.03528
varied_p,1527,2.30587,1.15039,1.01332
varied_p,1528,1.87054,1.12882,1.12882
varied_p,1529,10.05407,1.00000,1.00000
varied_p,1530,1.42565,1.36314,1.00000
varied_p,1531,1.90310,1.00000,1.00000
varied_p,1532,1.57993,1.00000,1.00000
varied_p,1533,1.09509,1.11565,1.02516
varied_p,1534,1.66129,1.10304,1.10304
varied_p,1535,4.25671,1.00000,1.00000
varied_p,1536,1.87391,1.04700,1.04700
varied_p,1537,1.36318,1.00000,1.00000
varied_p,1538,3.16371,1.17270,1.09013
varied_p,1539,1.42227,1.21888,1.00000
varied_p,1540,2.31696,1.00000,1.00000
varied_p,1541,1.43758,1.00000,1.00000
varied_p,1542,1.16436,1.16436,1.00008
varied_p,1543,2.46194,1.00000,1.00000
varied_p,1544,1.00000,1.00000,1.00000
varied_p,1545,1.55133,1.01727,1.01727
varied_p,1546,1.62527,1.01147,1.01147
varied_p,1547,2.03942,1.37909,1.00078
varied_p,1548,1.79665,1.00000,1.00000
varied_p,1549,1.36156,1.00178,1.00178
varied_p,1550,2.04185,1.01392,1.01392
varied_p,1551,1.52243,1.13400,1.13400
varied_p,1552,3.49456,1.03424,1.03424
varied_p,1553,2.12387,1.02427,1.00398
varied_p,1554,2.45469,1.00000,1.00000
varied_p,1555,1.23294,1.23294,1.00000
varied_p,1556,1.73405,1.17727,1.05777
varied_p,1557,1.00029,1.15238,1.00029
varied_p,1558,1.42144,1.08019,1.08019
varied_p,1559,1.17152,1.03985,1.03985
varied_p,1560,1.73223,1.01657,1.01657
varied_p,1561,1.63235,1.28008,1.18644
varied_p,1562,1.95723,1.00092,1.00092
varied_p,1563,2.98582,1.00000,1.00000
varied_p,1564,1.94304,1.07640,1.00000
varied_p,1565,3.50595,1.01154,1.01154
varied_p,1566,1.68209,1.00000,1.00000
varied_p,1567,1.55407,1.35957,1.00000
varied_p,1568,2.60580,1.64512,1.00015
varied_p,1569,2.95339,1.00000,1.00000
varied_p,1570,1.19014,1.25571,1.01464
varied_p,1571,2.78152,1.00000,1.00000
varied_p,1572,1.56377,1.49739,1.12861
varied_p,1573,2.17105,1.89218,1.00000
varied_p,1574,4.37591,1.00034,1.00034
varied_p,1575,3.03439,1.39570,1.00434
varied_p,1576,3.20405,1.02467,1.02467
varied_p,1577,1.72022,1.22614,1.16559
varied_p,1578,1.31821,1.00037,1.00037
varied_p,1579,1.93366,1.08472,1.00000
varied_p,1580,1.53216,1.18311,1.00000
varied_p,1581,1.54716,1.11033,1.02629
varied_p,1582,1.82717,1.25492,1.00006
varied_p,1583,4.83392,1.01375,1.01375
varied_p,1584,1.83724,1.03913,1.03913
varied_p,1585,2.39138,1.00187,1.00187
varied_p,1586,1.19417,1.22638,1.05035
varied_p,1587,1.02768,1.67185,1.02768
varied_p,1588,1.92849,1.07182,1.07182
varied_p,1589,3.11124,1.00000,1.00000
varied_p,1590,5.72317,1.01949,1.00000
varied_p,1591,1.65515,1.00000,1.00000
varied_p,1592,1.61416,1.00000,1.00000
varied_p,1593,1.92816,1.00417,1.00417
varied_p,1594,1.78952,1.31504,1.00000
varied_p,1595,2.24607,1.16312,1.15136
varied_p,1596,1.69174,1.01903,1.01903
varied_p,1597,1.51265,1.01159,1.00000
varied_p,1598,1.41639,1.01865,1.01865
varied_p,1599,1.42865,1.00006,1.00006
varied_p,1600,2.56059,1.01081,1.01081
varied_p,1601,1.70370,1.12977,1.12977
varied_p,1602,1.48925,1.27842,1.00644
varied_p,1603,1.76049,1.68761,1.04440
varied_p,1604,1.68378,1.45919,1.00000
varied_p,1605,3.13916,1.13315,1.13315
varied_p,1606,1.00073,1.00073,1.00073
varied_p,1607,1.99936,1.00276,1.00276
varied_p,1608,2.75699,1.00000,1.00000
varied_p,1609,2.85630,1.14654,1.13178
varied_p,1610,2.57366,1.09285,1.00420
varied_p,1611,1.38159,1.06748,1.00000
varied_p,1612,2.04968,1.00278,1.00278
varied_p,1613,2.47392,1.00000,1.00000
varied_p,1614,1.68221,1.05871,1.05871
varied_p,1615,1.45502,1.02746,1.02746
varied_p,1616,4.07886,1.00000,1.00000
varied_p,1617,1.62396,1.05202,1.05202
varied_p,1618,1.35729,1.04371,1.04371
varied_p,1619,1.09276,1.22363,1.09276
varied_p,1620,1.64817,1.03477,1.03477
varied_p,1621,5.82993,1.00000,1.00000
varied_p,1622,2.74313,1.58718,1.00053
varied_p,1623,1.61303,1.33471,1.00000
varied_p,1624,1.39977,1.19400,1.00000
varied_p,1625,2.00474,1.21725,1.00000
varied_p,1626,3.49613,1.00000,1.00000
varied_p,1627,1.13160,1.49832,1.12173
varied_p,1628,1.02082,1.02082,1.02082
varied_p,1629,1.91152,1.13578,1.00000
varied_p,1630,1.36044,1.00000,1.00000
varied_p,1631,1.15068,1.14404,1.14404
varied_p,1632,1.23289,1.04212,1.04212
varied_p,1633,2.00091,1.15624,1.00000
varied_p,1634,1.61599,1.00031,1.00031
varied_p,1635,1.03258,1.03258,1.03258
varied_p,1636,1.77802,1.18778,1.00000
varied_p,1637,1.91397,1.09154,1.09154
varied_p,1638,1.74172,1.26435,1.06940
varied_p,1639,1.19297,1.24383,1.06214
varied_p,1640,1.04322,1.04322,1.04322
varied_p,1641,2.58521,1.10594,1.10594
varied_p,1642,1.76195,1.00000,1.00000
varied_p,1643,1.54890,2.13711,1.00000
varied_p,1644,2.35928,1.29183,1.00000
varied_p,1645,1.97517,1.31241,1.00127
varied_p,1646,1.65812,1.20144,1.00000
varied_p,1647,1.84877,1.00144,1.00144
varied_p,1648,3.19295,1.00000,1.00000
varied_p,1649,1.28357,1.00336,1.00336
varied_p,1650,4.79285,1.00000,1.00000
varied_p,1651,2.31332,1.07932,1.07932
varied_p,1652,2.42632,1.19472,1.00206
varied_p,1653,1.23290,1.20967,1.06158
varied_p,1654,2.15026,1.34089,1.00000
varied_p,1655,1.35151,1.05098,1.05098
varied_p,1656,2.07904,1.12333,1.12333
varied_p,1657,2.04564,1.00064,1.00064
varied_p,1658,2.27707,1.00010,1.00010
varied_p,1659,1.13651,1.09597,1.09597
varied_p,1660,1.07387,1.07387,1.00007
varied_p,1661,1.03145,1.52068,1.00000
varied_p,1662,3.03944,1.00000,1.00000
varied_p,1663,2.19648,1.00000,1.00000
varied_p,1664,2.04598,1.05978,1.05978
varied_p,1665,1.31278,1.00000,1.00000
varied_p,1666,1.10377,1.10377,1.10377
varied_p,1667,2.17928,1.10910,1.03891
varied_p,1668,1.38022,1.35293,1.00000
varied_p,1669,1.53661,1.37435,1.00524
varied_p,1670,1.47715,1.02395,1.02395
varied_p,1671,1.69570,1.03911,1.03911
varied_p,1672,2.22799,1.16680,1.05546
varied_p,1673,1.44832,1.29530,1.01557
varied_p,1674,2.68295,1.03913,1.03913
varied_p,1675,1.89788,1.34124,1.01518
varied_p,1676,1.45138,1.01916,1.01916
varied_p,1677,4.83325,1.00000,1.00000
varied_p,1678,1.46037,1.12270,1.10950
varied_p,1679,5.19968,1.00000,1.00000
varied_p,1680,1.57875,1.12281,1.07138
varied_p,1681,2.37175,1.13308,1.00043
varied_p,1682,1.95700,1.03871,1.03871
varied_p,1683,1.95831,1.00000,1.00000
varied_p,1684,3.10879,1.00000,1.00000
varied_p,1685,1.04733,1.38615,1.01413
varied_p,1686,2.46781,1.24721,1.00085
varied_p,1687,1.44387,1.00000,1.00000
varied_p,1688,2.42902,1.00000,1.00000
varied_p,1689,1.11805,1.35788,1.11805
varied_p,1690,2.65752,1.24631,1.24631
varied_p,1691,1.67912,1.34677,1.09867
varied_p,1692,2.08189,1.00000,1.00000
varied_p,1693,2.09166,1.20060,1.00045
varied_p,1694,1.54159,1.32565,1.00100
varied_p,1695,1.27497,1.34809,1.00000
varied_p,1696,1.38311,1.00000,1.00000
varied_p,1697,1.77985,1.26724,1.01264
varied_p,1698,1.94239,1.00211,1.00211
varied_p,1699,1.76783,1.07774,1.07774
varied_p,1700,1.24463,1.22416,1.04560
varied_p,1701,1.00289,1.00289,1.00289
varied_p,1702,3.06324,1.23672,1.00028
varied_p,1703,1.53759,1.03068,1.03068
varied_p,1704,1.73026,1.02516,1.02516
varied_p,1705,1.38746,1.07512,1.07512
varied_p,1706,1.34532,1.06323,1.00000
varied_p,1707,1.86527,1.14476,1.00144
varied_p,1708,1.36886,1.42902,1.06460
varied_p,1709,2.63930,1.24939,1.05149
varied_p,1710,1.07101,1.08038,1.07101
varied_p,1711,1.75318,1.13474,1.00125
varied_p,1712,1.41938,1.36107,1.00000
varied_p,1713,1.00329,1.21762,1.00329
varied_p,1714,2.78280,1.00026,1.00026
varied_p,1715,1.38695,1.09639,1.03827
varied_p,1716,2.09364,1.00406,1.00406
varied_p,1717,1.01280,1.20455,1.01280
varied_p,1718,1.02056,1.94121,1.02056
varied_p,1719,3.47840,1.11455,1.11455
varied_p,1720,1.78202,1.30105,1.09177
varied_p,1721,1.90699,1.08946,1.08946
varied_p,1722,1.76468,1.02813,1.02813
varied_p,1723,3.95928,1.00000,1.00000
varied_p,1724,1.32707,1.04858,1.00440
varied_p,1725,2.54763,1.25687,1.02716
varied_p,1726,1.44119,1.20150,1.02425
varied_p,1727,1.05701,1.09319,1.00003
varied_p,1728,1.24390,1.00223,1.00223
varied_p,1729,1.17026,1.12705,1.10928
varied_p,1730,1.25297,1.21787,1.00000
varied_p,1731,1.46497,1.52519,1.00000
varied_p,1732,2.18754,1.22658,1.06318
varied_p,1733,1.30706,1.34177,1.13035
varied_p,1734,1.52015,1.37942,1.01705
varied_p,1735,1.94344,1.00000,1.00000
varied_p,1736,1.50575,1.05054,1.01683
varied_p,1737,1.06728,1.06728,1.06728
varied_p,1738,1.16543,1.02634,1.02634
varied_p,1739,1.40343,1.08822,1.08822
varied_p,1740,1.74112,1.00000,1.00000
varied_p,1741,2.42190,1.38068,1.00000
varied_p,1742,1.28645,1.00047,1.00047
varied_p,1743,2.54128,1.37819,1.00000
varied_p,1744,3.01007,1.03130,1.03130
varied_p,1745,1.75688,1.14228,1.00584
varied_p,1746,2.70574,1.00000,1.00000
varied_p,1747,2.49042,1.18586,1.07832
varied_p,1748,1.59621,1.00000,1.00000
varied_p,1749,4.89746,1.15187,1.15187
varied_p,1750,1.39209,1.48033,1.12788
varied_p,1751,2.06968,1.16892,1.09934
varied_p,1752,2.12149,1.01286,1.01286
varied_p,1753,1.80614,1.15635,1.15635
varied_p,1754,5.95562,1.00413,1.00413
varied_p,1755,3.65258,1.00000,1.00000
varied_p,1756,1.44877,1.26710,1.00000
varied_p,1757,1.00000,1.29747,1.00000
varied_p,1758,1.53781,1.02790,1.02790
varied_p,1759,1.70720,1.00000,1.00000
varied_p,1760,1.91298,1.01329,1.01329
varied_p,1761,1.09692,1.09692,1.09692
varied_p,1762,1.59519,1.45221,1.00009
varied_p,1763,1.33178,1.00000,1.00000
varied_p,1764,2.01749,1.02106,1.02106
varied_p,1765,1.84803,1.28636,1.00000
varied_p,1766,2.59491,1.05801,1.00000
varied_p,1767,1.25285,1.00000,1.00000
varied_p,1768,1.16504,1.15995,1.13664
varied_p,1769,4.17243,1.15411,1.00000
varied_p,1770,1.14750,1.22989,1.04833
varied_p,1771,1.29358,1.04402,1.04402
varied_p,1772,1.32525,1.01511,1.01511
varied_p,1773,2.70195,1.00000,1.00000
varied_p,1774,2.11687,1.07168,1.07168
varied_p,1775,1.89171,1.20022,1.02002
varied_p,1776,1.85813,1.02365,1.02365
varied_p,1777,1.29341,1.04568,1.04568
varied_p,1778,1.73723,1.29552,1.05547
varied_p,1779,1.44599,1.00474,1.00474
varied_p,1780,3.16417,1.00000,1.00000
varied_p,1781,1.87345,1.00369,1.00369
varied_p,1782,1.60464,1.01471,1.01471
varied_p,1783,1.55955,1.00000,1.00000
varied_p,1784,1.85679,1.04838,1.04092
varied_p,1785,1.72189,1.00972,1.00972
varied_p,1786,1.42160,1.13912,1.00013
varied_p,1787,2.13408,1.00000,1.00000
varied_p,1788,1.87259,1.20299,1.03735
varied_p,1789,1.16422,1.22826,1.07923
varied_p,1790,1.35420,1.19871,1.15805
varied_p,1791,1.28237,1.07848,1.00000
varied_p,1792,1.93675,1.03587,1.03587
varied_p,1793,2.73737,1.01698,1.01698
varied_p,1794,1.85360,1.00000,1.00000
varied_p,1795,3.64187,1.06692,1.06692
varied_p,1796,1.91190,1.00000,1.00000
varied_p,1797,1.33599,1.22130,1.22130
varied_p,1798,1.33186,1.00068,1.00068
varied_p,1799,1.24422,1.00686,1.00686
varied_p,1800,5.89872,1.00000,1.00000
varied_p,1801,1.71795,1.03042,1.03042
varied_p,1802,1.80626,1.49074,1.02136
varied_p,1803,1.80076,1.00112,1.00112
varied_p,1804,1.11153,1.16315,1.00000
varied_p,1805,1.34292,1.34292,1.01224
varied_p,1806,1.24113,1.00000,1.00000
varied_p,1807,1.12449,1.00336,1.00336
varied_p,1808,1.59281,1.27276,1.01034
varied_p,1809,3.12573,1.00171,1.00171
varied_p,1810,1.60110,1.40642,1.05694
varied_p,1811,1.86523,1.28880,1.00185
varied_p,1812,4.15748,1.00000,1.00000
varied_p,1813,1.69770,1.24037,1.24037
varied_p,1814,2.04718,1.00000,1.00000
varied_p,1815,1.00000,1.06731,1.00000
varied_p,1816,1.46149,1.00000,1.00000
varied_p,1817,1.00567,1.01576,1.00567
varied_p,1818,2.61600,1.01475,1.01475
varied_p,1819,1.00000,1.00000,1.00000
varied_p,1820,1.93089,1.00000,1.00000
varied_p,1821,1.67312,1.12575,1.12575
varied_p,1822,1.48373,1.01553,1.01553
varied_p,1823,2.10444,1.01556,1.00000
varied_p,1824,2.52708,1.03283,1.03283
varied_p,1825,3.37825,1.30515,1.01142
varied_p,1826,4.58792,1.00386,1.00386
varied_p,1827,2.57517,1.38268,1.00062
varied_p,1828,2.53541,1.12369,1.00000
varied_p,1829,1.89832,1.04567,1.04567
varied_p,1830,3.39812,1.11947,1.05835
varied_p,1831,1.31453,1.05886,1.05886
varied_p,1832,1.87679,1.00000,1.00000
varied_p,1833,1.84707,1.02897,1.00293
varied_p,1834,1.74088,1.00000,1.00000
varied_p,1835,1.27392,1.11054,1.09796
varied_p,1836,1.59894,1.07104,1.00000
varied_p,1837,1.21211,1.00025,1.00025
varied_p,1838,1.40535,1.13127,1.13127
varied_p,1839,1.14936,1.00956,1.00005
varied_p,1840,1.04318,1.17651,1.00657
varied_p,1841,1.08105,1.29118,1.04281
varied_p,1842,1.72122,1.00000,1.00000
varied_p,1843,3.81900,1.27210,1.00000
varied_p,1844,3.27613,1.42394,1.00000
varied_p,1845,1.55326,1.07341,1.02387
varied_p,1846,1.45814,1.00000,1.00000
varied_p,1847,1.56419,1.01856,1.01856
varied_p,1848,2.10177,1.07368,1.07368
varied_p,1849,2.57897,1.15505,1.00000
varied_p,1850,1.61711,1.06001,1.01282
varied_p,1851,1.63540,1.17607,1.17607
varied_p,1852,1.27882,1.58903,1.07152
varied_p,1853,1.00053,1.00053,1.00053
varied_p,1854,2.46395,1.14386,1.00018
varied_p,1855,1.98204,1.00054,1.00054
varied_p,1856,1.55574,1.24061,1.00233
varied_p,1857,1.29970,1.12604,1.12604
varied_p,1858,1.48382,1.14582,1.14582
varied_p,1859,2.78478,1.26735,1.09240
varied_p,1860,1.20031,1.25378,1.07001
varied_p,1861,1.58530,1.17213,1.04368
varied_p,1862,1.42271,1.46634,1.17906
varied_p,1863,1.38594,1.03171,1.03171
varied_p,1864,3.13288,2.36401,1.00228
varied_p,1865,1.65095,1.00068,1.00068
varied_p,1866,1.79736,1.31495,1.00000
varied_p,1867,2.86948,1.09473,1.09473
varied_p,1868,2.36482,1.00288,1.00000
varied_p,1869,4.47791,1.00000,1.00000
varied_p,1870,1.59687,1.04813,1.04813
varied_p,1871,1.81336,1.18601,1.10050
varied_p,1872,1.33386,1.20772,1.04643
varied_p,1873,1.98539,1.15184,1.13349
varied_p,1874,1.07930,1.25101,1.00000
varied_p,1875,1.83171,1.16864,1.00396
varied_p,1876,1.13526,1.00147,1.00147
varied_p,1877,1.67995,1.00071,1.00071
varied_p,1878,1.29555,1.29555,1.00555
varied_p,1879,1.92444,1.00335,1.00335
varied_p,1880,1.79156,1.11851,1.00016
varied_p,1881,2.71931,1.10949,1.00000
varied_p,1882,1.57410,1.32604,1.00000
varied_p,1883,1.52876,1.00000,1.00000
varied_p,1884,2.47007,1.09022,1.09022
varied_p,1885,2.41479,1.00072,1.00072
varied_p,1886,1.46275,1.02603,1.02603
varied_p,1887,1.11936,1.11936,1.05653
varied_p,1888,2.64863,1.10366,1.03150
varied_p,1889,1.41512,1.02169,1.02169
varied_p,1890,1.73930,1.00781,1.00781
varied_p,1891,1.87307,1.07880,1.07880
varied_p,1892,1.16532,1.01865,1.01865
varied_p,1893,1.60257,1.00673,1.00673
varied_p,1894,1.06486,1.06486,1.06486
varied_p,1895,1.67564,1.00131,1.00131
varied_p,1896,1.26696,1.24562,1.00000
varied_p,1897,1.82455,1.17286,1.00000
varied_p,1898,2.19279,1.20926,1.00000
varied_p,1899,2.11440,1.00000,1.00000
varied_p,1900,1.52487,1.00000,1.00000
varied_p,1901,1.04239,1.07900,1.04239
varied_p,1902,1.26974,1.34386,1.00000
varied_p,1903,2.87716,1.00438,1.00438
varied_p,1904,1.12046,1.45487,1.00000
varied_p,1905,1.29845,1.00000,1.00000
varied_p,1906,1.92318,1.00020,1.00020
varied_p,1907,1.54847,1.12321,1.01338
varied_p,1908,1.12910,1.38573,1.00000
varied_p,1909,1.80026,1.04408,1.04408
varied_p,1910,1.03132,1.25275,1.03132
varied_p,1911,1.42133,1.31235,1.00000
varied_p,1912,3.14138,1.00000,1.00000
varied_p,1913,2.27653,1.00114,1.00114
varied_p,1914,3.20338,1.00588,1.00588
varied_p,1915,1.89573,1.04675,1.04675
varied_p,1916,3.21869,1.40856,1.00000
varied_p,1917,1.66946,1.00000,1.00000
varied_p,1918,1.34218,1.20811,1.02146
varied_p,1919,2.50427,1.03186,1.03186
varied_p,1920,1.66243,1.28269,1.00000
varied_p,1921,1.98259,1.42681,1.01667
varied_p,1922,1.91637,1.01828,1.01828
varied_p,1923,1.39991,1.23998,1.00711
varied_p,1924,1.27270,1.40429,1.04395
varied_p,1925,1.49106,1.07442,1.07442
varied_p,1926,2.08471,1.00133,1.00133
varied_p,1927,1.00149,1.00149,1.00149
varied_p,1928,1.00108,1.02050,1.00108
varied_p,1929,1.68464,1.15694,1.06619
varied_p,1930,1.40032,1.16385,1.14548
varied_p,1931,1.12502,1.60758,1.04883
varied_p,1932,1.07547,1.09372,1.07547
varied_p,1933,1.42390,1.03690,1.03690
varied_p,1934,2.46960,1.20850,1.02223
varied_p,1935,2.69701,1.03487,1.03487
varied_p,1936,1.37050,1.13928,1.13928
varied_p,1937,1.47008,1.01686,1.01686
varied_p,1938,1.88068,1.00001,1.00001
varied_p,1939,3.98019,1.00000,1.00000
varied_p,1940,1.11067,1.72234,1.00000
varied_p,1941,1.66072,1.22217,1.01624
varied_p,1942,1.62446,1.00075,1.00075
varied_p,1943,1.94853,1.32435,1.00000
varied_p,1944,1.14790,1.14790,1.14790
varied_p,1945,2.10447,1.21496,1.00000
varied_p,1946,2.97809,1.28284,1.08876
varied_p,1947,1.29193,1.10696,1.10437
varied_p,1948,1.38353,1.38353,1.06747
varied_p,1949,1.25030,1.25030,1.08623
varied_p,1950,2.54996,1.00000,1.00000
varied_p,1951,1.30450,1.01984,1.01984
varied_p,1952,2.61293,1.15944,1.00000
varied_p,1953,3.08715,1.08178,1.08178
varied_p,1954,1.87422,1.00123,1.00123
varied_p,1955,9.34108,1.00000,1.00000
varied_p,1956,2.36082,1.17139,1.00037
varied_p,1957,1.53782,1.12595,1.07293
varied_p,1958,1.00000,1.15750,1.00000
varied_p,1959,1.51021,1.07901,1.05212
varied_p,1960,1.50269,1.00016,1.00016
varied_p,1961,1.29465,1.25749,1.00000
varied_p,1962,1.22183,1.26625,1.13142
varied_p,1963,3.08306,1.11051,1.00000
varied_p,1964,1.82903,1.11769,1.02201
varied_p,1965,3.11445,1.05171,1.05171
varied_p,1966,1.53982,1.17265,1.17265
varied_p,1967,1.34413,1.00000,1.00000
varied_p,1968,1.45848,1.20828,1.00715
varied_p,1969,1.15517,1.31460,1.01742
varied_p,1970,1.64495,1.22315,1.00000
varied_p,1971,1.84177,1.16913,1.03567
varied_p,1972,1.33837,1.07019,1.07019
varied_p,1973,1.11193,1.17722,1.04272
varied_p,1974,1.47998,1.03182,1.03182
varied_p,1975,3.24983,1.31350,1.00007
varied_p,1976,1.13509,1.13509,1.00000
varied_p,1977,2.75663,1.00000,1.00000
varied_p,1978,1.00230,1.00230,1.00230
varied_p,1979,1.06751,1.15840,1.02670
varied_p,1980,1.29983,1.00000,1.00000
varied_p,1981,2.29596,1.03093,1.03093
varied_p,1982,1.30637,1.20432,1.20432
varied_p,1983,2.10297,1.00610,1.00610
varied_p,1984,1.90313,1.00000,1.00000
varied_p,1985,1.59449,1.05909,1.05909
varied_p,1986,3.97843,1.30052,1.00000
varied_p,1987,2.26568,1.00067,1.00067
varied_p,1988,1.42416,1.04103,1.04103
varied_p,1989,1.84432,1.00000,1.00000
varied_p,1990,2.00905,1.00000,1.00000
varied_p,1991,1.10127,1.10127,1.10127
varied_p,1992,1.29319,1.47991,1.00000
varied_p,1993,2.50990,1.03917,1.03917
varied_p,1994,2.00488,1.12301,1.12301
varied_p,1995,1.73806,1.01518,1.01518
varied_p,1996,1.70994,1.14931,1.14931
varied_p,1997,1.43507,1.04831,1.00000
varied_p,1998,2.22266,1.26108,1.26108
varied_p,1999,1.37659,1.00000,1.00000
varied_p,2000,1.32652,1.10167,1.07694
varied_p,2001,1.68671,1.11979,1.00534
varied_p,2002,1.59933,1.03017,1.03017
varied_p,2003,2.39214,1.08286,1.08286
varied_p,2004,1.67069,1.08327,1.01894
varied_p,2005,1.59562,1.04631,1.04631
varied_p,2006,1.24880,1.00000,1.00000
varied_p,2007,1.65898,1.47451,1.01336
varied_p,2008,2.03108,1.26238,1.00000
varied_p,2009,3.41307,1.46318,1.00479
varied_p,2010,2.70754,1.18442,1.00000
varied_p,2011,1.51462,1.00000,1.00000
varied_p,2012,1.07849,1.07849,1.06489
varied_p,2013,1.42240,1.00059,1.00059
varied_p,2014,1.71735,1.00857,1.00857
varied_p,2015,2.94067,1.00000,1.00000
varied_p,2016,1.48642,1.07009,1.06068
varied_p,2017,3.11805,1.23302,1.00114
varied_p,2018,5.67858,1.05044,1.05044
varied_p,2019,1.19088,1.16559,1.00000
varied_p,2020,1.95777,1.05516,1.03029
varied_p,2021,1.22289,1.22289,1.00000
varied_p,2022,2.59508,1.04346,1.04346
varied_p,2023,2.10484,1.33870,1.02634
varied_p,2024,1.09343,1.09343,1.09343
varied_p,2025,1.81826,1.16199,1.00000
varied_p,2026,2.16464,1.57148,1.00000
varied_p,2027,1.17225,1.17225,1.17225
varied_p,2028,1.32116,1.12405,1.06543
varied_p,2029,1.37970,1.00293,1.00293
varied_p,2030,1.81449,1.01136,1.01136
varied_p,2031,1.98735,1.00503,1.00503
varied_p,2032,1.47748,1.21353,1.00027
varied_p,2033,2.21393,1.17912,1.00000
varied_p,2034,1.70067,1.00000,1.00000
varied_p,2035,2.02808,1.07021,1.07021
varied_p,2036,1.43142,1.07188,1.07188
varied_p,2037,3.22844,1.00000,1.00000
varied_p,2038,2.12967,1.00122,1.00122
varied_p,2039,1.60945,1.00000,1.00000
varied_p,2040,2.82374,1.38728,1.00964
varied_p,2041,3.85013,1.13811,1.02556
varied_p,2042,2.06590,1.19626,1.00753
varied_p,2043,2.52406,1.37538,1.00000
varied_p,2044,1.32414,1.18118,1.00000
varied_p,2045,1.00023,1.37210,1.00023
varied_p,2046,1.00000,1.00000,1.00000
varied_p,2047,2.18121,1.01841,1.01841
varied_p,2048,1.19687,1.23158,1.19687
varied_p,2049,2.32542,1.01043,1.01043
varied_p,2050,2.21582,1.13357,1.13357
varied_p,2051,1.28157,1.45082,1.00000
varied_p,2052,1.99641,1.04779,1.04779
varied_p,2053,1.05535,1.05535,1.05535
varied_p,2054,1.08012,1.00000,1.00000
varied_p,2055,1.29779,1.00010,1.00010
varied_p,2056,1.17624,1.16770,1.16770
varied_p,2057,1.38630,1.00011,1.00011
varied_p,2058,1.33229,1.03107,1.03107
varied_p,2059,1.00786,1.00786,1.00786
varied_p,2060,2.14805,1.12201,1.00486
varied_p,2061,1.04701,1.06837,1.04701
varied_p,2062,1.12676,1.26208,1.02475
varied_p,2063,1.29935,1.16099,1.00000
varied_p,2064,1.00000,1.00000,1.00000
varied_p,2065,3.05712,1.00000,1.00000
varied_p,2066,1.72603,1.19217,1.02965
varied_p,2067,1.14909,1.00000,1.00000
varied_p,2068,1.77581,1.37144,1.00118
varied_p,2069,1.67042,1.01002,1.01002
varied_p,2070,2.26892,1.19045,1.00388
varied_p,2071,1.42493,1.04095,1.04095
varied_p,2072,2.37166,1.02760,1.02760
varied_p,2073,1.43487,1.09535,1.08882
varied_p,2074,1.33367,1.14942,1.00074
varied_p,2075,2.95273,1.18856,1.00000
varied_p,2076,1.69647,1.00024,1.00024
varied_p,2077,1.25448,1.07218,1.07218
varied_p,2078,2.82057,1.33555,1.03224
varied_p,2079,2.25030,1.00876,1.00876
varied_p,2080,1.64211,1.00535,1.00535
varied_p,2081,2.05782,1.11511,1.00000
varied_p,2082,1.51622,1.06484,1.02240
varied_p,2083,1.60592,1.02712,1.02712
varied_p,2084,1.49356,1.02090,1.02090
varied_p,2085,2.07876,1.02820,1.02820
varied_p,2086,1.67994,1.45538,1.05214
varied_p,2087,1.00000,1.00000,1.00000
varied_p,2088,1.16349,1.43777,1.00000
varied_p,2089,1.86195,1.21332,1.07449
varied_p,2090,1.11036,1.11036,1.11036
varied_p,2091,1.71725,1.02099,1.02099
varied_p,2092,1.43974,1.43974,1.00056
varied_p,2093,2.02325,1.00000,1.00000
varied_p,2094,1.79167,1.13606,1.13606
varied_p,2095,2.35716,1.03279,1.00000
varied_p,2096,2.34748,1.13633,1.13633
varied_p,2097,1.91447,1.04157,1.04157
varied_p,2098,1.89822,1.38351,1.00816
varied_p,2099,2.31130,1.02113,1.02113
varied_p,2100,2.98735,1.00112,1.00112
varied_p,2101,2.08436,1.31188,1.06000
varied_p,2102,1.83994,1.00066,1.00066
varied_p,2103,1.50245,1.96440,1.00722
varied_p,2104,1.44685,1.06019,1.01144
varied_p,2105,1.34572,1.02691,1.01271
varied_p,2106,1.32748,1.05985,1.00000
varied_p,2107,1.42561,1.00000,1.00000
varied_p,2108,1.58588,1.13880,1.00000
varied_p,2109,1.48128,1.00000,1.00000
varied_p,2110,1.02314,1.02314,1.02314
varied_p,2111,2.36041,1.40295,1.14777
varied_p,2112,1.34697,1.20762,1.12374
varied_p,2113,2.98573,1.02877,1.02877
varied_p,2114,1.54065,1.07434,1.00000
varied_p,2115,1.39927,1.00000,1.00000
varied_p,2116,1.59350,1.00360,1.00360
varied_p,2117,2.85358,1.34266,1.00000
varied_p,2118,2.93469,1.00517,1.00000
varied_p,2119,1.02166,1.02166,1.02166
varied_p,2120,1.41238,1.03886,1.03886
varied_p,2121,2.43033,1.10347,1.10347
varied_p,2122,2.08349,1.00604,1.00604
varied_p,2123,1.30897,1.20136,1.07341
varied_p,2124,1.71690,1.13662,1.04898
varied_p,2125,1.13576,1.13576,1.13576
varied_p,2126,1.28438,1.36017,1.03701
varied_p,2127,1.17634,1.11147,1.11147
varied_p,2128,1.22521,1.31167,1.00000
varied_p,2129,1.03997,1.20947,1.03997
varied_p,2130,2.36697,1.00000,1.00000
varied_p,2131,1.65240,1.27171,1.00000
varied_p,2132,1.33204,1.06100,1.06100
varied_p,2133,1.34278,1.20037,1.08144
varied_p,2134,1.69914,1.00317,1.00317
varied_p,2135,2.97719,1.10699,1.04469
varied_p,2136,1.28249,1.01285,1.01285
varied_p,2137,1.36624,1.20251,1.02344
varied_p,2138,1.57282,1.04631,1.04631
varied_p,2139,1.87180,1.08666,1.08666
varied_p,2140,1.15964,1.02550,1.02550
varied_p,2141,1.74609,1.00000,1.00000
varied_p,2142,1.00529,1.00529,1.00529
varied_p,2143,2.43497,1.14127,1.14127
varied_p,2144,1.01595,1.01595,1.01595
varied_p,2145,1.08768,1.08768,1.08768
varied_p,2146,2.35897,1.02677,1.02677
varied_p,2147,1.17330,1.10580,1.10580
varied_p,2148,2.88785,1.00000,1.00000
varied_p,2149,1.37238,1.27760,1.00074
varied_p,2150,2.28850,1.44211,1.00068
varied_p,2151,2.48200,1.00000,1.00000
varied_p,2152,1.39746,1.00000,1.00000
varied_p,2153,1.03638,1.00715,1.00246
varied_p,2154,1.13365,1.39209,1.00000
varied_p,2155,1.33591,1.35005,1.22728
varied_p,2156,1.01089,1.01089,1.01089
varied_p,2157,4.34111,1.08064,1.03828
varied_p,2158,1.46364,1.04309,1.04309
varied_p,2159,1.34620,1.09511,1.06165
varied_p,2160,1.86184,1.16419,1.00000
varied_p,2161,1.78410,1.07340,1.07340
varied_p,2162,3.64828,1.08898,1.08898
varied_p,2163,2.02174,1.06894,1.06894
varied_p,2164,1.15595,1.15595,1.15595
varied_p,2165,1.62157,1.00005,1.00005
varied_p,2166,1.74951,1.01019,1.01019
varied_p,2167,2.17140,1.13048,1.00000
varied_p,2168,1.05649,1.05649,1.05649
varied_p,2169,1.68077,1.00597,1.00597
varied_p,2170,1.05077,1.05256,1.02133
varied_p,2171,3.70113,1.13216,1.13216
varied_p,2172,1.26676,1.26676,1.00002
varied_p,2173,1.20676,1.04117,1.04117
varied_p,2174,1.15802,1.49568,1.00011
varied_p,2175,2.11810,1.00000,1.00000
varied_p,2176,1.15105,1.15105,1.00000
varied_p,2177,1.93653,1.10093,1.00000
varied_p,2178,2.33089,1.17816,1.17816
varied_p,2179,1.90522,1.00000,1.00000
varied_p,2180,1.15443,1.00832,1.00832
varied_p,2181,3.83389,1.02959,1.02959
varied_p,2182,1.87967,1.24236,1.24236
varied_p,2183,1.88521,1.00000,1.00000
varied_p,2184,1.38240,1.04113,1.04113
varied_p,2185,5.65100,1.00000,1.00000
varied_p,2186,1.26324,1.49292,1.04293
varied_p,2187,1.73252,1.15971,1.00804
varied_p,2188,1.24662,1.25978,1.00220
varied_p,2189,1.56418,1.00000,1.00000
varied_p,2190,5.82807,1.08327,1.08327
varied_p,2191,3.17826,1.23666,1.00000
varied_p,2192,1.39452,1.39452,1.09403
varied_p,2193,1.68665,1.16445,1.00715
varied_p,2194,3.82244,1.10356,1.00652
varied_p,2195,1.52421,1.05053,1.05053
varied_p,2196,1.89791,1.33084,1.02232
varied_p,2197,1.22803,1.21827,1.00513
varied_p,2198,1.10395,1.07176,1.07176
varied_p,2199,2.71945,1.09858,1.00000
varied_p,2200,1.36157,1.41619,1.00000
varied_p,2201,1.20131,1.11611,1.09716
varied_p,2202,1.02853,1.02853,1.00000
varied_p,2203,1.01240,1.01240,1.01240
varied_p,2204,1.01535,1.14798,1.01535
varied_p,2205,2.06602,1.08833,1.00755
varied_p,2206,1.89245,1.01064,1.01064
varied_p,2207,3.41657,1.00000,1.00000
varied_p,2208,1.32777,1.00000,1.00000
varied_p,2209,1.00011,1.00011,1.00011
varied_p,2210,2.88109,1.00000,1.00000
varied_p,2211,1.98849,1.00103,1.00103
varied_p,2212,2.36110,1.24644,1.00062
varied_p,2213,2.28160,1.00000,1.00000
varied_p,2214,2.09437,1.05563,1.05563
varied_p,2215,1.10663,1.03281,1.03281
varied_p,2216,1.09887,1.67177,1.00000
varied_p,2217,1.26376,1.16227,1.16227
varied_p,2218,1.29045,1.03303,1.03303
varied_p,2219,2.10165,1.27767,1.00224
varied_p,2220,1.32788,1.11687,1.11687
varied_p,2221,2.97803,1.32747,1.00000
varied_p,2222,2.68500,1.31934,1.01969
varied_p,2223,2.70970,1.00000,1.00000
varied_p,2224,2.10193,1.00030,1.00030
varied_p,2225,1.00000,1.03147,1.00000
varied_p,2226,1.37907,1.22753,1.00287
varied_p,2227,1.83396,1.00246,1.00246
varied_p,2228,2.56120,1.29960,1.08374
varied_p,2229,1.48376,1.08254,1.08254
varied_p,2230,1.20879,1.18145,1.02694
varied_p,2231,2.21468,1.00000,1.00000
varied_p,2232,3.36894,1.67123,1.00000
varied_p,2233,1.73418,1.29118,1.12686
varied_p,2234,1.21781,1.00485,1.00485
varied_p,2235,1.43590,1.20983,1.20983
varied_p,2236,2.64969,1.72751,1.02371
varied_p,2237,1.33027,1.08194,1.08194
varied_p,2238,1.38087,1.02261,1.02261
varied_p,2239,1.06183,1.18005,1.06183
varied_p,2240,1.55064,1.11958,1.00000
varied_p,2241,1.83286,1.04565,1.04565
varied_p,2242,1.53323,1.00000,1.00000
varied_p,2243,1.50568,1.15868,1.00000
varied_p,2244,1.00173,1.00173,1.00173
varied_p,2245,1.51044,1.38926,1.00000
varied_p,2246,1.11013,1.60885,1.02388
varied_p,2247,1.57090,1.16494,1.04627
varied_p,2248,1.70309,1.00000,1.00000
varied_p,2249,1.84763,1.25568,1.00182
varied_p,2250,1.41921,1.00013,1.00013
varied_p,2251,1.21787,1.07327,1.07327
varied_p,2252,1.25491,1.01687,1.01687
varied_p,2253,4.18246,1.00844,1.00844
varied_p,2254,1.21282,1.19961,1.00000
varied_p,2255,2.63519,1.00239,1.00239
varied_p,2256,1.69496,1.00000,1.00000
varied_p,2257,1.96084,1.00283,1.00000
varied_p,2258,1.32750,1.03742,1.02920
varied_p,2259,1.37850,1.00949,1.00949
varied_p,2260,2.00059,1.38048,1.00000
varied_p,2261,2.55886,1.00000,1.00000
varied_p,2262,1.73467,1.08057,1.08057
varied_p,2263,1.58244,1.18887,1.18887
varied_p,2264,1.51379,1.09402,1.02568
varied_p,2265,1.94845,1.54323,1.02345
varied_p,2266,1.30534,1.00247,1.00247
varied_p,2267,2.69436,1.35956,1.00000
varied_p,2268,1.73937,1.11044,1.11044
varied_p,2269,1.12832,1.00041,1.00041
varied_p,2270,2.73919,1.00000,1.00000
varied_p,2271,1.35638,1.20778,1.00966
varied_p,2272,3.05408,1.11628,1.00000
varied_p,2273,1.29189,1.29189,1.00112
varied_p,2274,1.06639,1.08972,1.05541
varied_p,2275,4.90071,1.00000,1.00000
varied_p,2276,1.29054,1.00000,1.00000
varied_p,2277,1.04404,1.04404,1.04404
varied_p,2278,3.98677,1.00453,1.00453
varied_p,2279,4.46846,1.05005,1.05005
varied_p,2280,1.89610,1.02992,1.02992
varied_p,2281,1.34641,1.00000,1.00000
varied_p,2282,1.02560,1.02560,1.02560
varied_p,2283,1.01478,1.01478,1.01478
varied_p,2284,1.47239,1.16851,1.06143
varied_p,2285,1.86763,1.24025,1.01562
varied_p,2286,1.37917,1.09672,1.03374
varied_p,2287,1.12154,1.11505,1.11505
varied_p,2288,2.02633,1.00000,1.00000
varied_p,2289,1.85916,1.16456,1.16456
varied_p,2290,1.71844,1.00000,1.00000
varied_p,2291,2.91969,1.03615,1.03615
varied_p,2292,3.05664,1.18775,1.18775
varied_p,2293,2.14007,1.00031,1.00031
varied_p,2294,1.59037,1.02969,1.02969
varied_p,2295,1.61736,1.13505,1.13505
varied_p,2296,2.89629,1.00000,1.00000
varied_p,2297,3.01179,1.00000,1.00000
varied_p,2298,5.29936,1.08714,1.00060
varied_p,2299,1.85998,1.14992,1.04819
varied_p,2300,1.10526,1.71033,1.03004
varied_p,2301,1.35853,1.09722,1.00000
varied_p,2302,1.22074,1.00126,1.00126
varied_p,2303,1.31121,1.00047,1.00047
varied_p,2304,1.84797,1.01065,1.01065
varied_p,2305,1.74414,1.30541,1.00000
varied_p,2306,3.21782,1.02000,1.02000
varied_p,2307,4.30350,1.20315,1.06466
varied_p,2308,1.30547,1.17836,1.00000
varied_p,2309,1.21158,1.00000,1.00000
varied_p,2310,2.61960,1.67905,1.06710
varied_p,2311,1.16000,1.02384,1.02384
varied_p,2312,1.21725,1.03197,1.03197
varied_p,2313,1.47965,1.12240,1.12240
varied_p,2314,1.19741,1.02589,1.02589
varied_p,2315,1.39515,1.01039,1.01039
varied_p,2316,1.24534,1.14127,1.03258
varied_p,2317,2.22473,1.00000,1.00000
varied_p,2318,1.39687,1.15854,1.02528
varied_p,2319,1.62904,1.09231,1.09231
varied_p,2320,1.28362,1.00484,1.00484
varied_p,2321,1.58887,1.19907,1.10623
varied_p,2322,3.68143,1.17429,1.00039
varied_p,2323,1.58652,1.00000,1.00000
varied_p,2324,1.89885,1.32301,1.00104
varied_p,2325,2.80634,1.45861,1.09043
varied_p,2326,1.11429,1.02236,1.02236
varied_p,2327,1.27379,1.00000,1.00000
varied_p,2328,1.00470,1.44549,1.00470
varied_p,2329,1.00000,1.11422,1.00000
varied_p,2330,1.91574,1.00760,1.00760
varied_p,2331,1.31674,1.00003,1.00003
varied_p,2332,1.59908,1.33975,1.00000
varied_p,2333,1.50788,1.20663,1.01793
varied_p,2334,4.89588,1.00000,1.00000
varied_p,2335,2.55004,1.01358,1.01358
varied_p,2336,1.75381,1.12649,1.00235
varied_p,2337,2.14861,1.00444,1.00444
varied_p,2338,1.57080,1.44281,1.00791
varied_p,2339,1.65863,1.14215,1.14215
varied_p,2340,2.89108,1.00718,1.00718
varied_p,2341,1.60198,1.16897,1.00000
varied_p,2342,1.45732,1.07057,1.07057
varied_p,2343,1.15267,1.00660,1.00660
varied_p,2344,2.91407,1.00000,1.00000
varied_p,2345,1.91905,1.00000,1.00000
varied_p,2346,1.35648,1.30484,1.01327
varied_p,2347,1.99346,1.32845,1.01265
varied_p,2348,1.39650,1.01692,1.01692
varied_p,2349,1.83026,1.00000,1.00000
varied_p,2350,1.48950,1.31281,1.00000
varied_p,2351,1.76941,1.08328,1.08328
varied_p,2352,1.66968,1.00000,1.00000
varied_p,2353,2.20901,1.00229,1.00229
varied_p,2354,1.87916,1.23628,1.00070
varied_p,2355,1.41939,1.00021,1.00021
varied_p,2356,2.08404,1.28976,1.00000
varied_p,2357,1.86067,1.05193,1.02934
varied_p,2358,2.82520,1.32491,1.05393
varied_p,2359,2.15338,1.08455,1.08455
varied_p,2360,1.64385,1.07903,1.07903
varied_p,2361,1.18222,1.00000,1.00000
varied_p,2362,1.41703,1.37303,1.01326
varied_p,2363,1.46291,1.05294,1.05294
varied_p,2364,1.25783,1.02261,1.02261
varied_p,2365,1.65943,1.15078,1.13673
varied_p,2366,2.21932,1.01164,1.01164
varied_p,2367,1.78644,1.36466,1.00836
varied_p,2368,2.69345,1.00000,1.00000
varied_p,2369,1.29816,1.02377,1.02377
varied_p,2370,1.84336,1.25504,1.10182
varied_p,2371,1.28472,1.01516,1.01516
varied_p,2372,3.96593,1.49159,1.11862
varied_p,2373,1.49872,1.21212,1.01355
varied_p,2374,2.08338,1.04578,1.04578
varied_p,2375,1.42008,1.04066,1.03123
varied_p,2376,1.19641,1.19641,1.01019
varied_p,2377,1.29167,1.22137,1.00000
varied_p,2378,1.70056,1.11677,1.11677
varied_p,2379,1.22867,1.22867,1.01882
varied_p,2380,1.11199,1.00839,1.00144
varied_p,2381,2.00699,1.05535,1.00039
varied_p,2382,1.62996,1.00000,1.00000
varied_p,2383,1.79653,1.21379,1.00000
varied_p,2384,1.23428,1.03967,1.03967
varied_p,2385,1.84757,1.14248,1.14248
varied_p,2386,1.43958,1.44298,1.05084
varied_p,2387,1.27397,1.10207,1.10207
varied_p,2388,1.34469,1.00254,1.00254
varied_p,2389,2.32321,1.26366,1.05649
varied_p,2390,1.33749,1.07150,1.01391
varied_p,2391,1.16039,1.08674,1.08674
varied_p,2392,2.70434,1.08628,1.08628
varied_p,2393,1.35887,1.44952,1.00000
varied_p,2394,1.06936,1.06936,1.06936
varied_p,2395,2.96911,1.01958,1.01588
varied_p,2396,1.43140,1.00186,1.00186
varied_p,2397,2.42390,1.00995,1.00995
varied_p,2398,1.15432,1.17403,1.00000
varied_p,2399,1.50498,1.15801,1.05489
varied_p,2400,2.24465,1.00000,1.00000
varied_p,2401,3.15229,1.07743,1.07743
varied_p,2402,1.77324,1.09531,1.00396
varied_p,2403,2.10549,1.02059,1.02059
varied_p,2404,3.37877,1.00000,1.00000
varied_p,2405,1.99688,1.13328,1.13328
varied_p,2406,1.58150,2.22776,1.11631
varied_p,2407,1.76395,1.33755,1.04522
varied_p,2408,2.30916,1.00000,1.00000
varied_p,2409,7.95921,1.04721,1.04721
varied_p,2410,1.75330,1.09177,1.05160
varied_p,2411,1.13377,1.17510,1.12972
varied_p,2412,2.92414,1.37189,1.00092
varied_p,2413,1.02235,1.02235,1.02235
varied_p,2414,1.79972,1.20283,1.00000
varied_p,2415,1.29768,1.04549,1.04549
varied_p,2416,2.22767,1.00000,1.00000
varied_p,2417,1.37599,1.00000,1.00000
varied_p,2418,1.32088,1.25686,1.07681
varied_p,2419,1.90221,1.07481,1.00000
varied_p,2420,1.56960,1.76406,1.00000
varied_p,2421,1.77465,1.04924,1.04924
varied_p,2422,1.04901,1.00000,1.00000
varied_p,2423,3.06341,1.00000,1.00000
varied_p,2424,1.53121,1.00000,1.00000
varied_p,2425,1.63678,1.00000,1.00000
varied_p,2426,1.79535,1.08430,1.03278
varied_p,2427,2.85824,1.08228,1.08228
varied_p,2428,2.17362,1.32886,1.00000
varied_p,2429,1.22499,1.09207,1.09207
varied_p,2430,3.01784,1.00000,1.00000
varied_p,2431,2.46967,1.00018,1.00018
varied_p,2432,2.54961,1.00020,1.00020
varied_p,2433,1.25719,2.21190,1.25719
varied_p,2434,1.81713,1.20550,1.20550
varied_p,2435,1.59492,1.25150,1.02519
varied_p,2436,1.67109,1.14582,1.14582
varied_p,2437,1.57637,1.00000,1.00000
varied_p,2438,2.72497,1.02264,1.02264
varied_p,2439,1.71893,1.09613,1.09613
varied_p,2440,1.86585,1.37070,1.00000
varied_p,2441,2.25948,1.40612,1.00537
varied_p,2442,2.30514,1.00140,1.00140
varied_p,2443,2.44775,1.00000,1.00000
varied_p,2444,1.02903,1.14184,1.02903
varied_p,2445,1.11893,1.11893,1.01739
varied_p,2446,1.81238,1.22525,1.22525
varied_p,2447,1.28363,1.01865,1.01865
varied_p,2448,3.94546,1.00000,1.00000
varied_p,2449,2.83604,1.14181,1.00000
varied_p,2450,1.90046,1.00000,1.00000
varied_p,2451,3.49722,1.05654,1.05654
varied_p,2452,2.39595,1.11745,1.00000
varied_p,2453,3.32194,1.23101,1.07957
varied_p,2454,1.03444,1.04174,1.03444
varied_p,2455,1.38070,1.33705,1.20968
varied_p,2456,1.26520,1.26520,1.02212
varied_p,2457,3.03247,1.08478,1.08478
varied_p,2458,2.34912,1.00000,1.00000
varied_p,2459,3.22323,1.00000,1.00000
varied_p,2460,1.56533,1.11020,1.11020
varied_p,2461,2.53262,1.25592,1.00000
varied_p,2462,3.58882,1.00262,1.00262
varied_p,2463,1.05629,1.05357,1.05357
varied_p,2464,1.71441,1.04179,1.04179
varied_p,2465,1.10807,1.10807,1.10807
varied_p,2466,2.00821,1.46083,1.00064
varied_p,2467,1.78940,1.10653,1.10653
varied_p,2468,3.47606,1.47435,1.00000
varied_p,2469,1.72744,1.14579,1.14579
varied_p,2470,1.05877,1.01071,1.01071
varied_p,2471,1.93179,1.63264,1.00007
varied_p,2472,1.13431,1.13431,1.00000
varied_p,2473,1.24202,1.00000,1.00000
varied_p,2474,1.67342,1.28494,1.12391
varied_p,2475,2.39369,1.00000,1.00000
varied_p,2476,1.50277,1.04055,1.04055
varied_p,2477,2.64131,1.26891,1.11275
varied_p,2478,2.50822,1.01967,1.01967
varied_p,2479,3.91258,1.00000,1.00000
varied_p,2480,2.49816,1.13807,1.13807
varied_p,2481,1.45136,1.00498,1.00498
varied_p,2482,3.63617,1.00538,1.00538
varied_p,2483,1.32578,1.08707,1.08707
varied_p,2484,1.49441,1.33759,1.10510
varied_p,2485,2.90998,1.01636,1.01636
varied_p,2486,2.21293,1.00000,1.00000
varied_p,2487,1.59192,1.06162,1.06162
varied_p,2488,1.38725,1.33509,1.00000
varied_p,2489,1.11500,1.05416,1.05416
varied_p,2490,1.00000,1.00000,1.00000
varied_p,2491,2.08758,1.43255,1.19995
varied_p,2492,1.95553,1.00000,1.00000
varied_p,2493,1.60913,1.00031,1.00031
varied_p,2494,1.33401,1.00000,1.00000
varied_p,2495,2.03833,1.13741,1.00000
varied_p,2496,2.78769,1.53175,1.00000
varied_p,2497,1.18780,1.00054,1.00054
varied_p,2498,1.98275,1.00069,1.00069
varied_p,2499,1.42742,1.00000,1.00000
varied_p,2500,1.46339,1.33705,1.00128
varied_p,2501,1.19931,1.00117,1.00117
varied_p,2502,1.55063,1.41960,1.00000
varied_p,2503,2.17573,1.03785,1.03785
varied_p,2504,1.48344,1.05348,1.00369
varied_p,2505,3.03484,1.05184,1.05184
varied_p,2506,1.85231,1.08421,1.08421
varied_p,2507,3.30997,1.23129,1.00000
varied_p,2508,6.08234,1.00256,1.00256
varied_p,2509,1.38680,1.53002,1.10519
varied_p,2510,1.11176,1.43918,1.01138
varied_p,2511,1.64966,1.39654,1.00000
varied_p,2512,1.52293,1.15750,1.09209
varied_p,2513,1.96204,1.06602,1.06602
varied_p,2514,1.55440,1.72508,1.10899
varied_p,2515,1.10900,1.10900,1.00006
varied_p,2516,2.16089,1.12432,1.09165
varied_p,2517,2.30963,1.40386,1.00000
varied_p,2518,1.77740,1.02309,1.02309
varied_p,2519,1.03743,1.03743,1.03743
varied_p,2520,1.44611,1.00000,1.00000
varied_p,2521,1.77710,1.26963,1.00000
varied_p,2522,1.31175,1.09141,1.09141
varied_p,2523,1.41738,1.17994,1.00746
varied_p,2524,1.12692,1.12692,1.00449
varied_p,2525,1.07341,1.18491,1.07341
varied_p,2526,1.02815,1.55876,1.02815
varied_p,2527,1.55837,1.06244,1.06244
varied_p,2528,1.55886,1.00131,1.00131
varied_p,2529,1.94120,1.00000,1.00000
varied_p,2530,1.53375,1.08454,1.00004
varied_p,2531,2.22576,1.26603,1.05721
varied_p,2532,1.36157,1.16787,1.00000
varied_p,2533,1.85871,1.27539,1.00000
varied_p,2534,1.48299,1.02714,1.02714
varied_p,2535,3.72830,1.00757,1.00757
varied_p,2536,2.86012,1.11346,1.11346
varied_p,2537,1.87434,1.02090,1.02090
varied_p,2538,1.90133,1.23510,1.00000
varied_p,2539,2.24020,1.17603,1.00000
varied_p,2540,2.39074,1.07304,1.00069
varied_p,2541,1.36629,1.11716,1.04840
varied_p,2542,1.31379,1.34616,1.00278
varied_p,2543,2.50682,1.00728,1.00728
varied_p,2544,2.06868,1.21273,1.00000
varied_p,2545,3.79683,1.15129,1.07016
varied_p,2546,2.04390,1.04874,1.04874
varied_p,2547,3.73770,1.41586,1.00000
varied_p,2548,1.85103,1.00565,1.00565
varied_p,2549,3.34648,1.02982,1.02982
varied_p,2550,2.56664,1.01035,1.01035
varied_p,2551,3.00088,1.18934,1.00000
varied_p,2552,1.58915,1.24328,1.06352
varied_p,2553,1.05176,1.03042,1.03042
varied_p,2554,2.06503,1.00783,1.00783
varied_p,2555,1.34589,2.85772,1.00130
varied_p,2556,2.12467,1.54066,1.00114
varied_p,2557,1.39854,1.17046,1.16510
varied_p,2558,1.70224,1.00000,1.00000
varied_p,2559,1.91409,1.43591,1.06062
varied_p,2560,1.30566,1.16069,1.16069
varied_p,2561,1.43847,1.18935,1.02415
varied_p,2562,1.47075,1.00000,1.00000
varied_p,2563,1.75201,1.08466,1.08466
varied_p,2564,2.51654,1.02510,1.02510
varied_p,2565,1.43782,1.00000,1.00000
varied_p,2566,1.02342,1.02342,1.02342
varied_p,2567,1.51582,1.21548,1.10858
varied_p,2568,2.04857,1.16466,1.16466
varied_p,2569,1.88948,1.03298,1.03298
varied_p,2570,1.85330,1.21480,1.00055
varied_p,2571,3.09555,1.00185,1.00185
varied_p,2572,2.82942,1.03390,1.03390
varied_p,2573,1.52709,1.42118,1.00000
varied_p,2574,3.41633,1.06460,1.06460
varied_p,2575,1.46048,1.31162,1.00000
varied_p,2576,1.45089,1.18112,1.03122
varied_p,2577,1.00000,1.00000,1.00000
varied_p,2578,5.97262,1.14205,1.02188
varied_p,2579,2.65097,1.03915,1.03915
varied_p,2580,2.88337,1.10672,1.00000
varied_p,2581,1.27847,1.15057,1.00927
varied_p,2582,1.01897,1.01897,1.01897
varied_p,2583,6.61142,1.67162,1.04440
varied_p,2584,1.19883,1.76665,1.00000
varied_p,2585,1.69214,1.11702,1.00169
varied_p,2586,3.80752,1.00000,1.00000
varied_p,2587,1.62317,1.10708,1.10708
varied_p,2588,1.32100,1.07333,1.07333
varied_p,2589,1.02491,1.02491,1.02491
varied_p,2590,2.01546,1.02919,1.02919
varied_p,2591,2.12409,1.03766,1.03766
varied_p,2592,1.13828,1.06016,1.03913
varied_p,2593,1.38979,1.00000,1.00000
varied_p,2594,1.06753,1.08226,1.02317
varied_p,2595,1.19286,1.10752,1.05466
varied_p,2596,3.18429,1.01581,1.01581
varied_p,2597,1.99737,1.00000,1.00000
varied_p,2598,1.80148,1.04927,1.00000
varied_p,2599,1.33767,1.13903,1.13903
varied_p,2600,2.08639,1.00033,1.00033
varied_p,2601,1.01460,1.01460,1.01460
varied_p,2602,2.08506,1.49865,1.00000
varied_p,2603,1.57941,1.07860,1.00006
varied_p,2604,1.50004,1.06196,1.06196
varied_p,2605,1.76629,1.01218,1.01218
varied_p,2606,2.28627,1.02246,1.00000
varied_p,2607,3.15344,1.55824,1.00000
varied_p,2608,1.56410,1.24992,1.00000
varied_p,2609,2.79343,1.00000,1.00000
varied_p,2610,1.42287,1.10735,1.00024
varied_p,2611,1.10315,1.00403,1.00403
varied_p,2612,3.83219,1.00000,1.00000
varied_p,2613,1.75822,1.27412,1.03160
varied_p,2614,1.00000,1.16191,1.00000
varied_p,2615,2.34515,1.03836,1.03836
varied_p,2616,1.29243,1.75920,1.00000
varied_p,2617,2.11683,1.00000,1.00000
varied_p,2618,2.04076,1.07166,1.07166
varied_p,2619,1.32037,1.15218,1.01117
varied_p,2620,2.43589,1.56327,1.00001
varied_p,2621,1.78199,1.01960,1.01960
varied_p,2622,1.06017,1.06017,1.06017
varied_p,2623,1.62436,1.35364,1.00161
varied_p,2624,2.55059,1.53216,1.00000
varied_p,2625,1.55537,1.03520,1.00455
varied_p,2626,1.32880,1.23893,1.17794
varied_p,2627,1.00000,1.86134,1.00000
varied_p,2628,1.44310,1.49644,1.00000
varied_p,2629,1.95175,1.12318,1.00000
varied_p,2630,1.08760,1.00439,1.00439
varied_p,2631,1.50803,1.18267,1.00216
varied_p,2632,1.89919,1.06097,1.06097
varied_p,2633,1.29697,1.38934,1.00146
varied_p,2634,3.06721,1.67894,1.00000
varied_p,2635,1.15281,1.33769,1.00497
varied_p,2636,1.66396,1.26759,1.00000
varied_p,2637,1.18640,1.07800,1.07800
varied_p,2638,1.83727,1.15891,1.15891
varied_p,2639,1.27569,1.22599,1.01523
varied_p,2640,2.00032,1.00000,1.00000
varied_p,2641,1.35335,1.00813,1.00813
varied_p,2642,1.88415,1.26077,1.00000
varied_p,2643,1.00000,1.14380,1.00000
varied_p,2644,1.22308,1.18752,1.18752
varied_p,2645,3.72905,1.00000,1.00000
varied_p,2646,1.95490,1.06210,1.02507
varied_p,2647,2.85322,1.08560,1.00000
varied_p,2648,2.48268,1.00155,1.00155
varied_p,2649,2.43759,1.00705,1.00705
varied_p,2650,1.99836,1.00000,1.00000
varied_p,2651,1.22572,1.22572,1.04408
varied_p,2652,1.56839,1.00013,1.00013
varied_p,2653,3.14606,1.37431,1.00000
varied_p,2654,2.74397,1.05253,1.00012
varied_p,2655,1.08556,1.00000,1.00000
varied_p,2656,2.05258,1.00000,1.00000
varied_p,2657,1.00000,1.00000,1.00000
varied_p,2658,1.37804,1.00000,1.00000
varied_p,2659,3.71759,1.02059,1.02059
varied_p,2660,1.00381,1.00381,1.00381
varied_p,2661,1.06404,1.06404,1.06404
varied_p,2662,1.29083,1.40272,1.00080
varied_p,2663,3.93487,1.23870,1.00000
varied_p,2664,2.72464,1.01134,1.01134
varied_p,2665,1.34349,1.10063,1.10063
varied_p,2666,1.15889,1.11322,1.10492
varied_p,2667,1.39285,1.00000,1.00000
varied_p,2668,1.15186,1.23221,1.00000
varied_p,2669,2.03390,1.09136,1.00050
varied_p,2670,1.25567,1.26873,1.02619
varied_p,2671,1.76136,1.24784,1.02346
varied_p,2672,1.14741,1.14741,1.00296
varied_p,2673,1.56977,1.28281,1.00000
varied_p,2674,3.06799,1.05070,1.05070
varied_p,2675,4.80687,1.26251,1.00000
varied_p,2676,1.00811,1.00811,1.00811
varied_p,2677,1.92956,1.00000,1.00000
varied_p,2678,1.46418,1.30531,1.00606
varied_p,2679,1.11794,1.02656,1.02656
varied_p,2680,4.17233,1.05583,1.02203
varied_p,2681,1.84834,1.27201,1.15963
varied_p,2682,1.41956,1.43326,1.01478
varied_p,2683,1.07027,1.14369,1.07027
varied_p,2684,2.54594,1.00245,1.00245
varied_p,2685,1.48268,1.31256,1.06232
varied_p,2686,1.62315,1.19421,1.19421
varied_p,2687,1.28380,1.30058,1.00241
varied_p,2688,1.34290,1.03494,1.01680
varied_p,2689,1.51329,1.71454,1.00000
varied_p,2690,1.43118,1.08135,1.08135
varied_p,2691,2.02818,1.12423,1.12423
varied_p,2692,1.00000,1.00000,1.00000
varied_p,2693,4.01911,1.02023,1.02023
varied_p,2694,1.43439,1.47320,1.00000
varied_p,2695,2.84206,1.06736,1.00000
varied_p,2696,1.93339,1.01086,1.01086
varied_p,2697,1.48870,1.07331,1.01689
varied_p,2698,1.32823,1.60685,1.00000
varied_p,2699,1.38913,1.02403,1.00000
varied_p,2700,2.02549,1.05722,1.05722
varied_p,2701,1.40082,1.00036,1.00036
varied_p,2702,1.23509,1.00000,1.00000
varied_p,2703,1.82975,1.00022,1.00022
varied_p,2704,1.52177,1.11495,1.11495
varied_p,2705,1.38159,1.00801,1.00801
varied_p,2706,3.15749,1.26633,1.15433
varied_p,2707,2.85861,1.00626,1.00626
varied_p,2708,3.37954,1.65196,1.05441
varied_p,2709,2.13789,1.02791,1.02791
varied_p,2710,2.14667,1.29890,1.17258
varied_p,2711,1.32262,1.45388,1.01334
varied_p,2712,2.61262,1.13023,1.13023
varied_p,2713,1.34014,1.48874,1.02328
varied_p,2714,1.33014,1.00000,1.00000
varied_p,2715,1.94086,1.00260,1.00260
varied_p,2716,3.28696,1.23759,1.00020
varied_p,2717,1.38306,1.19027,1.15022
varied_p,2718,2.76325,1.22376,1.00000
varied_p,2719,1.00073,1.15380,1.00073
varied_p,2720,1.66359,1.00581,1.00581
varied_p,2721,1.24984,1.24984,1.01392
varied_p,2722,1.67842,1.66516,1.00000
varied_p,2723,1.45264,1.00000,1.00000
varied_p,2724,2.18899,1.04224,1.04224
varied_p,2725,1.99291,1.04033,1.04033
varied_p,2726,3.99464,1.07639,1.07639
varied_p,2727,1.19155,1.49143,1.06968
varied_p,2728,1.69131,1.33673,1.00000
varied_p,2729,1.15250,1.24555,1.15250
varied_p,2730,2.18067,1.00000,1.00000
varied_p,2731,5.02320,1.00138,1.00138
varied_p,2732,1.20078,1.20078,1.20078
varied_p,2733,1.26413,1.25411,1.05018
varied_p,2734,1.38932,1.20021,1.13166
varied_p,2735,2.14777,1.07874,1.00315
varied_p,2736,1.32481,1.00000,1.00000
varied_p,2737,1.51473,1.11685,1.11685
varied_p,2738,1.89924,1.00000,1.00000
varied_p,2739,1.44629,1.08193,1.00000
varied_p,2740,1.02671,1.31648,1.02671
varied_p,2741,2.98407,1.08103,1.00028
varied_p,2742,1.22660,1.06553,1.06553
varied_p,2743,2.76386,1.00000,1.00000
varied_p,2744,1.08503,1.21955,1.03469
varied_p,2745,1.41128,1.38809,1.00000
varied_p,2746,1.00000,1.00000,1.00000
varied_p,2747,1.10224,1.10224,1.10224
varied_p,2748,2.08294,1.11872,1.08059
varied_p,2749,1.22946,1.22946,1.00000
varied_p,2750,1.56057,1.10078,1.00003
varied_p,2751,1.39623,1.49538,1.00836
varied_p,2752,1.67606,1.00000,1.00000
varied_p,2753,1.87926,1.01817,1.01817
varied_p,2754,1.91690,1.19199,1.12545
varied_p,2755,1.52995,1.11514,1.02186
varied_p,2756,3.69790,1.03702,1.03702
varied_p,2757,4.93723,1.00024,1.00024
varied_p,2758,3.58891,1.17991,1.17991
varied_p,2759,2.57580,1.11641,1.00000
varied_p,2760,1.88317,1.16043,1.05148
varied_p,2761,1.18340,1.10270,1.10270
varied_p,2762,1.00000,1.00000,1.00000
varied_p,2763,1.95148,1.20024,1.00000
varied_p,2764,1.89976,1.03400,1.03400
varied_p,2765,1.32082,1.22564,1.00333
varied_p,2766,1.74431,1.57393,1.05169
varied_p,2767,2.85132,1.00000,1.00000
varied_p,2768,2.49686,1.23169,1.00441
varied_p,2769,1.06786,1.21476,1.00000
varied_p,2770,2.47447,1.03349,1.03349
varied_p,2771,3.96798,1.17847,1.00537
varied_p,2772,1.00000,2.32978,1.00000
varied_p,2773,1.84972,1.00671,1.00671
varied_p,2774,4.09444,1.05819,1.00000
varied_p,2775,1.12167,1.01145,1.01145
varied_p,2776,1.57470,1.03409,1.03409
varied_p,2777,1.20727,1.00261,1.00261
varied_p,2778,1.49946,1.00000,1.00000
varied_p,2779,1.71992,1.15424,1.00008
varied_p,2780,1.76829,1.11860,1.00000
varied_p,2781,1.38851,1.00023,1.00023
varied_p,2782,2.32353,1.00000,1.00000
varied_p,2783,2.96828,1.00000,1.00000
varied_p,2784,1.40904,1.08367,1.08367
varied_p,2785,3.73685,1.06481,1.00000
varied_p,2786,3.51373,1.14679,1.00931
varied_p,2787,2.46948,1.22430,1.00000
varied_p,2788,1.57414,1.14918,1.14918
varied_p,2789,1.37251,1.36831,1.02232
varied_p,2790,1.00000,1.25173,1.00000
varied_p,2791,1.49208,1.00153,1.00153
varied_p,2792,1.84387,1.11562,1.10813
varied_p,2793,2.30602,1.00877,1.00877
varied_p,2794,2.03170,1.46414,1.00279
varied_p,2795,1.14680,1.09544,1.09544
varied_p,2796,1.30196,1.01369,1.01369
varied_p,2797,1.00530,1.00530,1.00530
varied_p,2798,1.26131,1.35611,1.00019
varied_p,2799,4.81399,1.00107,1.00107
varied_p,2800,1.01847,1.02033,1.01847
varied_p,2801,1.72793,1.00000,1.00000
varied_p,2802,1.54799,1.21308,1.01008
varied_p,2803,1.39464,1.17894,1.00000
varied_p,2804,1.19782,1.14220,1.06067
varied_p,2805,4.98268,1.07106,1.00000
varied_p,2806,2.03867,1.28013,1.00007
varied_p,2807,1.94981,1.50768,1.04789
varied_p,2808,2.07887,1.00000,1.00000
varied_p,2809,2.67459,1.01862,1.01862
varied_p,2810,2.32827,1.11887,1.11887
varied_p,2811,3.29360,1.00000,1.00000
varied_p,2812,2.09177,1.14458,1.00219
varied_p,2813,1.20584,1.28331,1.04506
varied_p,2814,1.18462,1.01456,1.00132
varied_p,2815,1.16100,1.01448,1.00439
varied_p,2816,1.25653,1.24001,1.00000
varied_p,2817,1.22089,1.63000,1.00000
varied_p,2818,1.29067,1.15140,1.15140
varied_p,2819,8.52798,1.18200,1.18200
varied_p,2820,1.46734,1.00000,1.00000
varied_p,2821,1.00027,1.00027,1.00027
varied_p,2822,1.23436,1.23436,1.03033
varied_p,2823,1.28982,1.04535,1.04535
varied_p,2824,1.86101,1.00000,1.00000
varied_p,2825,1.29590,1.10578,1.10578
varied_p,2826,2.27219,1.00129,1.00129
varied_p,2827,1.84576,1.02300,1.02300
varied_p,2828,1.77096,1.02608,1.02608
varied_p,2829,1.84575,1.17921,1.14023
varied_p,2830,1.00013,2.17031,1.00013
varied_p,2831,1.61629,1.08327,1.00000
varied_p,2832,1.31197,1.38978,1.01735
varied_p,2833,1.00619,1.00619,1.00619
varied_p,2834,2.28343,1.10955,1.10955
varied_p,2835,2.49763,1.02689,1.00236
varied_p,2836,1.27582,1.21243,1.00000
varied_p,2837,1.76048,1.17092,1.00000
varied_p,2838,1.79167,1.02433,1.02433
varied_p,2839,1.50621,1.03883,1.03883
varied_p,2840,1.84789,1.05958,1.04579
varied_p,2841,1.37932,1.01476,1.01476
varied_p,2842,1.54287,1.01388,1.01388
varied_p,2843,1.62454,1.21084,1.00103
varied_p,2844,1.76330,1.00000,1.00000
varied_p,2845,4.37636,1.00000,1.00000
varied_p,2846,1.63519,1.03830,1.00152
varied_p,2847,1.54053,1.10597,1.10597
varied_p,2848,1.24704,1.24704,1.00000
varied_p,2849,1.59016,1.13825,1.05956
varied_p,2850,1.02548,1.02548,1.02548
varied_p,2851,1.40314,1.06063,1.00467
varied_p,2852,1.38824,1.06982,1.06982
varied_p,2853,1.01645,1.01645,1.01645
varied_p,2854,2.26009,1.40558,1.01537
varied_p,2855,2.07648,1.16990,1.01567
varied_p,2856,1.43909,1.50040,1.00000
varied_p,2857,1.25961,1.13882,1.05829
varied_p,2858,1.36101,1.37409,1.00000
varied_p,2859,1.26476,1.04183,1.04183
varied_p,2860,1.31577,1.31577,1.00777
varied_p,2861,2.31461,1.93729,1.00000
varied_p,2862,2.61970,1.00005,1.00005
varied_p,2863,1.02886,1.02886,1.02886
varied_p,2864,1.42483,1.06996,1.06996
varied_p,2865,1.08178,1.41456,1.08178
varied_p,2866,1.03248,1.35498,1.03248
varied_p,2867,2.24588,1.03195,1.03195
varied_p,2868,1.00275,1.00275,1.00275
varied_p,2869,1.89010,1.03074,1.03074
varied_p,2870,3.58805,1.00288,1.00288
varied_p,2871,1.26899,1.07111,1.07111
varied_p,2872,1.27611,1.00000,1.00000
varied_p,2873,3.51603,1.28192,1.08348
varied_p,2874,1.49895,1.02681,1.02681
varied_p,2875,1.66108,1.00000,1.00000
varied_p,2876,2.23742,1.03919,1.00000
varied_p,2877,3.10366,1.00114,1.00114
varied_p,2878,2.19742,1.00000,1.00000
varied_p,2879,2.19611,1.06413,1.06413
varied_p,2880,1.78250,1.29517,1.05545
varied_p,2881,1.40213,1.10711,1.10711
varied_p,2882,2.71580,1.00907,1.00907
varied_p,2883,1.27767,1.00000,1.00000
varied_p,2884,3.52514,1.00000,1.00000
varied_p,2885,2.63624,1.06929,1.06929
varied_p,2886,2.41533,1.34058,1.00000
varied_p,2887,2.24014,1.00000,1.00000
varied_p,2888,1.43666,1.11092,1.11092
varied_p,2889,1.00749,1.12615,1.00749
varied_p,2890,3.06082,1.17507,1.00459
varied_p,2891,1.66428,1.02446,1.02339
varied_p,2892,2.32789,1.00000,1.00000
varied_p,2893,1.99630,1.07252,1.00021
varied_p,2894,1.69145,1.13871,1.00048
varied_p,2895,1.32331,1.05377,1.05377
varied_p,2896,1.47758,1.02848,1.02848
varied_p,2897,1.44533,1.17006,1.00050
varied_p,2898,1.29286,1.43138,1.01599
varied_p,2899,1.69739,1.83324,1.00000
varied_p,2900,1.15059,1.02446,1.00000
varied_p,2901,1.91596,1.37956,1.00694
varied_p,2902,2.56156,1.02042,1.02042
varied_p,2903,6.71641,1.08762,1.08762
varied_p,2904,1.34602,1.13971,1.00128
varied_p,2905,1.88823,1.09213,1.09213
varied_p,2906,2.31683,1.14489,1.00000
varied_p,2907,1.56414,1.24994,1.24994
varied_p,2908,1.83297,1.00000,1.00000
varied_p,2909,2.08419,1.03506,1.03506
varied_p,2910,2.24716,1.33004,1.00000
varied_p,2911,1.42060,1.18487,1.18487
varied_p,2912,1.94309,1.00000,1.00000
varied_p,2913,1.76515,1.40110,1.00000
varied_p,2914,1.64750,1.46169,1.00647
varied_p,2915,1.89413,1.28489,1.00007
varied_p,2916,1.62473,1.00000,1.00000
varied_p,2917,1.79732,1.00514,1.00514
varied_p,2918,1.10451,1.03570,1.03570
varied_p,2919,2.31915,1.26443,1.26443
varied_p,2920,1.59587,1.00000,1.00000
varied_p,2921,1.73920,1.11041,1.11041
varied_p,2922,2.04262,1.00000,1.00000
varied_p,2923,3.12262,1.00000,1.00000
varied_p,2924,4.08187,1.12182,1.12182
varied_p,2925,1.48303,1.00000,1.00000
varied_p,2926,1.09577,1.53412,1.01488
varied_p,2927,1.98106,1.00787,1.00787
varied_p,2928,1.26180,1.25389,1.00000
varied_p,2929,1.47636,1.00000,1.00000
varied_p,2930,2.28299,1.00000,1.00000
varied_p,2931,1.35353,1.11331,1.01456
varied_p,2932,1.25096,1.25096,1.00925
varied_p,2933,1.00000,1.12888,1.00000
varied_p,2934,2.50758,1.00095,1.00095
varied_p,2935,1.29968,1.01215,1.01215
varied_p,2936,3.94341,1.15166,1.15166
varied_p,2937,1.23260,1.00000,1.00000
varied_p,2938,2.73128,1.00000,1.00000
varied_p,2939,1.92650,1.02518,1.02518
varied_p,2940,3.24001,1.02871,1.02871
varied_p,2941,1.73846,1.52046,1.00381
varied_p,2942,1.70685,1.18682,1.00348
varied_p,2943,2.32481,1.01704,1.01704
varied_p,2944,1.00504,1.00504,1.00504
varied_p,2945,2.01803,1.02039,1.02039
varied_p,2946,5.75084,1.00689,1.00000
varied_p,2947,1.57565,1.36136,1.01790
varied_p,2948,1.53455,1.00165,1.00165
varied_p,2949,1.15334,1.33260,1.06931
varied_p,2950,1.65049,1.00549,1.00549
varied_p,2951,1.82814,1.04981,1.04981
varied_p,2952,1.67305,1.19000,1.19000
varied_p,2953,1.34324,1.17421,1.03831
varied_p,2954,2.16593,1.31275,1.00053
varied_p,2955,1.41835,1.08908,1.08908
varied_p,2956,1.00018,1.22059,1.00018
varied_p,2957,1.51236,1.05811,1.05811
varied_p,2958,2.49249,1.05685,1.05685
varied_p,2959,2.19652,1.00234,1.00234
varied_p,2960,1.11705,1.02212,1.02212
varied_p,2961,1.04359,2.13770,1.04359
varied_p,2962,1.21018,1.05110,1.05110
varied_p,2963,2.09846,1.00000,1.00000
varied_p,2964,1.94894,1.01961,1.01961
varied_p,2965,4.07693,1.17399,1.00367
varied_p,2966,1.31414,1.73705,1.06424
varied_p,2967,2.11539,1.09897,1.00000
varied_p,2968,1.82193,1.03242,1.03242
varied_p,2969,1.25884,1.26678,1.00000
varied_p,2970,1.56182,1.41124,1.00267
varied_p,2971,1.34625,1.34625,1.00009
varied_p,2972,1.64239,1.00000,1.00000
varied_p,2973,2.94253,1.03288,1.03288
varied_p,2974,4.20330,1.00000,1.00000
varied_p,2975,2.01782,1.00000,1.00000
varied_p,2976,1.02397,1.01171,1.01171
varied_p,2977,1.93297,1.11540,1.11540
varied_p,2978,1.23997,1.06950,1.05426
varied_p,2979,1.32551,1.43482,1.03398
varied_p,2980,2.48662,1.73091,1.00000
varied_p,2981,1.87417,1.00294,1.00294
varied_p,2982,1.02078,1.02078,1.02078
varied_p,2983,1.36695,1.21339,1.02620
varied_p,2984,1.94311,1.00051,1.00051
varied_p,2985,2.12786,1.07743,1.07743
varied_p,2986,1.16279,1.16279,1.00000
varied_p,2987,1.30639,1.03735,1.00000
varied_p,2988,1.51321,1.15004,1.15004
varied_p,2989,2.06216,1.09840,1.00000
varied_p,2990,1.66946,1.00611,1.00013
varied_p,2991,2.87023,1.42682,1.00000
varied_p,2992,1.36653,1.08864,1.08864
varied_p,2993,1.07280,1.18571,1.07280
varied_p,2994,2.39602,1.14012,1.00990
varied_p,2995,1.00000,2.00652,1.00000
varied_p,2996,2.67799,1.00419,1.00000
varied_p,2997,2.37558,1.00000,1.00000
varied_p,2998,1.26171,1.30204,1.00000
varied_p,2999,2.79289,1.00003,1.00003
p_falls_with_c,0,1.22393,1.13177,1.00000
p_falls_with_c,1,1.57066,1.13197,1.00000
p_falls_with_c,2,2.41289,1.25382,1.00316
p_falls_with_c,3,1.62223,1.00000,1.00000
p_falls_with_c,4,5.52566,1.00000,1.00000
p_falls_with_c,5,1.39614,1.39614,1.00300
p_falls_with_c,6,1.00000,1.14682,1.00000
p_falls_with_c,7,2.07194,1.06008,1.06008
p_falls_with_c,8,2.34488,1.07261,1.07261
p_falls_with_c,9,1.61063,1.06988,1.06988
p_falls_with_c,10,1.74043,1.00000,1.00000
p_falls_with_c,11,1.21318,1.08358,1.08358
p_falls_with_c,12,2.02304,1.03665,1.03665
p_falls_with_c,13,5.26515,1.00000,1.00000
p_falls_with_c,14,1.43011,1.10749,1.01142
p_falls_with_c,15,1.36237,1.06733,1.04018
p_falls_with_c,16,1.71793,1.26119,1.10838
p_falls_with_c,17,1.63289,1.14219,1.01471
p_falls_with_c,18,1.96047,1.05595,1.05595
p_falls_with_c,19,2.39772,1.13908,1.00283
p_falls_with_c,20,1.62646,1.28490,1.00000
p_falls_with_c,21,1.19455,1.04960,1.03792
p_falls_with_c,22,1.92333,1.00000,1.00000
p_falls_with_c,23,1.22824,1.03006,1.02058
p_falls_with_c,24,1.74257,1.25308,1.08273
p_falls_with_c,25,4.23248,1.00000,1.00000
p_falls_with_c,26,1.48135,1.02828,1.02568
p_falls_with_c,27,2.41642,1.13188,1.00388
p_falls_with_c,28,1.67109,1.11819,1.01552
p_falls_with_c,29,2.02150,1.08484,1.08484
p_falls_with_c,30,1.86491,1.21750,1.16340
p_falls_with_c,31,2.04992,1.27515,1.19755
p_falls_with_c,32,1.14564,1.14564,1.00000
p_falls_with_c,33,3.09788,1.00209,1.00000
p_falls_with_c,34,1.31839,1.00000,1.00000
p_falls_with_c,35,2.11390,1.10012,1.10012
p_falls_with_c,36,4.91731,1.38160,1.00000
p_falls_with_c,37,1.92798,1.01494,1.01494
p_falls_with_c,38,2.06885,1.07620,1.00000
p_falls_with_c,39,2.57797,1.00000,1.00000
p_falls_with_c,40,2.02416,1.14525,1.00000
p_falls_with_c,41,2.83745,1.56772,1.00000
p_falls_with_c,42,1.61070,1.14399,1.01529
p_falls_with_c,43,1.66805,1.07089,1.01819
p_falls_with_c,44,3.07261,1.00336,1.00336
p_falls_with_c,45,2.81488,1.00000,1.00000
p_falls_with_c,46,1.97615,1.13892,1.09581
p_falls_with_c,47,1.26445,1.19487,1.01171
p_falls_with_c,48,2.88585,1.05124,1.05124
p_falls_with_c,49,1.51560,1.03087,1.03087
p_falls_with_c,50,1.20060,1.00000,1.00000
p_falls_with_c,51,2.21549,1.03736,1.03736
p_falls_with_c,52,1.55205,1.17357,1.17357
p_falls_with_c,53,1.79500,1.05554,1.05554
p_falls_with_c,54,1.22875,1.00000,1.00000
p_falls_with_c,55,2.54767,1.00000,1.00000
p_falls_with_c,56,1.37801,1.40560,1.04899
p_falls_with_c,57,1.92697,1.00139,1.00139
p_falls_with_c,58,1.22373,1.22373,1.00000
p_falls_with_c,59,2.37560,1.05294,1.00000
p_falls_with_c,60,1.83382,1.24680,1.00194
p_falls_with_c,61,1.25937,1.02303,1.02303
p_falls_with_c,62,1.63049,1.14732,1.00000
p_falls_with_c,63,1.76464,1.12561,1.00000
p_falls_with_c,64,3.56861,1.20488,1.00648
p_falls_with_c,65,2.14891,1.00717,1.00717
p_falls_with_c,66,4.97002,1.00000,1.00000
p_falls_with_c,67,1.67499,1.39125,1.00000
p_falls_with_c,68,2.38024,1.00582,1.00000
p_falls_with_c,69,1.23537,1.13939,1.00000
p_falls_with_c,70,1.57691,1.03876,1.03876
p_falls_with_c,71,1.09777,1.22438,1.00360
p_falls_with_c,72,2.58661,1.17931,1.00000
p_falls_with_c,73,1.44025,1.13784,1.08771
p_falls_with_c,74,1.27807,1.05980,1.05780
p_falls_with_c,75,2.99734,1.38487,1.00000
p_falls_with_c,76,1.66258,1.14274,1.00199
p_falls_with_c,77,2.10253,1.13413,1.00000
p_falls_with_c,78,1.38322,1.05439,1.05439
p_falls_with_c,79,1.50344,1.01277,1.01277
p_falls_with_c,80,2.19135,1.31392,1.00000
p_falls_with_c,81,3.03086,1.40092,1.21384
p_falls_with_c,82,1.53981,1.02513,1.02513
p_falls_with_c,83,4.46025,1.06837,1.00000
p_falls_with_c,84,2.60822,1.12783,1.00000
p_falls_with_c,85,1.81895,1.12165,1.00435
p_falls_with_c,86,1.53864,1.44618,1.00000
p_falls_with_c,87,1.64619,1.02025,1.02025
p_falls_with_c,88,1.88503,1.00165,1.00165
p_falls_with_c,89,1.30127,1.06087,1.05742
p_falls_with_c,90,1.50441,1.07442,1.00000
p_falls_with_c,91,1.49364,1.12660,1.00000
p_falls_with_c,92,1.23247,1.70445,1.08999
p_falls_with_c,93,1.48074,1.00004,1.00004
p_falls_with_c,94,1.74600,1.19142,1.00000
p_falls_with_c,95,2.09503,1.00000,1.00000
p_falls_with_c,96,2.27330,1.60936,1.00338
p_falls_with_c,97,1.17521,1.27339,1.11032
p_falls_with_c,98,1.40628,1.02752,1.00338
p_falls_with_c,99,3.51709,1.25027,1.00000
p_falls_with_c,100,1.09167,1.58322,1.00000
p_falls_with_c,101,2.99937,1.04484,1.04484
p_falls_with_c,102,1.90785,1.20638,1.06835
p_falls_with_c,103,2.77363,1.00623,1.00623
p_falls_with_c,104,1.43154,1.27980,1.05798
p_falls_with_c,105,1.78541,1.05857,1.05857
p_falls_with_c,106,1.07409,1.07409,1.00000
p_falls_with_c,107,1.51862,1.50083,1.16282
p_falls_with_c,108,1.92291,1.14115,1.05679
p_falls_with_c,109,2.69273,1.05001,1.00000
p_falls_with_c,110,1.53164,1.00000,1.00000
p_falls_with_c,111,2.50697,1.13930,1.00238
p_falls_with_c,112,1.88731,1.03232,1.03232
p_falls_with_c,113,1.53428,1.09271,1.00000
p_falls_with_c,114,2.09993,1.03483,1.03483
p_falls_with_c,115,1.56329,1.12824,1.00000
p_falls_with_c,116,6.24684,1.00000,1.00000
p_falls_with_c,117,1.45428,1.22808,1.00000
p_falls_with_c,118,1.14588,1.29922,1.11643
p_falls_with_c,119,3.55109,1.00000,1.00000
p_falls_with_c,120,2.02845,1.34123,1.07450
p_falls_with_c,121,2.03802,1.05997,1.05997
p_falls_with_c,122,2.60802,1.05697,1.00000
p_falls_with_c,123,3.73604,1.09824,1.00000
p_falls_with_c,124,1.49720,1.00000,1.00000
p_falls_with_c,125,1.23788,1.00118,1.00118
p_falls_with_c,126,1.32286,1.13895,1.01176
p_falls_with_c,127,1.39695,1.31256,1.00913
p_falls_with_c,128,2.11519,1.34303,1.09696
p_falls_with_c,129,2.61108,1.09431,1.00000
p_falls_with_c,130,1.33476,1.00614,1.00614
p_falls_with_c,131,2.35743,1.00335,1.00335
p_falls_with_c,132,1.23044,1.14267,1.13508
p_falls_with_c,133,2.19486,1.00106,1.00106
p_falls_with_c,134,2.24266,1.30145,1.00000
p_falls_with_c,135,1.60277,1.00000,1.00000
p_falls_with_c,136,1.00000,1.00000,1.00000
p_falls_with_c,137,2.46780,1.00404,1.00404
p_falls_with_c,138,3.65255,1.13294,1.13294
p_falls_with_c,139,1.08607,1.61362,1.08607
p_falls_with_c,140,1.25396,1.06455,1.00039
p_falls_with_c,141,1.40392,1.08926,1.00000
p_falls_with_c,142,1.00000,1.00000,1.00000
p_falls_with_c,143,1.64601,1.38336,1.00000
p_falls_with_c,144,2.11105,1.66447,1.00000
p_falls_with_c,145,1.67738,1.00000,1.00000
p_falls_with_c,146,4.41242,1.01410,1.01410
p_falls_with_c,147,1.48837,1.10267,1.00154
p_falls_with_c,148,1.40699,1.36234,1.00000
p_falls_with_c,149,3.85532,1.00000,1.00000
p_falls_with_c,150,3.40225,1.00000,1.00000
p_falls_with_c,151,1.09280,1.00150,1.00150
p_falls_with_c,152,2.25935,1.09520,1.09520
p_falls_with_c,153,2.42489,1.00000,1.00000
p_falls_with_c,154,1.52403,1.00954,1.00000
p_falls_with_c,155,3.02103,1.02964,1.00000
p_falls_with_c,156,1.97178,1.47191,1.01932
p_falls_with_c,157,2.86468,1.32144,1.00440
p_falls_with_c,158,1.78558,1.02346,1.02346
p_falls_with_c,159,1.01238,1.66215,1.01238
p_falls_with_c,160,2.13275,1.12212,1.00000
p_falls_with_c,161,1.10969,1.08397,1.00000
p_falls_with_c,162,1.13811,1.16277,1.00000
p_falls_with_c,163,3.33930,1.11556,1.00025
p_falls_with_c,164,3.05048,1.04197,1.00227
p_falls_with_c,165,3.43863,1.03863,1.01191
p_falls_with_c,166,6.09471,1.03814,1.00000
p_falls_with_c,167,1.36233,1.36233,1.01643
p_falls_with_c,168,1.00000,1.00000,1.00000
p_falls_with_c,169,1.56729,1.22905,1.10362
p_falls_with_c,170,1.10217,1.10217,1.00000
p_falls_with_c,171,1.26038,1.01984,1.01524
p_falls_with_c,172,1.47531,1.06986,1.01446
p_falls_with_c,173,1.00766,1.52863,1.00766
p_falls_with_c,174,1.87744,1.18892,1.00000
p_falls_with_c,175,2.60098,1.00165,1.00165
p_falls_with_c,176,1.68927,1.25990,1.00000
p_falls_with_c,177,2.45354,1.00000,1.00000
p_falls_with_c,178,2.75028,1.52691,1.00000
p_falls_with_c,179,1.57364,1.03458,1.03458
p_falls_with_c,180,1.53444,1.08451,1.05261
p_falls_with_c,181,1.55778,1.13819,1.13819
p_falls_with_c,182,1.58967,1.48349,1.00000
p_falls_with_c,183,3.89321,1.00000,1.00000
p_falls_with_c,184,4.26292,1.04632,1.04632
p_falls_with_c,185,1.50793,1.03918,1.00000
p_falls_with_c,186,1.78690,1.10350,1.10350
p_falls_with_c,187,2.02329,1.00336,1.00336
p_falls_with_c,188,1.64242,1.49425,1.09799
p_falls_with_c,189,1.65805,1.00000,1.00000
p_falls_with_c,190,1.49644,1.04492,1.04492
p_falls_with_c,191,3.43953,1.00000,1.00000
p_falls_with_c,192,2.26890,1.02210,1.02210
p_falls_with_c,193,1.29033,1.00787,1.00787
p_falls_with_c,194,2.27713,1.08953,1.00000
p_falls_with_c,195,2.91105,1.01355,1.00000
p_falls_with_c,196,2.75331,1.00000,1.00000
p_falls_with_c,197,6.32698,1.00279,1.00279
p_falls_with_c,198,2.29954,1.00000,1.00000
p_falls_with_c,199,2.16697,1.00017,1.00017
p_falls_with_c,200,3.28742,1.00000,1.00000
p_falls_with_c,201,1.58339,1.30297,1.12187
p_falls_with_c,202,2.27046,1.23730,1.00000
p_falls_with_c,203,3.29287,1.00019,1.00019
p_falls_with_c,204,1.33435,1.00000,1.00000
p_falls_with_c,205,1.00000,1.00000,1.00000
p_falls_with_c,206,1.71707,1.06594,1.00000
p_falls_with_c,207,1.27881,1.15474,1.01408
p_falls_with_c,208,4.66949,1.00382,1.00000
p_falls_with_c,209,1.05134,1.05134,1.05134
p_falls_with_c,210,1.11884,1.00533,1.00533
p_falls_with_c,211,2.74867,1.12883,1.06528
p_falls_with_c,212,1.98521,1.28362,1.10291
p_falls_with_c,213,2.30676,1.00000,1.00000
p_falls_with_c,214,1.24122,1.21775,1.02721
p_falls_with_c,215,2.03437,1.07573,1.03046
p_falls_with_c,216,1.40919,1.14080,1.03359
p_falls_with_c,217,1.31457,1.01393,1.00000
p_falls_with_c,218,1.25415,1.91373,1.01394
p_falls_with_c,219,2.94575,1.00000,1.00000
p_falls_with_c,220,5.53242,1.00925,1.00925
p_falls_with_c,221,2.29182,1.18607,1.03060
p_falls_with_c,222,2.86561,1.24272,1.00000
p_falls_with_c,223,3.28815,1.02051,1.02051
p_falls_with_c,224,2.07892,1.66998,1.02173
p_falls_with_c,225,1.05536,1.05536,1.05536
p_falls_with_c,226,1.80602,1.06084,1.06084
p_falls_with_c,227,2.13854,1.09145,1.00400
p_falls_with_c,228,2.24162,1.04568,1.00000
p_falls_with_c,229,1.50944,1.14002,1.00842
p_falls_with_c,230,1.80590,1.38265,1.00000
p_falls_with_c,231,1.72409,1.10528,1.00074
p_falls_with_c,232,2.07934,1.06470,1.06470
p_falls_with_c,233,1.52500,1.25607,1.00055
p_falls_with_c,234,2.30715,1.00000,1.00000
p_falls_with_c,235,1.56706,1.00112,1.00112
p_falls_with_c,236,2.06843,1.08603,1.08603
p_falls_with_c,237,1.60250,1.01785,1.01785
p_falls_with_c,238,1.39997,1.08941,1.07142
p_falls_with_c,239,1.23817,1.06812,1.00440
p_falls_with_c,240,1.35857,1.01703,1.00000
p_falls_with_c,241,1.18173,1.17688,1.00000
p_falls_with_c,242,2.11131,1.07573,1.01664
p_falls_with_c,243,1.52917,1.15662,1.07398
p_falls_with_c,244,3.98758,1.03143,1.00000
p_falls_with_c,245,1.37930,1.00000,1.00000
p_falls_with_c,246,1.80008,1.15638,1.10192
p_falls_with_c,247,1.27827,1.13174,1.00000
p_falls_with_c,248,4.67955,1.00000,1.00000
p_falls_with_c,249,2.01839,1.03649,1.03649
p_falls_with_c,250,1.29073,1.02982,1.02982
p_falls_with_c,251,2.13441,1.13619,1.00267
p_falls_with_c,252,3.73815,1.03678,1.00660
p_falls_with_c,253,1.80489,1.00000,1.00000
p_falls_with_c,254,1.33489,1.09891,1.09891
p_falls_with_c,255,1.68337,1.04508,1.04508
p_falls_with_c,256,1.43010,1.00397,1.00397
p_falls_with_c,257,1.73677,1.00000,1.00000
p_falls_with_c,258,1.65925,1.13386,1.13386
p_falls_with_c,259,3.28436,1.00000,1.00000
p_falls_with_c,260,1.72888,1.30512,1.20712
p_falls_with_c,261,1.59069,1.38353,1.11316
p_falls_with_c,262,1.24270,1.01504,1.01504
p_falls_with_c,263,5.30866,1.01600,1.00000
p_falls_with_c,264,1.72558,1.07796,1.07796
p_falls_with_c,265,2.32097,1.00428,1.00000
p_falls_with_c,266,2.21993,1.19370,1.00000
p_falls_with_c,267,1.42883,1.13992,1.11545
p_falls_with_c,268,1.44893,1.29471,1.15386
p_falls_with_c,269,1.56493,1.00000,1.00000
p_falls_with_c,270,2.03702,1.20767,1.00000
p_falls_with_c,271,1.23588,1.23588,1.13476
p_falls_with_c,272,1.41722,1.28537,1.14091
p_falls_with_c,273,2.29128,1.00000,1.00000
p_falls_with_c,274,1.27734,1.56510,1.00026
p_falls_with_c,275,1.39602,1.20682,1.05349
p_falls_with_c,276,1.34658,1.04293,1.00023
p_falls_with_c,277,2.42507,1.30682,1.00000
p_falls_with_c,278,1.36973,1.00000,1.00000
p_falls_with_c,279,5.43930,1.01395,1.01395
p_falls_with_c,280,2.25420,1.43020,1.06891
p_falls_with_c,281,1.36372,1.00020,1.00020
p_falls_with_c,282,2.54162,1.10694,1.10694
p_falls_with_c,283,1.62560,1.04320,1.04320
p_falls_with_c,284,1.12020,1.00000,1.00000
p_falls_with_c,285,2.34507,1.15438,1.05993
p_falls_with_c,286,1.81170,1.29410,1.13393
p_falls_with_c,287,2.17487,1.08223,1.08223
p_falls_with_c,288,1.58459,1.23857,1.00000
p_falls_with_c,289,1.10210,1.09980,1.09170
p_falls_with_c,290,3.34366,1.04463,1.04463
p_falls_with_c,291,2.80616,1.45967,1.00000
p_falls_with_c,292,1.63836,1.03476,1.03476
p_falls_with_c,293,2.85272,1.00108,1.00108
p_falls_with_c,294,2.74826,1.39686,1.00000
p_falls_with_c,295,2.23004,1.25403,1.04679
p_falls_with_c,296,2.94575,1.30967,1.00873
p_falls_with_c,297,3.82193,1.84208,1.03762
p_falls_with_c,298,4.44534,1.05466,1.00000
p_falls_with_c,299,1.75914,1.47144,1.01165
p_falls_with_c,300,1.00000,1.00000,1.00000
p_falls_with_c,301,2.49379,1.08686,1.08686
p_falls_with_c,302,3.18736,1.57225,1.06602
p_falls_with_c,303,2.09218,1.04728,1.04728
p_falls_with_c,304,1.66871,1.16451,1.00324
p_falls_with_c,305,2.86184,1.08132,1.00713
p_falls_with_c,306,1.41769,1.10061,1.08644
p_falls_with_c,307,1.86482,1.03153,1.03153
p_falls_with_c,308,1.28561,1.28561,1.00000
p_falls_with_c,309,1.97041,1.25651,1.00000
p_falls_with_c,310,2.33481,1.00139,1.00139
p_falls_with_c,311,4.40074,1.00000,1.00000
p_falls_with_c,312,1.95401,1.06401,1.04156
p_falls_with_c,313,1.54881,1.14307,1.00000
p_falls_with_c,314,1.54301,1.03633,1.00003
p_falls_with_c,315,1.25295,1.00000,1.00000
p_falls_with_c,316,2.34892,1.50756,1.00406
p_falls_with_c,317,1.36800,1.00000,1.00000
p_falls_with_c,318,1.50862,1.24896,1.07801
p_falls_with_c,319,2.08772,1.21276,1.08651
p_falls_with_c,320,1.80288,1.00003,1.00003
p_falls_with_c,321,2.30276,1.01372,1.01372
p_falls_with_c,322,2.96849,1.03021,1.03021
p_falls_with_c,323,1.31139,1.16391,1.15748
p_falls_with_c,324,1.08011,1.08011,1.08011
p_falls_with_c,325,2.14691,1.07453,1.07453
p_falls_with_c,326,2.23121,1.11036,1.00000
p_falls_with_c,327,1.63004,1.49779,1.00000
p_falls_with_c,328,2.58702,1.48378,1.00000
p_falls_with_c,329,1.59752,1.35072,1.00000
p_falls_with_c,330,1.48967,1.08351,1.00396
p_falls_with_c,331,4.26206,1.49266,1.00206
p_falls_with_c,332,1.00000,1.00000,1.00000
p_falls_with_c,333,2.64730,1.02265,1.02265
p_falls_with_c,334,1.88601,1.09315,1.09315
p_falls_with_c,335,1.76903,1.42456,1.03251
p_falls_with_c,336,1.93744,1.00000,1.00000
p_falls_with_c,337,1.33449,1.07070,1.07070
p_falls_with_c,338,1.38189,1.00798,1.00798
p_falls_with_c,339,1.24054,1.24054,1.00636
p_falls_with_c,340,1.19119,1.65165,1.17173
p_falls_with_c,341,2.75382,1.10635,1.01838
p_falls_with_c,342,1.60388,1.02764,1.00000
p_falls_with_c,343,2.16800,1.00000,1.00000
p_falls_with_c,344,1.00000,1.00000,1.00000
p_falls_with_c,345,1.47344,1.08298,1.08298
p_falls_with_c,346,1.78739,1.14880,1.07239
p_falls_with_c,347,3.68566,1.00000,1.00000
p_falls_with_c,348,1.29034,1.00000,1.00000
p_falls_with_c,349,1.52464,1.24791,1.01649
p_falls_with_c,350,1.53125,1.00410,1.00410
p_falls_with_c,351,1.43944,1.00004,1.00004
p_falls_with_c,352,1.69723,1.19596,1.00000
p_falls_with_c,353,1.53206,1.32523,1.03412
p_falls_with_c,354,2.53468,1.09209,1.00000
p_falls_with_c,355,2.89455,1.02767,1.02767
p_falls_with_c,356,1.20312,1.20312,1.00000
p_falls_with_c,357,1.01512,1.12691,1.01512
p_falls_with_c,358,1.23823,1.02529,1.02529
p_falls_with_c,359,1.54569,1.02658,1.02658
p_falls_with_c,360,2.81809,1.00000,1.00000
p_falls_with_c,361,2.24586,1.35766,1.06834
p_falls_with_c,362,1.89544,1.00321,1.00321
p_falls_with_c,363,1.24314,1.09323,1.00978
p_falls_with_c,364,1.92029,1.00000,1.00000
p_falls_with_c,365,1.43026,1.13823,1.07199
p_falls_with_c,366,2.04131,1.00000,1.00000
p_falls_with_c,367,2.48012,1.08824,1.00000
p_falls_with_c,368,1.51050,1.00133,1.00133
p_falls_with_c,369,1.00000,1.65188,1.00000
p_falls_with_c,370,1.00000,1.00000,1.00000
p_falls_with_c,371,2.15901,1.00000,1.00000
p_falls_with_c,372,1.10732,1.10732,1.10467
p_falls_with_c,373,1.74877,1.00000,1.00000
p_falls_with_c,374,1.53387,1.22836,1.07286
p_falls_with_c,375,1.09969,1.09969,1.09969
p_falls_with_c,376,1.53535,1.26064,1.00000
p_falls_with_c,377,1.88405,1.00462,1.00462
p_falls_with_c,378,2.46804,1.11754,1.04418
p_falls_with_c,379,1.31404,1.19375,1.00000
p_falls_with_c,380,1.51689,1.00000,1.00000
p_falls_with_c,381,1.21932,1.10053,1.01308
p_falls_with_c,382,1.84643,1.17471,1.17471
p_falls_with_c,383,1.00000,1.76316,1.00000
p_falls_with_c,384,1.86023,1.29329,1.00000
p_falls_with_c,385,1.14242,1.50581,1.02412
p_falls_with_c,386,1.20862,1.63243,1.00000
p_falls_with_c,387,1.86104,1.17160,1.09004
p_falls_with_c,388,1.08597,1.11719,1.05160
p_falls_with_c,389,1.69096,1.00000,1.00000
p_falls_with_c,390,4.97145,1.00000,1.00000
p_falls_with_c,391,1.13110,1.32522,1.00000
p_falls_with_c,392,2.53199,1.00391,1.00391
p_falls_with_c,393,1.80300,1.13602,1.00347
p_falls_with_c,394,1.67142,1.00000,1.00000
p_falls_with_c,395,1.29672,1.00000,1.00000
p_falls_with_c,396,2.77994,1.96073,1.00000
p_falls_with_c,397,1.44769,1.07844,1.07844
p_falls_with_c,398,1.96110,1.22534,1.05086
p_falls_with_c,399,1.66782,1.59756,1.13909
p_falls_with_c,400,1.00000,1.44373,1.00000
p_falls_with_c,401,2.37922,1.00000,1.00000
p_falls_with_c,402,2.55674,1.06597,1.00000
p_falls_with_c,403,1.41382,1.22760,1.07068
p_falls_with_c,404,1.38428,1.13992,1.00000
p_falls_with_c,405,2.81794,1.10331,1.00000
p_falls_with_c,406,1.49901,1.00661,1.00661
p_falls_with_c,407,1.80797,1.29442,1.07652
p_falls_with_c,408,2.18196,1.00000,1.00000
p_falls_with_c,409,3.06329,1.14895,1.14895
p_falls_with_c,410,1.33361,1.16267,1.00000
p_falls_with_c,411,1.43854,1.03334,1.01512
p_falls_with_c,412,3.00141,1.16859,1.00000
p_falls_with_c,413,3.10255,1.26824,1.00000
p_falls_with_c,414,1.83850,1.14170,1.00000
p_falls_with_c,415,1.93835,1.27502,1.08934
p_falls_with_c,416,2.83210,1.00919,1.00919
p_falls_with_c,417,1.00059,1.18530,1.00059
p_falls_with_c,418,1.50216,1.19902,1.00000
p_falls_with_c,419,4.12088,1.74987,1.15560
p_falls_with_c,420,2.29402,1.00042,1.00042
p_falls_with_c,421,2.03274,1.06568,1.06505
p_falls_with_c,422,1.15723,1.22943,1.01937
p_falls_with_c,423,1.00015,1.39576,1.00015
p_falls_with_c,424,1.56258,1.24529,1.04562
p_falls_with_c,425,1.97933,1.00000,1.00000
p_falls_with_c,426,1.85597,1.06612,1.00575
p_falls_with_c,427,1.05662,1.28853,1.05662
p_falls_with_c,428,1.69470,1.50014,1.18399
p_falls_with_c,429,1.39992,1.11258,1.05390
p_falls_with_c,430,2.09199,1.41418,1.00347
p_falls_with_c,431,2.57921,1.00000,1.00000
p_falls_with_c,432,1.40578,1.20574,1.00709
p_falls_with_c,433,1.67306,1.03132,1.00732
p_falls_with_c,434,1.73409,1.00182,1.00000
p_falls_with_c,435,2.08448,1.01307,1.01307
p_falls_with_c,436,1.76996,1.12528,1.02668
p_falls_with_c,437,1.85666,1.25859,1.07727
p_falls_with_c,438,1.51874,1.06570,1.06570
p_falls_with_c,439,1.21770,1.02054,1.02054
p_falls_with_c,440,2.17741,1.40443,1.00000
p_falls_with_c,441,1.34131,1.58097,1.00000
p_falls_with_c,442,1.44803,1.08733,1.01874
p_falls_with_c,443,1.23109,1.02767,1.02627
p_falls_with_c,444,1.00007,1.00007,1.00007
p_falls_with_c,445,2.26899,1.14847,1.00000
p_falls_with_c,446,2.19252,1.79597,1.00000
p_falls_with_c,447,1.59506,1.29478,1.12004
p_falls_with_c,448,1.61071,1.07848,1.07848
p_falls_with_c,449,2.30746,1.04965,1.04965
p_falls_with_c,450,4.72192,1.00000,1.00000
p_falls_with_c,451,1.57506,1.00000,1.00000
p_falls_with_c,452,2.26323,1.05222,1.00000
p_falls_with_c,453,1.06540,1.06540,1.05511
p_falls_with_c,454,2.16218,1.02547,1.02547
p_falls_with_c,455,1.29810,1.44832,1.00000
p_falls_with_c,456,1.53948,1.00123,1.00123
p_falls_with_c,457,1.63367,1.15758,1.00000
p_falls_with_c,458,1.71498,1.13555,1.07009
p_falls_with_c,459,2.63085,1.02068,1.02068
p_falls_with_c,460,2.82438,1.15501,1.13754
p_falls_with_c,461,1.09442,1.01343,1.01343
p_falls_with_c,462,4.24755,1.00860,1.00860
p_falls_with_c,463,1.38822,1.00000,1.00000
p_falls_with_c,464,1.80063,1.00610,1.00610
p_falls_with_c,465,2.27365,1.16164,1.01324
p_falls_with_c,466,1.47717,1.03725,1.03725
p_falls_with_c,467,1.03934,1.03934,1.03934
p_falls_with_c,468,2.67265,1.10664,1.00000
p_falls_with_c,469,2.19889,1.19200,1.12437
p_falls_with_c,470,1.06228,1.16771,1.00000
p_falls_with_c,471,1.00000,1.11672,1.00000
p_falls_with_c,472,1.82341,1.84154,1.12589
p_falls_with_c,473,1.50869,1.12135,1.00000
p_falls_with_c,474,1.61802,1.18339,1.06695
p_falls_with_c,475,1.09168,1.34600,1.04628
p_falls_with_c,476,1.14247,1.20677,1.14247
p_falls_with_c,477,1.15685,1.78479,1.03013
p_falls_with_c,478,1.63678,1.00203,1.00203
p_falls_with_c,479,1.62955,1.04771,1.03230
p_falls_with_c,480,3.88524,2.25440,1.00000
p_falls_with_c,481,2.11379,1.19099,1.04891
p_falls_with_c,482,2.02868,2.08206,1.00000
p_falls_with_c,483,1.48122,1.00000,1.00000
p_falls_with_c,484,1.59773,1.04049,1.04049
p_falls_with_c,485,1.36175,1.36175,1.09136
p_falls_with_c,486,1.34896,1.11115,1.07142
p_falls_with_c,487,2.74419,1.07920,1.07920
p_falls_with_c,488,1.98393,1.07778,1.07778
p_falls_with_c,489,1.69339,1.05537,1.00537
p_falls_with_c,490,8.59938,1.00023,1.00023
p_falls_with_c,491,1.08701,1.33984,1.05030
p_falls_with_c,492,2.69241,1.00000,1.00000
p_falls_with_c,493,1.72930,1.03462,1.03462
p_falls_with_c,494,2.38571,1.60045,1.03698
p_falls_with_c,495,1.94410,1.06116,1.04330
p_falls_with_c,496,1.95955,1.25973,1.09571
p_falls_with_c,497,1.62323,1.03513,1.03513
p_falls_with_c,498,1.76732,1.23680,1.02231
p_falls_with_c,499,1.55826,1.10471,1.10471
p_falls_with_c,500,3.69026,1.00268,1.00268
p_falls_with_c,501,1.64393,1.15540,1.00127
p_falls_with_c,502,1.00000,1.00000,1.00000
p_falls_with_c,503,1.54786,1.22043,1.11013
p_falls_with_c,504,2.27758,1.09926,1.09926
p_falls_with_c,505,1.00000,1.00000,1.00000
p_falls_with_c,506,2.49602,1.07930,1.07930
p_falls_with_c,507,2.09881,1.29491,1.00000
p_falls_with_c,508,1.00000,1.83252,1.00000
p_falls_with_c,509,1.16649,1.00926,1.00926
p_falls_with_c,510,2.40872,1.02060,1.02060
p_falls_with_c,511,1.20718,1.00000,1.00000
p_falls_with_c,512,2.03300,1.00000,1.00000
p_falls_with_c,513,1.00000,1.31236,1.00000
p_falls_with_c,514,1.16976,1.33861,1.09317
p_falls_with_c,515,2.49036,1.00000,1.00000
p_falls_with_c,516,2.87483,1.00357,1.00357
p_falls_with_c,517,2.40446,1.00207,1.00207
p_falls_with_c,518,1.30962,1.03070,1.03070
p_falls_with_c,519,1.95277,1.00234,1.00234
p_falls_with_c,520,1.34973,1.04084,1.00052
p_falls_with_c,521,1.40615,1.06653,1.04174
p_falls_with_c,522,1.79066,1.00000,1.00000
p_falls_with_c,523,2.48519,1.14888,1.14888
p_falls_with_c,524,1.86533,1.15773,1.00000
p_falls_with_c,525,3.47990,1.48470,1.00000
p_falls_with_c,526,2.83526,1.00000,1.00000
p_falls_with_c,527,1.25815,1.25718,1.00000
p_falls_with_c,528,2.10766,1.08593,1.00000
p_falls_with_c,529,2.27238,1.13450,1.00000
p_falls_with_c,530,1.41907,1.36395,1.17029
p_falls_with_c,531,1.59154,1.08805,1.08805
p_falls_with_c,532,2.22787,1.11068,1.00000
p_falls_with_c,533,1.84753,1.00000,1.00000
p_falls_with_c,534,1.23644,1.00000,1.00000
p_falls_with_c,535,2.39956,1.02115,1.02115
p_falls_with_c,536,1.00000,1.00000,1.00000
p_falls_with_c,537,1.26005,1.54459,1.00000
p_falls_with_c,538,1.41203,1.13226,1.13226
p_falls_with_c,539,1.56908,1.14603,1.01096
p_falls_with_c,540,1.02025,1.24709,1.00911
p_falls_with_c,541,1.11287,1.02488,1.02488
p_falls_with_c,542,1.31169,1.31169,1.00000
p_falls_with_c,543,3.85924,1.00000,1.00000
p_falls_with_c,544,1.62983,1.00000,1.00000
p_falls_with_c,545,1.62192,1.21512,1.00000
p_falls_with_c,546,5.89043,1.50452,1.00000
p_falls_with_c,547,1.37535,1.00000,1.00000
p_falls_with_c,548,1.66444,1.14169,1.00206
p_falls_with_c,549,1.92576,1.38050,1.20280
p_falls_with_c,550,5.10005,1.00000,1.00000
p_falls_with_c,551,2.34999,1.37894,1.09430
p_falls_with_c,552,2.38113,1.08608,1.00000
p_falls_with_c,553,2.13047,1.07071,1.07071
p_falls_with_c,554,1.40854,1.00147,1.00147
p_falls_with_c,555,1.41558,1.04634,1.03924
p_falls_with_c,556,1.34430,1.15036,1.15036
p_falls_with_c,557,1.29740,1.14659,1.12883
p_falls_with_c,558,1.74716,1.02941,1.00000
p_falls_with_c,559,1.82213,1.43641,1.01924
p_falls_with_c,560,4.76442,1.04405,1.00000
p_falls_with_c,561,1.47044,1.65388,1.00116
p_falls_with_c,562,1.47338,1.01280,1.01280
p_falls_with_c,563,2.84991,1.06688,1.06688
p_falls_with_c,564,1.76916,1.00000,1.00000
p_falls_with_c,565,1.61438,1.01453,1.01453
p_falls_with_c,566,1.82116,1.00004,1.00004
p_falls_with_c,567,1.67638,1.00362,1.00362
p_falls_with_c,568,1.55543,1.00000,1.00000
p_falls_with_c,569,1.72641,1.22963,1.04917
p_falls_with_c,570,2.51660,1.03320,1.03293
p_falls_with_c,571,2.56651,1.09490,1.00032
p_falls_with_c,572,1.72177,1.13361,1.13361
p_falls_with_c,573,1.83006,1.00000,1.00000
p_falls_with_c,574,1.26420,1.10819,1.00000
p_falls_with_c,575,2.15349,1.02080,1.00000
p_falls_with_c,576,3.99818,1.01380,1.01380
p_falls_with_c,577,1.92031,1.04230,1.04230
p_falls_with_c,578,1.45377,1.24917,1.03480
p_falls_with_c,579,1.50481,1.53427,1.16225
p_falls_with_c,580,1.87796,1.23108,1.02294
p_falls_with_c,581,2.10569,1.09305,1.00000
p_falls_with_c,582,1.24131,1.06106,1.00000
p_falls_with_c,583,4.54343,1.43956,1.00000
p_falls_with_c,584,1.46862,1.06399,1.06399
p_falls_with_c,585,1.95322,1.01966,1.00677
p_falls_with_c,586,3.95991,1.09195,1.01630
p_falls_with_c,587,1.16980,2.04374,1.02042
p_falls_with_c,588,1.27479,2.08521,1.00133
p_falls_with_c,589,1.10438,1.10438,1.10438
p_falls_with_c,590,1.60242,1.18409,1.00000
p_falls_with_c,591,2.85030,1.06369,1.00000
p_falls_with_c,592,1.82752,1.11925,1.00000
p_falls_with_c,593,1.81832,1.08679,1.02151
p_falls_with_c,594,1.22978,1.26640,1.22531
p_falls_with_c,595,2.25137,1.00000,1.00000
p_falls_with_c,596,1.17009,1.20675,1.13112
p_falls_with_c,597,1.68964,1.23579,1.11912
p_falls_with_c,598,1.77515,1.03379,1.03379
p_falls_with_c,599,2.58408,1.08639,1.02195
p_falls_with_c,600,1.30624,1.06070,1.01878
p_falls_with_c,601,1.44130,1.10533,1.00381
p_falls_with_c,602,3.20388,1.03214,1.03214
p_falls_with_c,603,1.66248,1.29134,1.00000
p_falls_with_c,604,1.35295,1.07411,1.07411
p_falls_with_c,605,1.02140,1.60195,1.02140
p_falls_with_c,606,1.83753,1.17845,1.08185
p_falls_with_c,607,1.41596,1.07959,1.00802
p_falls_with_c,608,1.54633,1.54633,1.00000
p_falls_with_c,609,2.95578,1.68978,1.00020
p_falls_with_c,610,3.06465,1.34837,1.00217
p_falls_with_c,611,3.80652,1.55576,1.03897
p_falls_with_c,612,1.45898,1.15479,1.00000
p_falls_with_c,613,1.00000,1.00000,1.00000
p_falls_with_c,614,1.34011,1.21559,1.00000
p_falls_with_c,615,2.37804,1.34427,1.00546
p_falls_with_c,616,1.23880,1.00000,1.00000
p_falls_with_c,617,3.62599,1.00000,1.00000
p_falls_with_c,618,2.75582,1.57104,1.00000
p_falls_with_c,619,1.94077,1.29997,1.00000
p_falls_with_c,620,1.36417,1.10624,1.01052
p_falls_with_c,621,1.05077,1.05077,1.05077
p_falls_with_c,622,1.23619,1.41183,1.07181
p_falls_with_c,623,3.21337,1.46260,1.02341
p_falls_with_c,624,2.46276,1.74496,1.06909
p_falls_with_c,625,1.57123,1.07522,1.07522
p_falls_with_c,626,1.85744,1.03596,1.03596
p_falls_with_c,627,2.49778,1.69051,1.06193
p_falls_with_c,628,1.37608,1.16333,1.16333
p_falls_with_c,629,1.00617,1.00617,1.00000
p_falls_with_c,630,3.86204,1.11617,1.08777
p_falls_with_c,631,1.92778,1.23176,1.03070
p_falls_with_c,632,1.23284,1.08742,1.07178
p_falls_with_c,633,2.00025,1.08578,1.00000
p_falls_with_c,634,1.33398,1.34847,1.11210
p_falls_with_c,635,2.70439,1.29274,1.00000
p_falls_with_c,636,1.00000,1.35065,1.00000
p_falls_with_c,637,1.87128,1.22338,1.01034
p_falls_with_c,638,1.58116,1.06553,1.06553
p_falls_with_c,639,3.16043,1.61769,1.00199
p_falls_with_c,640,1.06782,1.17510,1.06782
p_falls_with_c,641,1.35892,1.88527,1.00000
p_falls_with_c,642,1.79710,1.29847,1.00306
p_falls_with_c,643,2.78519,1.37881,1.00000
p_falls_with_c,644,1.85712,1.06190,1.05013
p_falls_with_c,645,1.97403,1.11220,1.00000
p_falls_with_c,646,3.15171,1.00122,1.00122
p_falls_with_c,647,1.46087,1.00000,1.00000
p_falls_with_c,648,3.53278,1.10553,1.10553
p_falls_with_c,649,1.87652,1.10470,1.03582
p_falls_with_c,650,1.82171,1.00000,1.00000
p_falls_with_c,651,1.03773,1.03773,1.00150
p_falls_with_c,652,2.30216,1.00000,1.00000
p_falls_with_c,653,1.00000,1.00000,1.00000
p_falls_with_c,654,1.85865,1.00883,1.00883
p_falls_with_c,655,1.70350,1.00352,1.00352
p_falls_with_c,656,1.80064,1.03447,1.03447
p_falls_with_c,657,2.56219,1.09501,1.00000
p_falls_with_c,658,1.33173,1.00000,1.00000
p_falls_with_c,659,2.20523,1.31491,1.00000
p_falls_with_c,660,1.16090,1.06657,1.06657
p_falls_with_c,661,1.40541,1.08078,1.05481
p_falls_with_c,662,1.60000,1.02454,1.00027
p_falls_with_c,663,1.63845,1.39758,1.00000
p_falls_with_c,664,1.28427,1.04805,1.00509
p_falls_with_c,665,2.74157,1.07197,1.00000
p_falls_with_c,666,1.70017,1.00000,1.00000
p_falls_with_c,667,2.77540,1.00021,1.00021
p_falls_with_c,668,1.04498,1.04498,1.04498
p_falls_with_c,669,1.76217,1.24781,1.00000
p_falls_with_c,670,4.66244,1.03432,1.00000
p_falls_with_c,671,3.96669,1.12686,1.12686
p_falls_with_c,672,2.34660,1.14273,1.02066
p_falls_with_c,673,1.06719,1.29548,1.00000
p_falls_with_c,674,1.81547,1.00000,1.00000
p_falls_with_c,675,1.65347,1.01536,1.01536
p_falls_with_c,676,3.80073,1.02192,1.02192
p_falls_with_c,677,2.96237,1.07503,1.07503
p_falls_with_c,678,1.56765,1.01843,1.01843
p_falls_with_c,679,1.00000,1.48525,1.00000
p_falls_with_c,680,1.02097,1.03723,1.02097
p_falls_with_c,681,1.52986,1.05841,1.05841
p_falls_with_c,682,1.00000,1.00000,1.00000
p_falls_with_c,683,1.33359,1.23502,1.02074
p_falls_with_c,684,1.88261,1.07803,1.06786
p_falls_with_c,685,2.38765,1.05208,1.00000
p_falls_with_c,686,1.54111,1.00000,1.00000
p_falls_with_c,687,2.80303,1.09980,1.00000
p_falls_with_c,688,1.60333,1.00565,1.00565
p_falls_with_c,689,1.70775,1.01815,1.01796
p_falls_with_c,690,1.54250,1.08991,1.08991
p_falls_with_c,691,1.58404,1.22018,1.03469
p_falls_with_c,692,5.12065,1.00000,1.00000
p_falls_with_c,693,1.09620,1.00200,1.00200
p_falls_with_c,694,1.26525,1.84717,1.00817
p_falls_with_c,695,2.27147,1.33096,1.08051
p_falls_with_c,696,2.73381,1.20479,1.00000
p_falls_with_c,697,3.03182,1.05891,1.01096
p_falls_with_c,698,1.14041,1.18952,1.12210
p_falls_with_c,699,2.41211,1.00000,1.00000
p_falls_with_c,700,1.10888,1.03080,1.01422
p_falls_with_c,701,1.42223,1.22497,1.00000
p_falls_with_c,702,4.12541,1.03580,1.00000
p_falls_with_c,703,1.58286,1.00000,1.00000
p_falls_with_c,704,1.42417,1.01170,1.01170
p_falls_with_c,705,2.03520,1.11681,1.04396
p_falls_with_c,706,1.25034,1.07326,1.01103
p_falls_with_c,707,3.45434,1.69393,1.00519
p_falls_with_c,708,2.48619,1.36790,1.00000
p_falls_with_c,709,1.95336,1.15581,1.00326
p_falls_with_c,710,2.75007,1.12403,1.00707
p_falls_with_c,711,1.56272,1.00627,1.00627
p_falls_with_c,712,1.64921,1.26779,1.00000
p_falls_with_c,713,1.83329,1.01908,1.01908
p_falls_with_c,714,1.46301,1.00000,1.00000
p_falls_with_c,715,1.36922,1.28486,1.00000
p_falls_with_c,716,1.91825,1.00000,1.00000
p_falls_with_c,717,3.43882,1.07014,1.00000
p_falls_with_c,718,1.68528,1.24592,1.08355
p_falls_with_c,719,3.10462,1.13330,1.00026
p_falls_with_c,720,1.72402,1.24264,1.00684
p_falls_with_c,721,1.11945,1.15846,1.11945
p_falls_with_c,722,1.62149,1.06063,1.00000
p_falls_with_c,723,3.07874,1.00165,1.00000
p_falls_with_c,724,1.47399,1.17269,1.17269
p_falls_with_c,725,2.01388,1.00000,1.00000
p_falls_with_c,726,1.73745,1.00000,1.00000
p_falls_with_c,727,2.49567,1.14028,1.03111
p_falls_with_c,728,1.97928,1.28611,1.00000
p_falls_with_c,729,1.11274,1.13739,1.11274
p_falls_with_c,730,3.38047,1.71825,1.00000
p_falls_with_c,731,1.19572,1.15689,1.00000
p_falls_with_c,732,2.18184,1.05094,1.05094
p_falls_with_c,733,1.65416,1.02909,1.02909
p_falls_with_c,734,1.40465,1.37757,1.06262
p_falls_with_c,735,1.47707,1.20771,1.03885
p_falls_with_c,736,3.06868,1.23166,1.00000
p_falls_with_c,737,1.76821,1.67868,1.09287
p_falls_with_c,738,3.89801,1.00000,1.00000
p_falls_with_c,739,1.79463,1.00000,1.00000
p_falls_with_c,740,1.09291,1.13565,1.06669
p_falls_with_c,741,1.66173,1.17735,1.00000
p_falls_with_c,742,2.48083,1.00617,1.00617
p_falls_with_c,743,3.57922,1.01235,1.01235
p_falls_with_c,744,1.40201,1.19212,1.00278
p_falls_with_c,745,2.14355,1.00000,1.00000
p_falls_with_c,746,1.44768,1.23836,1.10016
p_falls_with_c,747,3.43634,1.07718,1.01422
p_falls_with_c,748,6.29062,1.04988,1.00000
p_falls_with_c,749,5.27175,1.00834,1.00834
p_falls_with_c,750,2.77036,1.05785,1.05785
p_falls_with_c,751,1.60827,1.15409,1.15409
p_falls_with_c,752,1.35017,1.13605,1.08126
p_falls_with_c,753,2.09097,1.36257,1.06934
p_falls_with_c,754,3.76438,1.18135,1.01025
p_falls_with_c,755,4.50300,1.00000,1.00000
p_falls_with_c,756,2.80867,1.00000,1.00000
p_falls_with_c,757,3.95152,2.11845,1.11695
p_falls_with_c,758,2.18252,1.00000,1.00000
p_falls_with_c,759,1.97612,1.04092,1.04092
p_falls_with_c,760,1.62153,1.45919,1.17162
p_falls_with_c,761,2.27275,1.37072,1.01135
p_falls_with_c,762,1.46520,1.39444,1.00000
p_falls_with_c,763,1.96240,1.00131,1.00131
p_falls_with_c,764,3.95184,1.00000,1.00000
p_falls_with_c,765,1.55314,2.34422,1.00015
p_falls_with_c,766,1.29673,1.29673,1.00000
p_falls_with_c,767,1.41285,1.00189,1.00189
p_falls_with_c,768,2.58790,1.22096,1.00000
p_falls_with_c,769,1.23654,1.00000,1.00000
p_falls_with_c,770,1.82190,1.07557,1.00057
p_falls_with_c,771,2.01789,1.07072,1.00638
p_falls_with_c,772,1.74556,1.08769,1.00044
p_falls_with_c,773,1.21731,1.61770,1.06045
p_falls_with_c,774,1.62045,1.01738,1.00000
p_falls_with_c,775,1.71282,1.24819,1.00000
p_falls_with_c,776,1.73129,1.00000,1.00000
p_falls_with_c,777,2.16449,1.10994,1.00629
p_falls_with_c,778,2.27241,1.29192,1.00000
p_falls_with_c,779,5.57528,1.67748,1.03896
p_falls_with_c,780,2.81691,1.25314,1.00000
p_falls_with_c,781,3.00834,1.29563,1.05157
p_falls_with_c,782,1.35131,1.84817,1.00000
p_falls_with_c,783,1.00120,1.00120,1.00120
p_falls_with_c,784,1.80932,1.00161,1.00000
p_falls_with_c,785,2.61487,1.49641,1.00000
p_falls_with_c,786,1.79835,1.10724,1.10724
p_falls_with_c,787,2.82214,1.36066,1.04741
p_falls_with_c,788,1.06218,1.06218,1.06218
p_falls_with_c,789,1.52006,1.10998,1.04862
p_falls_with_c,790,2.73567,1.00000,1.00000
p_falls_with_c,791,3.60098,1.08241,1.00977
p_falls_with_c,792,1.66872,1.45559,1.15168
p_falls_with_c,793,4.46515,1.00742,1.00000
p_falls_with_c,794,2.78190,1.15264,1.00000
p_falls_with_c,795,1.81963,1.06677,1.04420
p_falls_with_c,796,1.08511,1.00221,1.00221
p_falls_with_c,797,1.59714,1.15849,1.15763
p_falls_with_c,798,1.04024,1.07955,1.04024
p_falls_with_c,799,2.38832,1.00254,1.00254
p_falls_with_c,800,1.87055,1.43995,1.43995
p_falls_with_c,801,1.74405,1.03830,1.01031
p_falls_with_c,802,1.00000,1.00000,1.00000
p_falls_with_c,803,2.32874,1.03381,1.03381
p_falls_with_c,804,1.35204,1.11359,1.11359
p_falls_with_c,805,2.28296,1.30450,1.00820
p_falls_with_c,806,2.65963,1.47980,1.00000
p_falls_with_c,807,1.71790,1.13640,1.00013
p_falls_with_c,808,2.25877,1.29895,1.00927
p_falls_with_c,809,1.24605,1.06014,1.00000
p_falls_with_c,810,1.17965,1.00094,1.00094
p_falls_with_c,811,2.23487,1.48214,1.00000
p_falls_with_c,812,1.57532,1.03792,1.03792
p_falls_with_c,813,2.06164,1.04453,1.01150
p_falls_with_c,814,1.90767,1.00308,1.00308
p_falls_with_c,815,2.23905,1.77892,1.00000
p_falls_with_c,816,1.16941,1.03995,1.02285
p_falls_with_c,817,2.09492,1.17115,1.06727
p_falls_with_c,818,2.60636,1.22844,1.09544
p_falls_with_c,819,1.32803,1.01481,1.01481
p_falls_with_c,820,1.92440,1.24941,1.08546
p_falls_with_c,821,1.05669,1.02988,1.02988
p_falls_with_c,822,1.54381,1.08178,1.08178
p_falls_with_c,823,2.13925,1.20596,1.01038
p_falls_with_c,824,2.86955,1.11389,1.00195
p_falls_with_c,825,2.10563,1.00000,1.00000
p_falls_with_c,826,2.16480,1.21054,1.00004
p_falls_with_c,827,1.56532,1.05649,1.05649
p_falls_with_c,828,1.02235,1.20019,1.02235
p_falls_with_c,829,1.77230,1.08924,1.05609
p_falls_with_c,830,1.26879,1.01504,1.01289
p_falls_with_c,831,2.31621,1.01539,1.01539
p_falls_with_c,832,1.83141,1.17068,1.05436
p_falls_with_c,833,1.81339,1.00856,1.00856
p_falls_with_c,834,2.64058,1.17675,1.00000
p_falls_with_c,835,1.41167,1.19055,1.02362
p_falls_with_c,836,1.91390,1.00000,1.00000
p_falls_with_c,837,1.23464,1.01450,1.01450
p_falls_with_c,838,1.78611,1.02121,1.00927
p_falls_with_c,839,1.96713,1.00433,1.00433
p_falls_with_c,840,1.15700,1.02475,1.02475
p_falls_with_c,841,1.69173,1.21920,1.06389
p_falls_with_c,842,1.50697,1.05204,1.01828
p_falls_with_c,843,1.33592,1.17075,1.16017
p_falls_with_c,844,3.02316,1.00307,1.00307
p_falls_with_c,845,1.45261,1.00016,1.00016
p_falls_with_c,846,2.53487,1.15373,1.00165
p_falls_with_c,847,4.54849,1.00000,1.00000
p_falls_with_c,848,1.61377,1.33145,1.03800
p_falls_with_c,849,2.29646,1.00111,1.00111
p_falls_with_c,850,2.54263,1.07155,1.00000
p_falls_with_c,851,1.65073,1.00000,1.00000
p_falls_with_c,852,2.40120,1.15953,1.00022
p_falls_with_c,853,1.25082,1.03245,1.03245
p_falls_with_c,854,2.23202,1.49474,1.00000
p_falls_with_c,855,1.14986,1.01840,1.01423
p_falls_with_c,856,1.40482,1.01842,1.00000
p_falls_with_c,857,1.87303,1.20170,1.00000
p_falls_with_c,858,2.39656,1.13258,1.00000
p_falls_with_c,859,1.67313,1.08834,1.08834
p_falls_with_c,860,1.52335,1.16150,1.16150
p_falls_with_c,861,1.66870,1.24653,1.06817
p_falls_with_c,862,3.22819,1.00228,1.00228
p_falls_with_c,863,1.30051,1.00000,1.00000
p_falls_with_c,864,1.26164,1.10634,1.02412
p_falls_with_c,865,2.83906,1.02583,1.02583
p_falls_with_c,866,1.96081,1.29522,1.06853
p_falls_with_c,867,2.91607,1.03771,1.00000
p_falls_with_c,868,2.30606,1.13486,1.00000
p_falls_with_c,869,2.80792,1.01476,1.01476
p_falls_with_c,870,1.62897,1.03852,1.00924
p_falls_with_c,871,1.62025,1.15995,1.15995
p_falls_with_c,872,1.70537,1.04699,1.04699
p_falls_with_c,873,2.84692,1.84156,1.15571
p_falls_with_c,874,1.51005,1.10469,1.00023
p_falls_with_c,875,2.02520,1.10618,1.00000
p_falls_with_c,876,1.18721,1.04467,1.00000
p_falls_with_c,877,3.19650,1.15282,1.00000
p_falls_with_c,878,1.60883,1.42011,1.42011
p_falls_with_c,879,1.21968,1.01350,1.01350
p_falls_with_c,880,1.87532,1.07498,1.07498
p_falls_with_c,881,1.42995,1.00601,1.00601
p_falls_with_c,882,1.46877,1.07856,1.07856
p_falls_with_c,883,3.32769,1.51417,1.00122
p_falls_with_c,884,2.37840,1.13915,1.13915
p_falls_with_c,885,1.42381,1.04978,1.04978
p_falls_with_c,886,2.25758,1.10739,1.07250
p_falls_with_c,887,2.46390,1.00170,1.00170
p_falls_with_c,888,2.88014,1.96470,1.28637
p_falls_with_c,889,2.38894,1.00000,1.00000
p_falls_with_c,890,1.55458,1.10601,1.10601
p_falls_with_c,891,1.24749,1.76736,1.00000
p_falls_with_c,892,2.17477,1.11058,1.00037
p_falls_with_c,893,1.37737,1.00529,1.00529
p_falls_with_c,894,1.19036,1.02491,1.02491
p_falls_with_c,895,2.52947,1.00000,1.00000
p_falls_with_c,896,2.29395,1.14110,1.00000
p_falls_with_c,897,1.31791,1.22021,1.00000
p_falls_with_c,898,1.24441,1.07454,1.07454
p_falls_with_c,899,1.63285,1.39763,1.00000
p_falls_with_c,900,2.68790,1.00000,1.00000
p_falls_with_c,901,2.72189,1.01655,1.01655
p_falls_with_c,902,1.69351,1.06571,1.00046
p_falls_with_c,903,1.17862,1.09064,1.00000
p_falls_with_c,904,1.76604,1.30644,1.00000
p_falls_with_c,905,1.03238,1.08696,1.03238
p_falls_with_c,906,1.88199,1.12730,1.05808
p_falls_with_c,907,2.49640,1.06480,1.00000
p_falls_with_c,908,1.50463,1.00124,1.00124
p_falls_with_c,909,1.61890,1.00000,1.00000
p_falls_with_c,910,1.44649,1.23650,1.00000
p_falls_with_c,911,3.34454,1.04080,1.00463
p_falls_with_c,912,1.39085,1.12683,1.00172
p_falls_with_c,913,2.42101,1.00717,1.00717
p_falls_with_c,914,1.38328,1.00371,1.00371
p_falls_with_c,915,1.08087,1.45352,1.02128
p_falls_with_c,916,1.27828,1.12705,1.12705
p_falls_with_c,917,1.27472,1.00000,1.00000
p_falls_with_c,918,2.33608,1.02993,1.00000
p_falls_with_c,919,3.37117,1.89312,1.00000
p_falls_with_c,920,3.64317,1.01701,1.01701
p_falls_with_c,921,1.18396,1.33184,1.00000
p_falls_with_c,922,2.96180,1.00000,1.00000
p_falls_with_c,923,1.57465,1.08801,1.08801
p_falls_with_c,924,2.33888,1.07864,1.00000
p_falls_with_c,925,1.22726,1.00000,1.00000
p_falls_with_c,926,1.60932,1.07754,1.00000
p_falls_with_c,927,2.87252,1.40339,1.00000
p_falls_with_c,928,1.86262,1.16919,1.16919
p_falls_with_c,929,1.60260,1.19048,1.00000
p_falls_with_c,930,4.09269,1.01139,1.00000
p_falls_with_c,931,2.55472,1.29743,1.03065
p_falls_with_c,932,1.57444,1.09291,1.00000
p_falls_with_c,933,1.98423,1.12538,1.06907
p_falls_with_c,934,1.42610,1.00185,1.00185
p_falls_with_c,935,2.26022,1.00000,1.00000
p_falls_with_c,936,1.50515,1.13845,1.03806
p_falls_with_c,937,1.12783,1.00593,1.00593
p_falls_with_c,938,2.42871,1.22295,1.00000
p_falls_with_c,939,1.52754,1.16793,1.03307
p_falls_with_c,940,1.78378,1.05598,1.01653
p_falls_with_c,941,1.67248,1.21195,1.07064
p_falls_with_c,942,5.00024,1.00000,1.00000
p_falls_with_c,943,1.45302,1.10046,1.00000
p_falls_with_c,944,1.88572,1.00000,1.00000
p_falls_with_c,945,1.78532,1.15945,1.15945
p_falls_with_c,946,2.56129,1.67275,1.12376
p_falls_with_c,947,1.44413,1.07931,1.06403
p_falls_with_c,948,2.40441,1.00000,1.00000
p_falls_with_c,949,1.89684,1.32658,1.00000
p_falls_with_c,950,1.13059,1.02495,1.01728
p_falls_with_c,951,3.25336,1.03971,1.00000
p_falls_with_c,952,1.50301,1.24956,1.04205
p_falls_with_c,953,1.46385,1.30547,1.08804
p_falls_with_c,954,2.45033,1.19384,1.00757
p_falls_with_c,955,1.64988,1.00000,1.00000
p_falls_with_c,956,1.69991,1.35304,1.12920
p_falls_with_c,957,1.54655,1.16723,1.00033
p_falls_with_c,958,2.09564,1.11104,1.10848
p_falls_with_c,959,1.75068,1.00314,1.00314
p_falls_with_c,960,2.72444,1.00000,1.00000
p_falls_with_c,961,2.17847,1.09223,1.08766
p_falls_with_c,962,1.30320,1.09622,1.02064
p_falls_with_c,963,1.36092,1.04211,1.04211
p_falls_with_c,964,1.27743,1.16062,1.16062
p_falls_with_c,965,4.69480,1.02756,1.00000
p_falls_with_c,966,1.31080,1.18060,1.00000
p_falls_with_c,967,3.66582,1.00000,1.00000
p_falls_with_c,968,1.77626,1.47769,1.04041
p_falls_with_c,969,1.78838,1.11416,1.00845
p_falls_with_c,970,3.46119,1.00000,1.00000
p_falls_with_c,971,3.06796,1.00331,1.00331
p_falls_with_c,972,1.92349,1.00000,1.00000
p_falls_with_c,973,2.18356,1.39216,1.12236
p_falls_with_c,974,2.75321,1.49851,1.07681
p_falls_with_c,975,1.50180,1.15055,1.00000
p_falls_with_c,976,1.41862,1.00003,1.00003
p_falls_with_c,977,2.88823,1.08533,1.00000
p_falls_with_c,978,1.60073,1.47379,1.08813
p_falls_with_c,979,1.44847,1.00000,1.00000
p_falls_with_c,980,1.18841,1.29180,1.00000
p_falls_with_c,981,3.07624,1.30761,1.00000
p_falls_with_c,982,1.34085,1.07684,1.07684
p_falls_with_c,983,2.45502,1.19521,1.00019
p_falls_with_c,984,2.28314,1.30379,1.11342
p_falls_with_c,985,1.04900,1.04900,1.04900
p_falls_with_c,986,1.69740,1.50351,1.00000
p_falls_with_c,987,1.09234,1.00838,1.00838
p_falls_with_c,988,1.35863,2.13058,1.00014
p_falls_with_c,989,3.47130,1.00000,1.00000
p_falls_with_c,990,1.72172,1.00000,1.00000
p_falls_with_c,991,3.30305,1.28250,1.00000
p_falls_with_c,992,3.27953,1.08652,1.08652
p_falls_with_c,993,1.97034,1.04213,1.04213
p_falls_with_c,994,2.22461,1.01946,1.01946
p_falls_with_c,995,2.10041,1.40170,1.00000
p_falls_with_c,996,2.32680,1.09713,1.00000
p_falls_with_c,997,1.80974,1.06515,1.06515
p_falls_with_c,998,1.63806,1.13288,1.08698
p_falls_with_c,999,1.75397,1.10889,1.01827
p_falls_with_c,1000,1.26535,1.26535,1.26535
p_falls_with_c,1001,2.01476,1.06346,1.06346
p_falls_with_c,1002,1.77861,1.11011,1.00000
p_falls_with_c,1003,1.33564,1.05017,1.05017
p_falls_with_c,1004,1.99125,1.16889,1.16889
p_falls_with_c,1005,1.95295,1.04724,1.02050
p_falls_with_c,1006,1.50735,1.16806,1.11421
p_falls_with_c,1007,1.57960,1.28874,1.01753
p_falls_with_c,1008,2.91521,1.03506,1.03506
p_falls_with_c,1009,1.78914,1.00000,1.00000
p_falls_with_c,1010,1.10276,1.10276,1.10276
p_falls_with_c,1011,1.43508,1.00048,1.00048
p_falls_with_c,1012,1.43088,1.15520,1.00000
p_falls_with_c,1013,4.06341,1.46082,1.15984
p_falls_with_c,1014,1.66969,1.09676,1.02422
p_falls_with_c,1015,1.09957,1.09957,1.08689
p_falls_with_c,1016,3.60797,1.00000,1.00000
p_falls_with_c,1017,1.85996,1.00427,1.00427
p_falls_with_c,1018,1.85382,1.16229,1.00000
p_falls_with_c,1019,1.30922,1.24097,1.09784
p_falls_with_c,1020,2.71356,1.16327,1.16327
p_falls_with_c,1021,2.01335,1.57042,1.13099
p_falls_with_c,1022,2.13966,1.00000,1.00000
p_falls_with_c,1023,1.93345,1.35064,1.06637
p_falls_with_c,1024,3.93292,1.02078,1.00000
p_falls_with_c,1025,1.92292,1.02567,1.02567
p_falls_with_c,1026,1.42683,1.06467,1.06467
p_falls_with_c,1027,1.81275,1.04880,1.00000
p_falls_with_c,1028,1.75874,1.03053,1.03053
p_falls_with_c,1029,1.35148,1.20718,1.14209
p_falls_with_c,1030,2.64697,2.08223,1.07056
p_falls_with_c,1031,2.12285,1.00000,1.00000
p_falls_with_c,1032,1.49440,1.01735,1.01735
p_falls_with_c,1033,1.32087,1.27289,1.00000
p_falls_with_c,1034,1.71224,1.12714,1.00481
p_falls_with_c,1035,3.70232,1.13044,1.13044
p_falls_with_c,1036,1.39512,1.00000,1.00000
p_falls_with_c,1037,1.53769,1.12723,1.01701
p_falls_with_c,1038,2.69293,1.72801,1.00178
p_falls_with_c,1039,2.70803,1.17171,1.00000
p_falls_with_c,1040,1.59932,1.00000,1.00000
p_falls_with_c,1041,1.78279,1.25056,1.00000
p_falls_with_c,1042,1.93451,1.05255,1.05255
p_falls_with_c,1043,1.40923,1.00005,1.00005
p_falls_with_c,1044,1.88096,1.04090,1.03800
p_falls_with_c,1045,1.07080,1.07080,1.07080
p_falls_with_c,1046,2.26423,1.12599,1.12599
p_falls_with_c,1047,1.82407,1.00377,1.00000
p_falls_with_c,1048,1.60562,1.08376,1.00000
p_falls_with_c,1049,1.54116,1.00294,1.00294
p_falls_with_c,1050,1.96452,1.15842,1.00004
p_falls_with_c,1051,2.79032,1.00000,1.00000
p_falls_with_c,1052,3.57968,1.00000,1.00000
p_falls_with_c,1053,2.37236,1.40427,1.01854
p_falls_with_c,1054,1.22688,1.22693,1.04801
p_falls_with_c,1055,2.95940,1.30947,1.01780
p_falls_with_c,1056,1.02167,1.02167,1.02167
p_falls_with_c,1057,5.32760,1.00000,1.00000
p_falls_with_c,1058,4.26406,1.00000,1.00000
p_falls_with_c,1059,2.15846,1.00000,1.00000
p_falls_with_c,1060,2.18455,1.00014,1.00014
p_falls_with_c,1061,1.37740,1.10825,1.00000
p_falls_with_c,1062,2.82553,1.13963,1.09112
p_falls_with_c,1063,1.62124,1.00000,1.00000
p_falls_with_c,1064,2.59682,1.15302,1.00393
p_falls_with_c,1065,1.01724,1.03028,1.01724
p_falls_with_c,1066,1.07461,1.00000,1.00000
p_falls_with_c,1067,1.25466,1.00000,1.00000
p_falls_with_c,1068,2.60706,1.09921,1.09921
p_falls_with_c,1069,2.89312,1.04576,1.00000
p_falls_with_c,1070,1.04486,1.04486,1.00000
p_falls_with_c,1071,3.71658,1.00000,1.00000
p_falls_with_c,1072,1.93299,1.14985,1.00000
p_falls_with_c,1073,2.60486,1.04568,1.00000
p_falls_with_c,1074,2.73242,1.32616,1.00000
p_falls_with_c,1075,1.29184,1.59938,1.10531
p_falls_with_c,1076,1.62623,1.18847,1.05122
p_falls_with_c,1077,2.32908,1.02750,1.02750
p_falls_with_c,1078,2.91166,1.00914,1.00914
p_falls_with_c,1079,2.23055,1.00661,1.00661
p_falls_with_c,1080,4.10155,1.00000,1.00000
p_falls_with_c,1081,6.71500,1.00000,1.00000
p_falls_with_c,1082,1.90787,1.00000,1.00000
p_falls_with_c,1083,1.21607,1.00571,1.00124
p_falls_with_c,1084,1.87996,1.18838,1.05201
p_falls_with_c,1085,1.91746,1.03153,1.03153
p_falls_with_c,1086,2.32057,1.12304,1.00005
p_falls_with_c,1087,1.19983,1.15101,1.15101
p_falls_with_c,1088,1.69954,1.00000,1.00000
p_falls_with_c,1089,1.50586,1.04439,1.04439
p_falls_with_c,1090,1.00000,1.46865,1.00000
p_falls_with_c,1091,1.85273,1.02468,1.02468
p_falls_with_c,1092,1.88505,1.23699,1.03938
p_falls_with_c,1093,1.50069,1.00000,1.00000
p_falls_with_c,1094,3.19345,1.00602,1.00602
p_falls_with_c,1095,1.16342,1.13240,1.00822
p_falls_with_c,1096,3.21686,1.00000,1.00000
p_falls_with_c,1097,1.41715,1.04947,1.00000
p_falls_with_c,1098,1.16974,1.06656,1.05245
p_falls_with_c,1099,1.45308,1.04019,1.02972
p_falls_with_c,1100,1.53073,1.00000,1.00000
p_falls_with_c,1101,2.05531,1.25039,1.00579
p_falls_with_c,1102,1.11736,1.15949,1.00000
p_falls_with_c,1103,1.46800,1.32427,1.00979
p_falls_with_c,1104,1.21845,1.03559,1.01210
p_falls_with_c,1105,1.20535,1.20535,1.08935
p_falls_with_c,1106,1.59690,1.13420,1.13420
p_falls_with_c,1107,2.19763,1.20326,1.00000
p_falls_with_c,1108,2.09909,1.02215,1.02215
p_falls_with_c,1109,1.28101,1.03658,1.03072
p_falls_with_c,1110,1.88783,1.17392,1.13085
p_falls_with_c,1111,2.38007,1.01603,1.00000
p_falls_with_c,1112,4.55482,1.64697,1.01938
p_falls_with_c,1113,2.07997,1.06465,1.02610
p_falls_with_c,1114,1.82772,1.06555,1.06555
p_falls_with_c,1115,1.12720,1.29213,1.11201
p_falls_with_c,1116,3.78406,1.00148,1.00000
p_falls_with_c,1117,6.44452,2.23375,1.03387
p_falls_with_c,1118,2.03519,1.27306,1.09950
p_falls_with_c,1119,1.53086,1.01615,1.01615
p_falls_with_c,1120,1.96415,1.17287,1.00000
p_falls_with_c,1121,1.94801,1.27488,1.00089
p_falls_with_c,1122,1.58863,1.28027,1.16364
p_falls_with_c,1123,5.56248,1.00000,1.00000
p_falls_with_c,1124,1.00000,1.00000,1.00000
p_falls_with_c,1125,1.31521,1.31521,1.00000
p_falls_with_c,1126,1.70125,1.08436,1.00000
p_falls_with_c,1127,1.50794,1.17978,1.00000
p_falls_with_c,1128,1.52486,1.00000,1.00000
p_falls_with_c,1129,1.00008,1.00008,1.00008
p_falls_with_c,1130,1.10301,1.00000,1.00000
p_falls_with_c,1131,1.00000,1.77061,1.00000
p_falls_with_c,1132,1.06198,1.49982,1.01911
p_falls_with_c,1133,1.64093,1.14559,1.05843
p_falls_with_c,1134,1.85736,1.00255,1.00000
p_falls_with_c,1135,1.00000,1.78504,1.00000
p_falls_with_c,1136,2.07668,1.13178,1.00000
p_falls_with_c,1137,2.00573,1.13481,1.05059
p_falls_with_c,1138,2.68217,1.00000,1.00000
p_falls_with_c,1139,2.34620,1.09543,1.00000
p_falls_with_c,1140,1.11378,1.11378,1.00000
p_falls_with_c,1141,1.60934,1.20741,1.06874
p_falls_with_c,1142,2.49358,1.01000,1.01000
p_falls_with_c,1143,3.00441,1.28425,1.00117
p_falls_with_c,1144,1.27127,1.00024,1.00024
p_falls_with_c,1145,1.50843,1.00000,1.00000
p_falls_with_c,1146,1.36314,1.00000,1.00000
p_falls_with_c,1147,1.00000,1.98401,1.00000
p_falls_with_c,1148,1.76656,1.10412,1.02220
p_falls_with_c,1149,1.55801,1.03048,1.03048
p_falls_with_c,1150,1.35467,1.07369,1.00336
p_falls_with_c,1151,4.33558,1.00000,1.00000
p_falls_with_c,1152,2.96010,1.13747,1.00128
p_falls_with_c,1153,3.26959,1.06919,1.01298
p_falls_with_c,1154,1.77553,1.02773,1.02773
p_falls_with_c,1155,1.00375,2.32678,1.00375
p_falls_with_c,1156,2.11463,1.00670,1.00000
p_falls_with_c,1157,1.26319,1.03497,1.03497
p_falls_with_c,1158,1.18885,1.01432,1.00812
p_falls_with_c,1159,1.23545,1.02505,1.00141
p_falls_with_c,1160,1.91009,1.00882,1.00882
p_falls_with_c,1161,1.60172,1.02691,1.00395
p_falls_with_c,1162,4.01203,1.01262,1.01262
p_falls_with_c,1163,3.59785,1.16162,1.00000
p_falls_with_c,1164,1.94079,1.21618,1.01515
p_falls_with_c,1165,2.04488,1.12517,1.00000
p_falls_with_c,1166,1.49608,1.00000,1.00000
p_falls_with_c,1167,1.35443,1.07240,1.05475
p_falls_with_c,1168,1.23478,1.40773,1.23478
p_falls_with_c,1169,1.97358,1.00000,1.00000
p_falls_with_c,1170,1.70354,1.09736,1.09736
p_falls_with_c,1171,1.80366,1.07305,1.07305
p_falls_with_c,1172,2.08970,1.01472,1.01472
p_falls_with_c,1173,2.84235,1.19194,1.00000
p_falls_with_c,1174,1.19889,1.22819,1.07667
p_falls_with_c,1175,1.55736,1.14538,1.04763
p_falls_with_c,1176,3.43408,1.03046,1.03046
p_falls_with_c,1177,8.23587,1.04988,1.00000
p_falls_with_c,1178,1.26257,1.00262,1.00262
p_falls_with_c,1179,2.03262,1.44477,1.00000
p_falls_with_c,1180,1.63871,1.00000,1.00000
p_falls_with_c,1181,2.10952,1.14651,1.00075
p_falls_with_c,1182,4.67259,1.00000,1.00000
p_falls_with_c,1183,1.87086,1.09241,1.00000
p_falls_with_c,1184,1.71839,1.00285,1.00285
p_falls_with_c,1185,1.00356,1.00356,1.00356
p_falls_with_c,1186,3.14596,1.19822,1.02739
p_falls_with_c,1187,3.28001,1.04064,1.00000
p_falls_with_c,1188,2.15296,1.14429,1.00000
p_falls_with_c,1189,2.58595,1.07625,1.00000
p_falls_with_c,1190,1.27829,1.03927,1.01297
p_falls_with_c,1191,2.59843,1.65295,1.00000
p_falls_with_c,1192,1.73027,1.36295,1.01032
p_falls_with_c,1193,3.45162,1.58654,1.00000
p_falls_with_c,1194,1.22992,1.00108,1.00108
p_falls_with_c,1195,2.20915,1.07644,1.00000
p_falls_with_c,1196,2.68385,1.01666,1.01666
p_falls_with_c,1197,2.04298,1.00000,1.00000
p_falls_with_c,1198,1.79174,1.06801,1.06801
p_falls_with_c,1199,1.06492,1.20336,1.04587
p_falls_with_c,1200,5.18090,1.77427,1.77427
p_falls_with_c,1201,2.17076,1.00101,1.00101
p_falls_with_c,1202,1.57326,1.01401,1.01401
p_falls_with_c,1203,1.61428,1.00000,1.00000
p_falls_with_c,1204,1.63546,1.05858,1.02558
p_falls_with_c,1205,1.93118,1.36388,1.00129
p_falls_with_c,1206,1.77090,1.08029,1.08029
p_falls_with_c,1207,1.88765,1.00000,1.00000
p_falls_with_c,1208,2.48503,1.00000,1.00000
p_falls_with_c,1209,1.72959,1.25513,1.00006
p_falls_with_c,1210,4.33371,1.00000,1.00000
p_falls_with_c,1211,1.44684,1.23743,1.09168
p_falls_with_c,1212,1.01972,2.08088,1.01972
p_falls_with_c,1213,1.62440,1.43382,1.00000
p_falls_with_c,1214,2.97039,1.05295,1.05295
p_falls_with_c,1215,1.16148,1.00051,1.00051
p_falls_with_c,1216,1.25638,1.11820,1.02633
p_falls_with_c,1217,1.93490,1.00000,1.00000
p_falls_with_c,1218,2.84921,1.06269,1.06269
p_falls_with_c,1219,2.41766,1.15611,1.00032
p_falls_with_c,1220,1.74316,1.15559,1.07860
p_falls_with_c,1221,2.15878,1.00000,1.00000
p_falls_with_c,1222,1.82250,1.04347,1.00000
p_falls_with_c,1223,1.76137,1.15930,1.08744
p_falls_with_c,1224,1.15708,1.09494,1.09494
p_falls_with_c,1225,2.77233,1.00619,1.00619
p_falls_with_c,1226,2.30212,1.30137,1.01051
p_falls_with_c,1227,1.10525,1.10525,1.10525
p_falls_with_c,1228,2.90480,1.02737,1.00000
p_falls_with_c,1229,2.17608,1.05363,1.05363
p_falls_with_c,1230,2.86613,1.17768,1.00000
p_falls_with_c,1231,2.21521,1.00000,1.00000
p_falls_with_c,1232,1.24998,1.17468,1.07011
p_falls_with_c,1233,4.29277,1.58238,1.03218
p_falls_with_c,1234,1.21921,1.04416,1.01717
p_falls_with_c,1235,1.80306,1.17883,1.06712
p_falls_with_c,1236,1.76376,1.02445,1.01486
p_falls_with_c,1237,4.78938,1.05598,1.00056
p_falls_with_c,1238,1.50801,1.26639,1.00000
p_falls_with_c,1239,3.96663,1.00000,1.00000
p_falls_with_c,1240,1.55377,1.21838,1.00000
p_falls_with_c,1241,2.42979,1.00194,1.00194
p_falls_with_c,1242,1.66378,1.16591,1.00000
p_falls_with_c,1243,1.84640,1.67111,1.09115
p_falls_with_c,1244,1.56631,1.34285,1.00563
p_falls_with_c,1245,1.92093,1.11209,1.00000
p_falls_with_c,1246,2.07821,1.02470,1.02470
p_falls_with_c,1247,1.70287,1.23165,1.04386
p_falls_with_c,1248,1.40122,1.09815,1.00000
p_falls_with_c,1249,2.14263,1.06998,1.03787
p_falls_with_c,1250,1.56457,1.22562,1.07120
p_falls_with_c,1251,5.17462,1.32009,1.32009
p_falls_with_c,1252,3.25192,1.10469,1.00000
p_falls_with_c,1253,2.87675,1.13908,1.00722
p_falls_with_c,1254,1.43801,1.00000,1.00000
p_falls_with_c,1255,1.08638,1.11923,1.08638
p_falls_with_c,1256,1.54907,1.15022,1.00113
p_falls_with_c,1257,1.35611,1.00898,1.00898
p_falls_with_c,1258,1.00000,1.03234,1.00000
p_falls_with_c,1259,1.39765,1.00000,1.00000
p_falls_with_c,1260,1.55035,1.19115,1.09106
p_falls_with_c,1261,1.88931,1.28775,1.18322
p_falls_with_c,1262,1.63090,1.08080,1.02483
p_falls_with_c,1263,2.39784,1.03178,1.03178
p_falls_with_c,1264,1.54492,1.08342,1.00000
p_falls_with_c,1265,2.67692,1.00609,1.00609
p_falls_with_c,1266,2.26784,1.11530,1.11530
p_falls_with_c,1267,2.07868,1.02471,1.02471
p_falls_with_c,1268,1.14727,1.04036,1.04036
p_falls_with_c,1269,2.27482,1.06473,1.06473
p_falls_with_c,1270,4.46306,1.39730,1.00000
p_falls_with_c,1271,1.73695,1.22441,1.04989
p_falls_with_c,1272,1.78912,1.02993,1.00000
p_falls_with_c,1273,2.10780,1.06679,1.06679
p_falls_with_c,1274,2.55957,1.03785,1.03785
p_falls_with_c,1275,1.16245,1.28679,1.00000
p_falls_with_c,1276,2.96634,1.00000,1.00000
p_falls_with_c,1277,3.48046,1.00000,1.00000
p_falls_with_c,1278,1.47672,1.00000,1.00000
p_falls_with_c,1279,6.21289,1.00032,1.00032
p_falls_with_c,1280,1.68578,1.13328,1.00000
p_falls_with_c,1281,1.65889,1.01208,1.00927
p_falls_with_c,1282,1.22967,1.02407,1.02407
p_falls_with_c,1283,1.30451,1.70131,1.08185
p_falls_with_c,1284,2.10149,1.10610,1.01256
p_falls_with_c,1285,2.40510,1.00000,1.00000
p_falls_with_c,1286,3.03675,1.05596,1.00000
p_falls_with_c,1287,2.64712,1.49420,1.07780
p_falls_with_c,1288,3.57370,1.02427,1.00000
p_falls_with_c,1289,1.44782,1.58170,1.09559
p_falls_with_c,1290,1.63958,1.10785,1.00507
p_falls_with_c,1291,2.78729,1.00696,1.00696
p_falls_with_c,1292,1.81561,1.17532,1.00000
p_falls_with_c,1293,1.80896,1.02415,1.02415
p_falls_with_c,1294,4.64043,1.04730,1.00000
p_falls_with_c,1295,1.46783,1.04493,1.00000
p_falls_with_c,1296,1.00955,1.31979,1.00000
p_falls_with_c,1297,1.91721,1.43632,1.14757
p_falls_with_c,1298,3.53388,1.00000,1.00000
p_falls_with_c,1299,1.40797,1.01561,1.01561
p_falls_with_c,1300,1.41670,1.00000,1.00000
p_falls_with_c,1301,1.71349,1.00000,1.00000
p_falls_with_c,1302,2.55022,1.12017,1.10636
p_falls_with_c,1303,1.98482,1.00000,1.00000
p_falls_with_c,1304,2.18679,1.00005,1.00005
p_falls_with_c,1305,1.37113,1.12340,1.12340
p_falls_with_c,1306,2.54125,1.04343,1.04343
p_falls_with_c,1307,2.88042,1.00417,1.00417
p_falls_with_c,1308,2.63060,1.39360,1.00106
p_falls_with_c,1309,1.51711,1.07609,1.00000
p_falls_with_c,1310,3.23386,1.07366,1.00000
p_falls_with_c,1311,2.27663,1.11703,1.10173
p_falls_with_c,1312,1.62496,1.08582,1.08582
p_falls_with_c,1313,1.13022,1.04691,1.00000
p_falls_with_c,1314,1.12789,1.50498,1.02931
p_falls_with_c,1315,2.12840,1.02128,1.02128
p_falls_with_c,1316,1.87542,1.09976,1.00000
p_falls_with_c,1317,1.32848,1.43804,1.01929
p_falls_with_c,1318,1.88922,1.31077,1.03834
p_falls_with_c,1319,1.62299,1.28048,1.01672
p_falls_with_c,1320,1.42439,1.09078,1.00000
p_falls_with_c,1321,1.20844,1.00200,1.00200
p_falls_with_c,1322,4.59999,1.00000,1.00000
p_falls_with_c,1323,1.83134,1.31269,1.02130
p_falls_with_c,1324,1.44466,1.16346,1.03579
p_falls_with_c,1325,1.00405,1.80272,1.00405
p_falls_with_c,1326,2.37376,1.41363,1.22857
p_falls_with_c,1327,1.99773,1.24174,1.00000
p_falls_with_c,1328,1.17817,1.02695,1.02633
p_falls_with_c,1329,2.03681,1.00000,1.00000
p_falls_with_c,1330,4.26390,1.11226,1.11226
p_falls_with_c,1331,1.59306,1.02545,1.02545
p_falls_with_c,1332,2.60544,1.00000,1.00000
p_falls_with_c,1333,1.67786,1.00013,1.00013
p_falls_with_c,1334,1.10083,1.26239,1.10083
p_falls_with_c,1335,1.43365,1.03448,1.03438
p_falls_with_c,1336,1.13448,1.13448,1.13448
p_falls_with_c,1337,4.50437,1.00000,1.00000
p_falls_with_c,1338,2.14507,1.11069,1.00000
p_falls_with_c,1339,1.65359,1.27303,1.00000
p_falls_with_c,1340,2.31328,1.01856,1.01856
p_falls_with_c,1341,4.34143,1.21186,1.00000
p_falls_with_c,1342,1.76166,1.00603,1.00603
p_falls_with_c,1343,2.75334,1.08922,1.02322
p_falls_with_c,1344,2.43305,1.18236,1.04782
p_falls_with_c,1345,2.23478,1.19515,1.01208
p_falls_with_c,1346,1.87034,1.02609,1.02609
p_falls_with_c,1347,1.19168,1.00420,1.00000
p_falls_with_c,1348,3.16771,1.94896,1.05765
p_falls_with_c,1349,1.74618,1.45009,1.00000
p_falls_with_c,1350,3.82451,1.23009,1.00000
p_falls_with_c,1351,2.27759,1.19118,1.00000
p_falls_with_c,1352,4.75304,1.03443,1.03443
p_falls_with_c,1353,1.41857,1.12478,1.01205
p_falls_with_c,1354,1.14320,1.11518,1.04307
p_falls_with_c,1355,1.26002,1.26002,1.10440
p_falls_with_c,1356,1.36651,1.26305,1.01630
p_falls_with_c,1357,2.13050,1.00000,1.00000
p_falls_with_c,1358,3.49531,1.00170,1.00000
p_falls_with_c,1359,4.85572,2.31980,1.00298
p_falls_with_c,1360,3.39168,2.27929,1.22659
p_falls_with_c,1361,1.63487,1.00000,1.00000
p_falls_with_c,1362,1.46179,1.15848,1.05578
p_falls_with_c,1363,3.05862,1.64287,1.00694
p_falls_with_c,1364,1.77529,1.16296,1.16296
p_falls_with_c,1365,1.04926,1.13040,1.04856
p_falls_with_c,1366,1.63593,1.00000,1.00000
p_falls_with_c,1367,1.03463,1.06117,1.03463
p_falls_with_c,1368,1.64075,1.49369,1.11847
p_falls_with_c,1369,1.70530,1.02309,1.02309
p_falls_with_c,1370,1.24241,1.12205,1.00184
p_falls_with_c,1371,2.55245,1.02139,1.02139
p_falls_with_c,1372,2.50716,1.10118,1.10118
p_falls_with_c,1373,1.89355,1.12602,1.12602
p_falls_with_c,1374,2.41598,1.00315,1.00315
p_falls_with_c,1375,1.85874,1.08011,1.08011
p_falls_with_c,1376,1.57621,1.12625,1.05833
p_falls_with_c,1377,1.26772,1.02255,1.02255
p_falls_with_c,1378,2.26610,1.00000,1.00000
p_falls_with_c,1379,1.16383,1.30937,1.01761
p_falls_with_c,1380,5.43018,1.00000,1.00000
p_falls_with_c,1381,1.78541,1.04546,1.00000
p_falls_with_c,1382,3.20314,1.64635,1.02583
p_falls_with_c,1383,2.09854,1.09807,1.09807
p_falls_with_c,1384,4.11961,1.81132,1.00000
p_falls_with_c,1385,2.47448,1.00000,1.00000
p_falls_with_c,1386,1.42240,1.12294,1.00318
p_falls_with_c,1387,1.94278,1.05997,1.05997
p_falls_with_c,1388,1.24698,1.19808,1.01872
p_falls_with_c,1389,1.42911,1.08156,1.00000
p_falls_with_c,1390,1.50304,1.05962,1.02208
p_falls_with_c,1391,1.20212,1.17080,1.00052
p_falls_with_c,1392,1.41390,1.23263,1.06973
p_falls_with_c,1393,1.92364,1.06900,1.06900
p_falls_with_c,1394,4.75067,1.00340,1.00340
p_falls_with_c,1395,1.47733,1.12255,1.02187
p_falls_with_c,1396,3.58528,1.00000,1.00000
p_falls_with_c,1397,1.94323,1.12398,1.00168
p_falls_with_c,1398,2.22069,1.00949,1.00949
p_falls_with_c,1399,1.18076,1.26868,1.18076
p_falls_with_c,1400,1.98527,1.05223,1.01067
p_falls_with_c,1401,1.00414,1.00414,1.00414
p_falls_with_c,1402,4.10119,1.00000,1.00000
p_falls_with_c,1403,1.67789,1.15072,1.13916
p_falls_with_c,1404,1.15257,1.15210,1.00000
p_falls_with_c,1405,7.69565,1.00000,1.00000
p_falls_with_c,1406,2.51791,1.23156,1.00074
p_falls_with_c,1407,3.12199,1.00000,1.00000
p_falls_with_c,1408,1.06560,1.12832,1.06560
p_falls_with_c,1409,1.52758,1.00000,1.00000
p_falls_with_c,1410,1.63911,1.19578,1.02487
p_falls_with_c,1411,1.57049,1.00000,1.00000
p_falls_with_c,1412,1.63185,1.02773,1.02403
p_falls_with_c,1413,1.49756,1.33076,1.14642
p_falls_with_c,1414,3.10071,1.00000,1.00000
p_falls_with_c,1415,1.27160,1.12252,1.00000
p_falls_with_c,1416,1.00896,1.00896,1.00896
p_falls_with_c,1417,1.47001,1.09734,1.09734
p_falls_with_c,1418,1.33249,1.01228,1.01228
p_falls_with_c,1419,1.32664,1.12277,1.00025
p_falls_with_c,1420,1.18962,1.18962,1.14132
p_falls_with_c,1421,2.24039,1.00976,1.00000
p_falls_with_c,1422,1.82938,1.01204,1.01204
p_falls_with_c,1423,1.45694,1.08998,1.00000
p_falls_with_c,1424,2.00078,1.06208,1.00618
p_falls_with_c,1425,1.54372,1.01638,1.01638
p_falls_with_c,1426,1.37142,1.09147,1.09147
p_falls_with_c,1427,4.42379,1.87081,1.87081
p_falls_with_c,1428,1.43785,1.00522,1.00522
p_falls_with_c,1429,1.33854,1.01759,1.01475
p_falls_with_c,1430,2.78348,1.44294,1.01228
p_falls_with_c,1431,1.95250,1.01870,1.01870
p_falls_with_c,1432,1.29333,1.66156,1.00000
p_falls_with_c,1433,1.73075,1.10221,1.09411
p_falls_with_c,1434,1.00075,1.38824,1.00075
p_falls_with_c,1435,3.07891,1.03208,1.03208
p_falls_with_c,1436,1.28500,1.21543,1.00423
p_falls_with_c,1437,1.06748,1.32102,1.03946
p_falls_with_c,1438,2.68073,1.00702,1.00702
p_falls_with_c,1439,2.36580,1.04688,1.00000
p_falls_with_c,1440,1.16243,1.06736,1.06736
p_falls_with_c,1441,1.78166,1.00000,1.00000
p_falls_with_c,1442,2.24960,1.35699,1.09525
p_falls_with_c,1443,1.81255,1.27231,1.00132
p_falls_with_c,1444,2.23924,1.81725,1.15954
p_falls_with_c,1445,2.21609,1.05352,1.05352
p_falls_with_c,1446,2.57535,1.00000,1.00000
p_falls_with_c,1447,1.70699,1.03020,1.00000
p_falls_with_c,1448,2.30292,1.04101,1.04101
p_falls_with_c,1449,6.70789,1.00000,1.00000
p_falls_with_c,1450,1.13949,1.26335,1.00000
p_falls_with_c,1451,2.37733,1.44211,1.12985
p_falls_with_c,1452,1.02297,1.02297,1.02297
p_falls_with_c,1453,1.32028,1.08952,1.00000
p_falls_with_c,1454,1.60129,1.13196,1.12660
p_falls_with_c,1455,1.75777,1.04343,1.04165
p_falls_with_c,1456,2.38998,1.07195,1.07195
p_falls_with_c,1457,3.36278,1.16203,1.00021
p_falls_with_c,1458,1.89477,1.39765,1.06677
p_falls_with_c,1459,1.46049,1.16313,1.00000
p_falls_with_c,1460,2.95130,1.00000,1.00000
p_falls_with_c,1461,3.18324,1.41352,1.04455
p_falls_with_c,1462,2.02835,1.00000,1.00000
p_falls_with_c,1463,2.30005,1.40032,1.05551
p_falls_with_c,1464,1.01059,1.01059,1.01059
p_falls_with_c,1465,2.83964,1.09108,1.03578
p_falls_with_c,1466,1.17908,1.18925,1.17908
p_falls_with_c,1467,2.91025,1.00822,1.00000
p_falls_with_c,1468,1.00000,1.18589,1.00000
p_falls_with_c,1469,1.45284,1.08239,1.08239
p_falls_with_c,1470,1.39607,1.00482,1.00482
p_falls_with_c,1471,1.35713,1.10694,1.00836
p_falls_with_c,1472,1.78225,1.00255,1.00255
p_falls_with_c,1473,1.45423,1.12308,1.06923
p_falls_with_c,1474,1.64848,1.00000,1.00000
p_falls_with_c,1475,2.71471,1.00030,1.00000
p_falls_with_c,1476,1.57920,1.02088,1.01492
p_falls_with_c,1477,2.46185,1.00261,1.00261
p_falls_with_c,1478,1.10719,1.36663,1.00000
p_falls_with_c,1479,2.21892,1.34891,1.10534
p_falls_with_c,1480,1.33227,1.18752,1.15592
p_falls_with_c,1481,1.90950,1.00000,1.00000
p_falls_with_c,1482,1.69653,1.00274,1.00274
p_falls_with_c,1483,1.78499,1.54615,1.11006
p_falls_with_c,1484,4.20610,1.06736,1.00810
p_falls_with_c,1485,1.57125,1.12991,1.12991
p_falls_with_c,1486,1.87371,1.07476,1.00000
p_falls_with_c,1487,3.07798,1.01758,1.00000
p_falls_with_c,1488,2.82376,1.07904,1.00000
p_falls_with_c,1489,1.99892,1.05288,1.05288
p_falls_with_c,1490,1.96563,1.00000,1.00000
p_falls_with_c,1491,1.05705,1.17967,1.05705
p_falls_with_c,1492,1.18162,1.01085,1.00567
p_falls_with_c,1493,2.22976,1.13829,1.13829
p_falls_with_c,1494,1.27011,1.00000,1.00000
p_falls_with_c,1495,2.64348,1.00000,1.00000
p_falls_with_c,1496,1.59506,1.21651,1.00621
p_falls_with_c,1497,2.94832,1.05015,1.05015
p_falls_with_c,1498,3.80897,1.58648,1.00000
p_falls_with_c,1499,2.37648,1.03370,1.03370
p_falls_with_c,1500,1.69281,1.00956,1.00956
p_falls_with_c,1501,1.50056,1.15321,1.01178
p_falls_with_c,1502,1.57698,1.00000,1.00000
p_falls_with_c,1503,1.31451,1.06272,1.01401
p_falls_with_c,1504,2.62902,1.00000,1.00000
p_falls_with_c,1505,3.73070,1.11595,1.11595
p_falls_with_c,1506,2.04912,1.07913,1.07913
p_falls_with_c,1507,4.48169,1.00000,1.00000
p_falls_with_c,1508,1.29176,1.21608,1.07681
p_falls_with_c,1509,2.11066,1.17348,1.00000
p_falls_with_c,1510,1.26690,1.05285,1.05285
p_falls_with_c,1511,2.06796,1.03259,1.00000
p_falls_with_c,1512,1.32250,1.18923,1.04903
p_falls_with_c,1513,3.06262,1.31921,1.02649
p_falls_with_c,1514,1.55853,1.25385,1.01896
p_falls_with_c,1515,1.44610,1.26827,1.08661
p_falls_with_c,1516,1.49050,1.00000,1.00000
p_falls_with_c,1517,1.62774,1.00374,1.00374
p_falls_with_c,1518,1.42545,1.42545,1.00000
p_falls_with_c,1519,1.66785,1.36264,1.00133
p_falls_with_c,1520,2.13909,1.31750,1.00024
p_falls_with_c,1521,2.71385,1.03742,1.03742
p_falls_with_c,1522,2.20607,1.12414,1.09033
p_falls_with_c,1523,3.41228,1.04071,1.04071
p_falls_with_c,1524,1.85544,1.25991,1.07169
p_falls_with_c,1525,1.41410,1.41410,1.00103
p_falls_with_c,1526,1.84260,1.00000,1.00000
p_falls_with_c,1527,1.25147,1.08718,1.07261
p_falls_with_c,1528,1.45212,1.17397,1.00000
p_falls_with_c,1529,1.94496,1.10184,1.00000
p_falls_with_c,1530,4.19575,1.00296,1.00296
p_falls_with_c,1531,1.21058,1.20790,1.12956
p_falls_with_c,1532,2.59963,1.08789,1.03107
p_falls_with_c,1533,3.31479,1.00000,1.00000
p_falls_with_c,1534,1.38997,1.00042,1.00042
p_falls_with_c,1535,1.39903,1.00003,1.00003
p_falls_with_c,1536,2.97764,1.00000,1.00000
p_falls_with_c,1537,1.67316,1.00000,1.00000
p_falls_with_c,1538,1.45728,1.01697,1.01697
p_falls_with_c,1539,6.77685,1.00382,1.00000
p_falls_with_c,1540,1.96842,1.21482,1.01317
p_falls_with_c,1541,4.82814,1.00384,1.00384
p_falls_with_c,1542,3.11846,1.04024,1.04024
p_falls_with_c,1543,2.10594,1.42231,1.01985
p_falls_with_c,1544,2.29110,1.13119,1.07499
p_falls_with_c,1545,1.47525,1.30159,1.00000
p_falls_with_c,1546,1.07796,1.07545,1.07545
p_falls_with_c,1547,1.96361,1.00000,1.00000
p_falls_with_c,1548,1.00058,1.00058,1.00058
p_falls_with_c,1549,1.39647,1.02868,1.00780
p_falls_with_c,1550,1.94489,1.25720,1.01603
p_falls_with_c,1551,2.58313,1.21125,1.21125
p_falls_with_c,1552,3.88390,1.40906,1.06285
p_falls_with_c,1553,1.95394,1.48338,1.09256
p_falls_with_c,1554,2.18266,1.76414,1.08725
p_falls_with_c,1555,1.38323,1.17139,1.07984
p_falls_with_c,1556,1.68390,1.00000,1.00000
p_falls_with_c,1557,3.38715,1.09025,1.00000
p_falls_with_c,1558,3.01372,1.35591,1.00014
p_falls_with_c,1559,3.22542,1.00000,1.00000
p_falls_with_c,1560,1.01001,1.46880,1.01001
p_falls_with_c,1561,3.66598,1.00000,1.00000
p_falls_with_c,1562,1.74080,1.04725,1.00000
p_falls_with_c,1563,7.21025,1.03924,1.03924
p_falls_with_c,1564,2.22440,1.00000,1.00000
p_falls_with_c,1565,2.45826,1.19112,1.09910
p_falls_with_c,1566,1.32091,1.06165,1.06165
p_falls_with_c,1567,2.09728,1.16820,1.16820
p_falls_with_c,1568,2.44281,1.02801,1.02801
p_falls_with_c,1569,2.09698,1.77216,1.00000
p_falls_with_c,1570,1.50016,1.04731,1.01935
p_falls_with_c,1571,1.52973,1.17893,1.09058
p_falls_with_c,1572,1.61506,1.02026,1.02026
p_falls_with_c,1573,1.50821,1.01061,1.00031
p_falls_with_c,1574,1.00000,1.04943,1.00000
p_falls_with_c,1575,1.05237,1.01554,1.01554
p_falls_with_c,1576,1.62092,1.09382,1.09382
p_falls_with_c,1577,1.75534,1.15179,1.01978
p_falls_with_c,1578,2.45231,1.10048,1.00000
p_falls_with_c,1579,3.20902,1.04305,1.04305
p_falls_with_c,1580,2.13106,1.00552,1.00000
p_falls_with_c,1581,1.65977,1.25331,1.05980
p_falls_with_c,1582,1.81613,1.00000,1.00000
p_falls_with_c,1583,2.86912,1.27436,1.06201
p_falls_with_c,1584,1.95870,1.30741,1.06263
p_falls_with_c,1585,2.24822,1.10758,1.00551
p_falls_with_c,1586,2.04793,1.06916,1.00000
p_falls_with_c,1587,1.69521,1.00000,1.00000
p_falls_with_c,1588,1.44401,1.06042,1.00550
p_falls_with_c,1589,2.73348,1.04725,1.02738
p_falls_with_c,1590,2.11299,1.20182,1.00232
p_falls_with_c,1591,2.52267,1.05015,1.05015
p_falls_with_c,1592,1.35306,1.09121,1.08986
p_falls_with_c,1593,2.06033,1.00000,1.00000
p_falls_with_c,1594,2.12297,1.03592,1.00000
p_falls_with_c,1595,1.22981,1.08552,1.08552
p_falls_with_c,1596,1.33912,1.22586,1.00000
p_falls_with_c,1597,1.90621,1.13431,1.00188
p_falls_with_c,1598,2.85222,1.72509,1.00000
p_falls_with_c,1599,2.93386,1.04246,1.04246
p_falls_with_c,1600,2.34435,1.00000,1.00000
p_falls_with_c,1601,2.79753,1.03648,1.03648
p_falls_with_c,1602,1.86352,1.00000,1.00000
p_falls_with_c,1603,1.65941,1.00000,1.00000
p_falls_with_c,1604,1.00059,1.00059,1.00059
p_falls_with_c,1605,2.47631,1.27667,1.00000
p_falls_with_c,1606,1.40775,1.11919,1.10449
p_falls_with_c,1607,2.14251,1.21068,1.01729
p_falls_with_c,1608,1.63010,1.00000,1.00000
p_falls_with_c,1609,1.83507,1.21989,1.05551
p_falls_with_c,1610,2.07377,1.05930,1.05930
p_falls_with_c,1611,1.47003,1.48320,1.10066
p_falls_with_c,1612,1.77337,1.14486,1.06783
p_falls_with_c,1613,1.72246,1.69075,1.10162
p_falls_with_c,1614,2.41312,1.09374,1.00000
p_falls_with_c,1615,1.18955,1.01530,1.01530
p_falls_with_c,1616,2.67056,1.01498,1.01498
p_falls_with_c,1617,3.47757,1.01898,1.00000
p_falls_with_c,1618,3.75921,1.01184,1.00000
p_falls_with_c,1619,2.26715,1.00086,1.00086
p_falls_with_c,1620,1.52865,1.47216,1.00000
p_falls_with_c,1621,1.65342,1.23382,1.00121
p_falls_with_c,1622,1.44143,1.01444,1.01444
p_falls_with_c,1623,1.62175,1.07124,1.07124
p_falls_with_c,1624,2.68983,1.00100,1.00100
p_falls_with_c,1625,1.73205,1.34353,1.09679
p_falls_with_c,1626,1.27680,1.07270,1.00000
p_falls_with_c,1627,1.61944,1.00000,1.00000
p_falls_with_c,1628,1.70476,1.02312,1.02312
p_falls_with_c,1629,1.21856,1.06615,1.00000
p_falls_with_c,1630,3.42029,1.00000,1.00000
p_falls_with_c,1631,1.57885,1.05805,1.05805
p_falls_with_c,1632,1.84974,1.73021,1.17726
p_falls_with_c,1633,2.27104,1.10225,1.00020
p_falls_with_c,1634,1.70405,1.18984,1.00000
p_falls_with_c,1635,1.63119,1.01891,1.01891
p_falls_with_c,1636,1.34766,1.34766,1.00978
p_falls_with_c,1637,3.42371,1.08043,1.00902
p_falls_with_c,1638,1.39768,1.00117,1.00117
p_falls_with_c,1639,1.04504,1.13924,1.04504
p_falls_with_c,1640,3.94245,1.33486,1.00000
p_falls_with_c,1641,1.54955,1.09294,1.00000
p_falls_with_c,1642,1.86398,1.00000,1.00000
p_falls_with_c,1643,2.81570,1.13034,1.00000
p_falls_with_c,1644,1.90315,1.00104,1.00104
p_falls_with_c,1645,1.97744,1.00140,1.00140
p_falls_with_c,1646,2.16719,1.10226,1.10226
p_falls_with_c,1647,1.04727,1.51440,1.04727
p_falls_with_c,1648,1.49907,1.28957,1.00000
p_falls_with_c,1649,2.04570,1.00915,1.00915
p_falls_with_c,1650,2.74888,1.68817,1.05656
p_falls_with_c,1651,1.71314,1.00000,1.00000
p_falls_with_c,1652,2.01580,1.20604,1.00000
p_falls_with_c,1653,2.02765,1.77535,1.04578
p_falls_with_c,1654,2.71987,1.27538,1.01991
p_falls_with_c,1655,1.95570,1.00505,1.00505
p_falls_with_c,1656,1.75755,1.35676,1.08000
p_falls_with_c,1657,2.11711,1.13395,1.02997
p_falls_with_c,1658,1.37422,1.09197,1.09197
p_falls_with_c,1659,1.29374,1.00000,1.00000
p_falls_with_c,1660,1.76844,1.00000,1.00000
p_falls_with_c,1661,1.50835,1.17896,1.00010
p_falls_with_c,1662,1.20340,1.20340,1.13446
p_falls_with_c,1663,1.99967,1.18078,1.00676
p_falls_with_c,1664,1.72521,1.07223,1.00000
p_falls_with_c,1665,2.13401,1.00000,1.00000
p_falls_with_c,1666,1.45702,1.11217,1.00003
p_falls_with_c,1667,5.64667,1.54413,1.00816
p_falls_with_c,1668,1.67728,1.02327,1.02327
p_falls_with_c,1669,1.88611,1.00941,1.00941
p_falls_with_c,1670,1.67884,1.09475,1.09475
p_falls_with_c,1671,1.68688,1.00000,1.00000
p_falls_with_c,1672,1.11511,1.47034,1.00000
p_falls_with_c,1673,1.24894,1.00000,1.00000
p_falls_with_c,1674,1.33665,1.07150,1.02277
p_falls_with_c,1675,1.45545,1.45545,1.00079
p_falls_with_c,1676,1.06817,1.06817,1.06817
p_falls_with_c,1677,1.00000,1.39700,1.00000
p_falls_with_c,1678,1.67983,1.00716,1.00716
p_falls_with_c,1679,3.53494,1.00000,1.00000
p_falls_with_c,1680,2.46244,1.21801,1.08422
p_falls_with_c,1681,1.48327,1.27734,1.00000
p_falls_with_c,1682,2.21698,1.16130,1.07662
p_falls_with_c,1683,2.10234,1.00498,1.00498
p_falls_with_c,1684,2.69196,1.00000,1.00000
p_falls_with_c,1685,1.66240,1.00000,1.00000
p_falls_with_c,1686,2.23313,1.15054,1.00000
p_falls_with_c,1687,1.41181,1.00000,1.00000
p_falls_with_c,1688,2.40508,1.00000,1.00000
p_falls_with_c,1689,1.41125,1.15986,1.07558
p_falls_with_c,1690,2.10386,1.08515,1.00969
p_falls_with_c,1691,1.58600,1.27795,1.00058
p_falls_with_c,1692,1.81615,1.27358,1.00000
p_falls_with_c,1693,1.99552,1.16452,1.00000
p_falls_with_c,1694,4.27530,1.01366,1.01366
p_falls_with_c,1695,1.21586,1.07535,1.07535
p_falls_with_c,1696,1.00034,1.00034,1.00034
p_falls_with_c,1697,2.27426,1.05193,1.05193
p_falls_with_c,1698,1.85520,1.01512,1.00000
p_falls_with_c,1699,1.04344,1.12121,1.00000
p_falls_with_c,1700,1.34605,1.00000,1.00000
p_falls_with_c,1701,1.47456,1.18383,1.00016
p_falls_with_c,1702,1.23389,1.23389,1.00477
p_falls_with_c,1703,2.19327,1.00000,1.00000
p_falls_with_c,1704,1.63880,1.01968,1.00430
p_falls_with_c,1705,1.43299,1.19077,1.07590
p_falls_with_c,1706,1.82110,1.00000,1.00000
p_falls_with_c,1707,2.89026,1.03557,1.03557
p_falls_with_c,1708,1.81643,1.25809,1.07435
p_falls_with_c,1709,1.29055,1.15524,1.04259
p_falls_with_c,1710,3.33001,1.00086,1.00086
p_falls_with_c,1711,2.15829,1.07468,1.07468
p_falls_with_c,1712,3.36656,1.00173,1.00173
p_falls_with_c,1713,1.33493,1.02766,1.00060
p_falls_with_c,1714,1.75062,1.11173,1.11173
p_falls_with_c,1715,2.07347,1.04632,1.04632
p_falls_with_c,1716,1.35645,1.05975,1.05975
p_falls_with_c,1717,1.00928,1.00928,1.00928
p_falls_with_c,1718,1.49266,1.06253,1.06253
p_falls_with_c,1719,1.64830,1.00000,1.00000
p_falls_with_c,1720,1.57860,1.27413,1.00000
p_falls_with_c,1721,1.56557,1.04520,1.00160
p_falls_with_c,1722,2.89201,1.25731,1.00000
p_falls_with_c,1723,1.68520,1.10612,1.08073
p_falls_with_c,1724,2.73172,1.29369,1.00000
p_falls_with_c,1725,1.56093,1.01782,1.00647
p_falls_with_c,1726,1.55644,1.00628,1.00628
p_falls_with_c,1727,2.64563,1.21960,1.21960
p_falls_with_c,1728,2.16591,1.08143,1.00297
p_falls_with_c,1729,1.55973,1.21476,1.03019
p_falls_with_c,1730,1.30543,1.30543,1.00000
p_falls_with_c,1731,1.78315,1.00000,1.00000
p_falls_with_c,1732,1.18090,1.06494,1.03468
p_falls_with_c,1733,1.38901,1.00000,1.00000
p_falls_with_c,1734,2.22515,1.42887,1.12439
p_falls_with_c,1735,1.83723,1.00266,1.00266
p_falls_with_c,1736,1.09242,1.09242,1.00000
p_falls_with_c,1737,3.07943,1.78401,1.00000
p_falls_with_c,1738,2.13943,1.29786,1.02793
p_falls_with_c,1739,2.09409,1.63077,1.55159
p_falls_with_c,1740,3.51646,1.00000,1.00000
p_falls_with_c,1741,3.09307,1.86178,1.06218
p_falls_with_c,1742,1.44353,1.00375,1.00375
p_falls_with_c,1743,1.98754,1.26780,1.00778
p_falls_with_c,1744,1.83050,1.40948,1.00404
p_falls_with_c,1745,3.15009,1.08538,1.08538
p_falls_with_c,1746,1.00000,1.57184,1.00000
p_falls_with_c,1747,1.35231,1.00000,1.00000
p_falls_with_c,1748,1.33782,1.22991,1.00000
p_falls_with_c,1749,1.02947,1.02947,1.02947
p_falls_with_c,1750,1.06005,1.06005,1.06005
p_falls_with_c,1751,1.32588,1.07644,1.07644
p_falls_with_c,1752,1.56662,1.17218,1.08149
p_falls_with_c,1753,2.34789,1.00033,1.00033
p_falls_with_c,1754,4.13462,1.03693,1.00000
p_falls_with_c,1755,2.79376,1.23486,1.00000
p_falls_with_c,1756,2.97182,1.02865,1.02865
p_falls_with_c,1757,1.08972,1.00048,1.00048
p_falls_with_c,1758,1.79368,1.00000,1.00000
p_falls_with_c,1759,1.90147,1.10521,1.10521
p_falls_with_c,1760,1.35808,1.10437,1.02583
p_falls_with_c,1761,1.51160,1.00000,1.00000
p_falls_with_c,1762,1.10679,1.27149,1.10679
p_falls_with_c,1763,4.20286,1.00333,1.00000
p_falls_with_c,1764,1.39987,1.40626,1.00000
p_falls_with_c,1765,3.52039,1.00552,1.00552
p_falls_with_c,1766,1.58290,1.28656,1.00027
p_falls_with_c,1767,1.50965,1.30219,1.12286
p_falls_with_c,1768,1.86025,1.05709,1.03275
p_falls_with_c,1769,1.21136,1.00201,1.00201
p_falls_with_c,1770,1.67592,1.07934,1.07264
p_falls_with_c,1771,2.99497,1.11435,1.00000
p_falls_with_c,1772,1.14741,1.00021,1.00021
p_falls_with_c,1773,1.48435,1.01519,1.01257
p_falls_with_c,1774,1.46616,1.17352,1.00011
p_falls_with_c,1775,1.23112,1.00413,1.00413
p_falls_with_c,1776,1.02151,1.54856,1.02151
p_falls_with_c,1777,1.73786,1.01108,1.01108
p_falls_with_c,1778,1.38305,1.39862,1.00000
p_falls_with_c,1779,1.21571,1.04880,1.01965
p_falls_with_c,1780,2.56133,1.00000,1.00000
p_falls_with_c,1781,2.51106,1.16640,1.12603
p_falls_with_c,1782,1.37299,1.00785,1.00785
p_falls_with_c,1783,1.47002,1.00000,1.00000
p_falls_with_c,1784,3.75809,1.04276,1.04276
p_falls_with_c,1785,1.82515,1.31241,1.26552
p_falls_with_c,1786,1.83212,1.08622,1.08622
p_falls_with_c,1787,2.04766,1.11294,1.04782
p_falls_with_c,1788,1.61240,1.12063,1.00000
p_falls_with_c,1789,2.75091,1.08359,1.08359
p_falls_with_c,1790,2.28858,1.36147,1.00000
p_falls_with_c,1791,2.58608,1.16873,1.12402
p_falls_with_c,1792,1.49713,1.04561,1.00000
p_falls_with_c,1793,2.48393,1.00000,1.00000
p_falls_with_c,1794,2.84609,1.00000,1.00000
p_falls_with_c,1795,1.46769,1.10108,1.10108
p_falls_with_c,1796,1.03515,1.03515,1.01950
p_falls_with_c,1797,2.17288,1.02422,1.02033
p_falls_with_c,1798,1.52892,1.07705,1.00000
p_falls_with_c,1799,1.89757,1.26454,1.01612
p_falls_with_c,1800,1.17713,1.20656,1.00036
p_falls_with_c,1801,1.55286,1.26819,1.00846
p_falls_with_c,1802,3.32796,1.00000,1.00000
p_falls_with_c,1803,1.46698,1.41886,1.03723
p_falls_with_c,1804,2.99740,1.00000,1.00000
p_falls_with_c,1805,2.71331,1.00799,1.00799
p_falls_with_c,1806,1.09622,1.14064,1.00400
p_falls_with_c,1807,2.16702,1.02336,1.02336
p_falls_with_c,1808,2.83045,1.01549,1.01549
p_falls_with_c,1809,2.45095,1.11505,1.01764
p_falls_with_c,1810,3.00453,1.12283,1.02660
p_falls_with_c,1811,4.38731,1.00000,1.00000
p_falls_with_c,1812,1.39211,1.00632,1.00000
p_falls_with_c,1813,1.43779,1.12923,1.11479
p_falls_with_c,1814,1.55315,1.19242,1.00000
p_falls_with_c,1815,1.31773,1.31773,1.00254
p_falls_with_c,1816,1.29562,1.12194,1.12194
p_falls_with_c,1817,2.33299,1.00000,1.00000
p_falls_with_c,1818,2.23714,1.22039,1.09181
p_falls_with_c,1819,2.20915,1.02337,1.02337
p_falls_with_c,1820,2.18748,1.23902,1.03929
p_falls_with_c,1821,2.67152,1.00042,1.00042
p_falls_with_c,1822,1.48664,1.33420,1.00000
p_falls_with_c,1823,2.10129,1.00000,1.00000
p_falls_with_c,1824,1.22945,1.36776,1.03161
p_falls_with_c,1825,1.18772,1.18936,1.00203
p_falls_with_c,1826,2.23220,1.04695,1.04695
p_falls_with_c,1827,2.10884,1.06572,1.01316
p_falls_with_c,1828,2.27324,1.00456,1.00456
p_falls_with_c,1829,1.53670,1.00000,1.00000
p_falls_with_c,1830,1.82696,1.22042,1.10647
p_falls_with_c,1831,2.98785,1.10956,1.00000
p_falls_with_c,1832,1.00792,1.00792,1.00792
p_falls_with_c,1833,1.99622,1.10115,1.08070
p_falls_with_c,1834,1.90429,1.06261,1.06261
p_falls_with_c,1835,1.74817,1.24736,1.16505
p_falls_with_c,1836,2.32557,1.35394,1.05602
p_falls_with_c,1837,1.38865,1.08116,1.00000
p_falls_with_c,1838,2.13851,1.10937,1.10012
p_falls_with_c,1839,1.31911,1.08785,1.04437
p_falls_with_c,1840,1.17425,1.36117,1.00000
p_falls_with_c,1841,1.63860,1.06056,1.03592
p_falls_with_c,1842,2.16376,1.07930,1.00016
p_falls_with_c,1843,1.45566,1.28557,1.08042
p_falls_with_c,1844,2.90826,1.10319,1.01502
p_falls_with_c,1845,1.04236,1.46904,1.04236
p_falls_with_c,1846,1.48296,1.00000,1.00000
p_falls_with_c,1847,1.67515,1.13874,1.00000
p_falls_with_c,1848,2.35211,1.00000,1.00000
p_falls_with_c,1849,2.17873,1.31055,1.01885
p_falls_with_c,1850,1.43189,1.07897,1.01384
p_falls_with_c,1851,1.52080,1.10744,1.08358
p_falls_with_c,1852,1.23882,1.18235,1.02095
p_falls_with_c,1853,1.07115,1.17374,1.00046
p_falls_with_c,1854,1.62065,1.18288,1.06530
p_falls_with_c,1855,1.74179,1.25641,1.00000
p_falls_with_c,1856,1.23914,1.12723,1.04052
p_falls_with_c,1857,5.15533,1.00333,1.00000
p_falls_with_c,1858,1.38581,1.48444,1.00000
p_falls_with_c,1859,1.71010,1.00511,1.00000
p_falls_with_c,1860,1.41872,1.03703,1.03703
p_falls_with_c,1861,1.74628,1.12700,1.00000
p_falls_with_c,1862,1.73306,1.17306,1.00000
p_falls_with_c,1863,1.70394,1.74111,1.18874
p_falls_with_c,1864,1.75154,1.00000,1.00000
p_falls_with_c,1865,1.34270,1.17201,1.17143
p_falls_with_c,1866,1.31803,1.00000,1.00000
p_falls_with_c,1867,1.94929,1.02300,1.00182
p_falls_with_c,1868,1.35009,1.16962,1.07410
p_falls_with_c,1869,1.13147,1.19614,1.13147
p_falls_with_c,1870,2.08457,1.00000,1.00000
p_falls_with_c,1871,2.58354,1.12245,1.12245
p_falls_with_c,1872,2.93246,1.58977,1.00670
p_falls_with_c,1873,1.84688,1.12620,1.07557
p_falls_with_c,1874,3.64027,1.00000,1.00000
p_falls_with_c,1875,1.37269,1.15130,1.07422
p_falls_with_c,1876,1.50176,1.14439,1.09374
p_falls_with_c,1877,2.09773,1.00000,1.00000
p_falls_with_c,1878,1.46526,1.46526,1.00000
p_falls_with_c,1879,1.99102,1.00904,1.00904
p_falls_with_c,1880,2.04093,1.13511,1.00651
p_falls_with_c,1881,2.82479,1.00949,1.00949
p_falls_with_c,1882,3.28109,1.23015,1.00436
p_falls_with_c,1883,1.60918,1.05093,1.00000
p_falls_with_c,1884,3.22098,1.50979,1.00000
p_falls_with_c,1885,1.16342,1.48217,1.00202
p_falls_with_c,1886,1.45251,1.00295,1.00295
p_falls_with_c,1887,1.00797,1.00797,1.00797
p_falls_with_c,1888,1.10449,1.28228,1.00007
p_falls_with_c,1889,1.63790,1.00437,1.00437
p_falls_with_c,1890,1.22761,1.00414,1.00414
p_falls_with_c,1891,2.39961,1.00000,1.00000
p_falls_with_c,1892,2.55037,1.00138,1.00138
p_falls_with_c,1893,1.55914,1.18246,1.00000
p_falls_with_c,1894,1.57836,1.11663,1.00000
p_falls_with_c,1895,1.22783,1.08873,1.08873
p_falls_with_c,1896,1.03746,1.47054,1.00000
p_falls_with_c,1897,1.93240,1.08758,1.02849
p_falls_with_c,1898,1.14616,1.16618,1.00000
p_falls_with_c,1899,1.46199,1.00000,1.00000
p_falls_with_c,1900,1.69644,1.19706,1.07030
p_falls_with_c,1901,3.82251,1.82435,1.00955
p_falls_with_c,1902,2.20684,1.18615,1.00000
p_falls_with_c,1903,1.10913,1.00000,1.00000
p_falls_with_c,1904,1.96441,1.00044,1.00044
p_falls_with_c,1905,1.13111,1.13793,1.00000
p_falls_with_c,1906,1.69921,1.05584,1.05584
p_falls_with_c,1907,3.46185,1.12264,1.00000
p_falls_with_c,1908,1.14856,1.16881,1.00000
p_falls_with_c,1909,1.20229,1.20961,1.05006
p_falls_with_c,1910,1.09640,1.06588,1.06588
p_falls_with_c,1911,5.19861,1.49595,1.00249
p_falls_with_c,1912,1.59698,1.08431,1.06204
p_falls_with_c,1913,1.58625,1.05979,1.05979
p_falls_with_c,1914,1.35037,1.13236,1.00260
p_falls_with_c,1915,4.02486,1.04243,1.04243
p_falls_with_c,1916,2.18207,1.03600,1.03600
p_falls_with_c,1917,1.21425,1.07404,1.07404
p_falls_with_c,1918,4.30958,1.00023,1.00000
p_falls_with_c,1919,1.61295,1.31645,1.09133
p_falls_with_c,1920,4.11196,1.00000,1.00000
p_falls_with_c,1921,1.53231,1.13127,1.00000
p_falls_with_c,1922,4.21915,1.13032,1.00000
p_falls_with_c,1923,1.48330,1.11030,1.11030
p_falls_with_c,1924,1.87203,1.15474,1.04816
p_falls_with_c,1925,2.29184,1.00085,1.00085
p_falls_with_c,1926,2.33712,1.27358,1.00000
p_falls_with_c,1927,1.08103,1.07783,1.06031
p_falls_with_c,1928,1.65684,1.05196,1.05196
p_falls_with_c,1929,1.49550,1.13236,1.02167
p_falls_with_c,1930,2.26084,1.00000,1.00000
p_falls_with_c,1931,1.00000,1.64104,1.00000
p_falls_with_c,1932,3.18044,1.12528,1.00000
p_falls_with_c,1933,1.20804,1.14357,1.00298
p_falls_with_c,1934,3.02015,1.01734,1.00000
p_falls_with_c,1935,1.69408,1.25136,1.08204
p_falls_with_c,1936,1.76732,1.03854,1.03854
p_falls_with_c,1937,2.26571,1.03646,1.03646
p_falls_with_c,1938,3.00625,1.32994,1.00664
p_falls_with_c,1939,2.67316,1.01905,1.00000
p_falls_with_c,1940,1.82585,1.00998,1.00998
p_falls_with_c,1941,2.28069,1.02326,1.02326
p_falls_with_c,1942,2.55807,1.07848,1.01187
p_falls_with_c,1943,2.37450,1.00000,1.00000
p_falls_with_c,1944,2.05754,1.05492,1.05492
p_falls_with_c,1945,2.79963,1.00914,1.00914
p_falls_with_c,1946,1.00000,1.41229,1.00000
p_falls_with_c,1947,5.23116,1.00000,1.00000
p_falls_with_c,1948,3.24494,1.00670,1.00670
p_falls_with_c,1949,4.63364,1.28787,1.00000
p_falls_with_c,1950,1.49474,1.06386,1.00120
p_falls_with_c,1951,2.27767,1.05133,1.05133
p_falls_with_c,1952,1.22514,1.00000,1.00000
p_falls_with_c,1953,1.45355,1.19732,1.01228
p_falls_with_c,1954,2.25027,1.03417,1.03417
p_falls_with_c,1955,1.69120,1.20550,1.00000
p_falls_with_c,1956,5.42229,1.01099,1.01099
p_falls_with_c,1957,2.42059,1.14952,1.01612
p_falls_with_c,1958,3.00622,1.00210,1.00210
p_falls_with_c,1959,1.76158,1.61822,1.15061
p_falls_with_c,1960,1.61163,1.12261,1.00000
p_falls_with_c,1961,1.18219,1.19868,1.00000
p_falls_with_c,1962,1.81455,1.06761,1.06601
p_falls_with_c,1963,1.88906,1.23714,1.18331
p_falls_with_c,1964,6.99979,1.00900,1.00000
p_falls_with_c,1965,1.82569,1.07583,1.00000
p_falls_with_c,1966,2.23112,1.00956,1.00956
p_falls_with_c,1967,1.30418,1.03712,1.00000
p_falls_with_c,1968,1.68907,1.06623,1.06623
p_falls_with_c,1969,2.05604,1.00005,1.00005
p_falls_with_c,1970,1.13238,1.13238,1.13238
p_falls_with_c,1971,2.09005,1.75861,1.00493
p_falls_with_c,1972,1.87203,1.15633,1.00728
p_falls_with_c,1973,2.61755,1.01334,1.01334
p_falls_with_c,1974,1.39861,1.00000,1.00000
p_falls_with_c,1975,1.29913,1.01910,1.00441
p_falls_with_c,1976,1.11668,1.22932,1.00000
p_falls_with_c,1977,1.78795,1.01657,1.01657
p_falls_with_c,1978,1.63340,1.02756,1.02756
p_falls_with_c,1979,2.55927,1.03826,1.03826
p_falls_with_c,1980,1.91609,1.05282,1.05282
p_falls_with_c,1981,3.12077,1.09613,1.01038
p_falls_with_c,1982,1.24368,1.17645,1.00201
p_falls_with_c,1983,3.11304,1.00000,1.00000
p_falls_with_c,1984,3.75801,1.83919,1.05968
p_falls_with_c,1985,1.82758,1.04331,1.04331
p_falls_with_c,1986,2.00471,1.10021,1.10021
p_falls_with_c,1987,1.23242,1.27992,1.23242
p_falls_with_c,1988,1.65967,1.15675,1.01456
p_falls_with_c,1989,1.48733,1.33096,1.02197
p_falls_with_c,1990,1.50790,1.21646,1.00000
p_falls_with_c,1991,1.94200,1.40775,1.00000
p_falls_with_c,1992,1.97380,1.29783,1.00000
p_falls_with_c,1993,1.18172,1.93363,1.00000
p_falls_with_c,1994,3.81967,1.05300,1.01428
p_falls_with_c,1995,3.46438,1.00000,1.00000
p_falls_with_c,1996,3.30955,1.00498,1.00498
p_falls_with_c,1997,1.32307,1.00000,1.00000
p_falls_with_c,1998,1.52369,1.00000,1.00000
p_falls_with_c,1999,1.93963,1.09211,1.09211
p_falls_with_c,2000,1.10421,1.10157,1.00000
p_falls_with_c,2001,2.47897,1.00000,1.00000
p_falls_with_c,2002,1.20920,1.29463,1.13287
p_falls_with_c,2003,1.30546,1.00000,1.00000
p_falls_with_c,2004,2.06752,1.24045,1.18728
p_falls_with_c,2005,2.67011,1.02646,1.02646
p_falls_with_c,2006,1.44938,1.07986,1.07986
p_falls_with_c,2007,2.11031,1.31697,1.00000
p_falls_with_c,2008,2.30414,1.00000,1.00000
p_falls_with_c,2009,2.59238,1.06681,1.00000
p_falls_with_c,2010,3.87629,1.03332,1.00000
p_falls_with_c,2011,1.49733,1.22245,1.00000
p_falls_with_c,2012,1.41603,1.06336,1.06336
p_falls_with_c,2013,1.76330,1.01729,1.01729
p_falls_with_c,2014,1.53048,1.11118,1.00000
p_falls_with_c,2015,1.45244,1.07717,1.00266
p_falls_with_c,2016,2.29478,1.00096,1.00096
p_falls_with_c,2017,1.50966,1.19092,1.00323
p_falls_with_c,2018,2.27319,1.04734,1.04130
p_falls_with_c,2019,1.59922,1.21806,1.20524
p_falls_with_c,2020,1.44390,1.33630,1.00000
p_falls_with_c,2021,1.47753,1.00027,1.00027
p_falls_with_c,2022,1.68395,1.07494,1.00082
p_falls_with_c,2023,1.00000,1.00000,1.00000
p_falls_with_c,2024,1.19049,2.00448,1.00000
p_falls_with_c,2025,1.46564,1.18533,1.04831
p_falls_with_c,2026,3.13338,1.00000,1.00000
p_falls_with_c,2027,1.35680,1.09896,1.09896
p_falls_with_c,2028,2.33211,1.67289,1.00000
p_falls_with_c,2029,2.03852,1.00204,1.00204
p_falls_with_c,2030,3.23538,1.07612,1.07612
p_falls_with_c,2031,1.42428,1.03884,1.03884
p_falls_with_c,2032,1.71098,1.00000,1.00000
p_falls_with_c,2033,3.71388,1.00019,1.00019
p_falls_with_c,2034,1.07314,1.23082,1.00010
p_falls_with_c,2035,1.58861,1.00000,1.00000
p_falls_with_c,2036,1.44907,1.08536,1.00508
p_falls_with_c,2037,1.29003,2.06860,1.00065
p_falls_with_c,2038,4.06051,1.07264,1.01338
p_falls_with_c,2039,1.62532,1.19513,1.00000
p_falls_with_c,2040,2.65550,1.13264,1.00886
p_falls_with_c,2041,1.44200,1.00726,1.00726
p_falls_with_c,2042,2.08052,1.00005,1.00005
p_falls_with_c,2043,1.91432,1.00000,1.00000
p_falls_with_c,2044,1.85797,1.01363,1.01363
p_falls_with_c,2045,1.57815,1.04593,1.00000
p_falls_with_c,2046,2.82309,1.01539,1.01539
p_falls_with_c,2047,1.40726,1.00000,1.00000
p_falls_with_c,2048,4.45076,1.00000,1.00000
p_falls_with_c,2049,2.57214,1.03917,1.03917
p_falls_with_c,2050,1.80109,1.00000,1.00000
p_falls_with_c,2051,2.00459,1.01611,1.00000
p_falls_with_c,2052,4.29664,1.26194,1.20647
p_falls_with_c,2053,1.05475,1.61421,1.05475
p_falls_with_c,2054,1.20882,1.03697,1.03697
p_falls_with_c,2055,1.43423,1.07516,1.04076
p_falls_with_c,2056,1.37561,1.00000,1.00000
p_falls_with_c,2057,2.09444,1.18221,1.01332
p_falls_with_c,2058,4.07833,1.82230,1.10314
p_falls_with_c,2059,1.69204,1.13381,1.00000
p_falls_with_c,2060,2.23089,1.14155,1.14155
p_falls_with_c,2061,3.15057,1.60030,1.17011
p_falls_with_c,2062,1.16356,1.06805,1.06805
p_falls_with_c,2063,2.45878,1.08200,1.08200
p_falls_with_c,2064,1.37295,1.02340,1.02340
p_falls_with_c,2065,2.44800,1.00000,1.00000
p_falls_with_c,2066,1.56525,1.15025,1.00000
p_falls_with_c,2067,1.77902,1.04644,1.01384
p_falls_with_c,2068,1.00605,1.00605,1.00605
p_falls_with_c,2069,2.26267,1.09375,1.00000
p_falls_with_c,2070,1.13344,1.13344,1.13344
p_falls_with_c,2071,1.00000,1.00000,1.00000
p_falls_with_c,2072,2.95492,1.00103,1.00103
p_falls_with_c,2073,1.55736,1.00000,1.00000
p_falls_with_c,2074,1.20354,1.14338,1.13046
p_falls_with_c,2075,1.63794,1.19988,1.00000
p_falls_with_c,2076,2.08631,1.09007,1.09007
p_falls_with_c,2077,2.00213,1.14080,1.00267
p_falls_with_c,2078,1.73327,1.18479,1.00015
p_falls_with_c,2079,1.82959,1.35766,1.11191
p_falls_with_c,2080,1.36154,1.32095,1.00000
p_falls_with_c,2081,1.43015,1.22005,1.04417
p_falls_with_c,2082,1.28712,1.18777,1.02154
p_falls_with_c,2083,1.35374,1.00000,1.00000
p_falls_with_c,2084,1.94514,1.15017,1.00658
p_falls_with_c,2085,1.80207,1.09068,1.09068
p_falls_with_c,2086,4.88334,1.00851,1.00000
p_falls_with_c,2087,1.62609,1.01326,1.01326
p_falls_with_c,2088,2.67763,1.40926,1.00000
p_falls_with_c,2089,1.39804,1.00281,1.00281
p_falls_with_c,2090,1.18430,1.18430,1.00000
p_falls_with_c,2091,1.68942,1.14222,1.01190
p_falls_with_c,2092,1.37171,1.32828,1.00096
p_falls_with_c,2093,2.82442,1.00013,1.00013
p_falls_with_c,2094,5.31036,1.00699,1.00699
p_falls_with_c,2095,2.70008,1.00383,1.00383
p_falls_with_c,2096,2.55386,1.00098,1.00098
p_falls_with_c,2097,1.62298,1.25233,1.08725
p_falls_with_c,2098,2.60903,1.06308,1.06308
p_falls_with_c,2099,2.44015,1.00197,1.00197
p_falls_with_c,2100,1.27364,1.08953,1.06588
p_falls_with_c,2101,1.48872,1.36095,1.00000
p_falls_with_c,2102,2.52544,1.23353,1.00000
p_falls_with_c,2103,1.27156,1.27156,1.03264
p_falls_with_c,2104,1.77773,1.01878,1.01878
p_falls_with_c,2105,1.53536,1.05925,1.00000
p_falls_with_c,2106,1.64887,1.41794,1.04278
p_falls_with_c,2107,1.87798,1.07798,1.00000
p_falls_with_c,2108,1.94215,1.30936,1.12896
p_falls_with_c,2109,1.29119,1.00000,1.00000
p_falls_with_c,2110,1.49350,1.00000,1.00000
p_falls_with_c,2111,4.08264,1.00000,1.00000
p_falls_with_c,2112,1.70722,1.12302,1.00000
p_falls_with_c,2113,1.50876,1.18212,1.02489
p_falls_with_c,2114,2.88491,1.00000,1.00000
p_falls_with_c,2115,1.28074,1.34176,1.00757
p_falls_with_c,2116,1.00000,1.72401,1.00000
p_falls_with_c,2117,2.18863,1.37883,1.02239
p_falls_with_c,2118,1.10856,1.92668,1.05405
p_falls_with_c,2119,1.25750,1.25750,1.00000
p_falls_with_c,2120,1.11979,1.40446,1.00611
p_falls_with_c,2121,3.40141,1.06037,1.00000
p_falls_with_c,2122,1.67358,1.00321,1.00321
p_falls_with_c,2123,1.99326,1.25391,1.00000
p_falls_with_c,2124,2.39554,1.00000,1.00000
p_falls_with_c,2125,1.91845,1.11579,1.00000
p_falls_with_c,2126,2.06861,1.13693,1.13693
p_falls_with_c,2127,1.76204,1.26234,1.11643
p_falls_with_c,2128,3.02394,1.01494,1.01494
p_falls_with_c,2129,2.39760,1.00475,1.00000
p_falls_with_c,2130,1.24809,1.26427,1.00816
p_falls_with_c,2131,1.43087,1.35622,1.01606
p_falls_with_c,2132,2.08861,1.15714,1.15714
p_falls_with_c,2133,3.94652,1.07668,1.00000
p_falls_with_c,2134,3.76576,1.00200,1.00000
p_falls_with_c,2135,1.58913,1.16444,1.16444
p_falls_with_c,2136,3.61573,1.41621,1.00807
p_falls_with_c,2137,3.12715,1.00396,1.00396
p_falls_with_c,2138,1.94418,1.17960,1.02170
p_falls_with_c,2139,1.20489,1.14134,1.08608
p_falls_with_c,2140,3.17965,2.19708,1.14511
p_falls_with_c,2141,1.06941,1.06941,1.06941
p_falls_with_c,2142,1.11799,1.11799,1.01291
p_falls_with_c,2143,1.04329,1.04329,1.04329
p_falls_with_c,2144,1.13580,1.20061,1.05204
p_falls_with_c,2145,2.62847,1.00000,1.00000
p_falls_with_c,2146,1.72391,1.00000,1.00000
p_falls_with_c,2147,2.29098,1.00000,1.00000
p_falls_with_c,2148,3.41555,1.62799,1.00000
p_falls_with_c,2149,1.42306,1.17363,1.06254
p_falls_with_c,2150,1.60748,1.00508,1.00508
p_falls_with_c,2151,2.77321,1.00000,1.00000
p_falls_with_c,2152,1.50037,1.15410,1.00000
p_falls_with_c,2153,1.85254,1.03014,1.03014
p_falls_with_c,2154,2.00022,1.22729,1.00000
p_falls_with_c,2155,1.79729,1.03708,1.00386
p_falls_with_c,2156,2.28425,1.63024,1.09797
p_falls_with_c,2157,1.52928,1.14965,1.14594
p_falls_with_c,2158,2.84878,1.37599,1.05486
p_falls_with_c,2159,3.10552,1.61534,1.00000
p_falls_with_c,2160,1.84760,1.14615,1.00358
p_falls_with_c,2161,1.04602,1.06939,1.04602
p_falls_with_c,2162,2.42737,1.16491,1.03236
p_falls_with_c,2163,1.00000,1.00000,1.00000
p_falls_with_c,2164,1.88571,1.23651,1.01963
p_falls_with_c,2165,1.70436,1.11507,1.10719
p_falls_with_c,2166,1.37044,1.00000,1.00000
p_falls_with_c,2167,2.04465,1.69608,1.00000
p_falls_with_c,2168,1.54194,1.18447,1.01015
p_falls_with_c,2169,2.41059,1.00000,1.00000
p_falls_with_c,2170,2.12190,1.07215,1.07215
p_falls_with_c,2171,2.27819,1.12885,1.12885
p_falls_with_c,2172,1.89096,1.06508,1.00705
p_falls_with_c,2173,3.63254,1.47475,1.00000
p_falls_with_c,2174,1.50278,1.07958,1.06545
p_falls_with_c,2175,2.12687,1.30622,1.00660
p_falls_with_c,2176,1.85332,1.00000,1.00000
p_falls_with_c,2177,1.70141,1.00000,1.00000
p_falls_with_c,2178,3.13333,1.13308,1.00000
p_falls_with_c,2179,2.09982,1.00000,1.00000
p_falls_with_c,2180,2.37725,1.14671,1.00000
p_falls_with_c,2181,1.88923,1.60600,1.00000
p_falls_with_c,2182,2.20075,1.06706,1.00549
p_falls_with_c,2183,2.11922,1.00000,1.00000
p_falls_with_c,2184,1.09609,1.44297,1.00000
p_falls_with_c,2185,2.17009,1.00000,1.00000
p_falls_with_c,2186,1.51650,1.15202,1.00996
p_falls_with_c,2187,1.77176,1.20534,1.04580
p_falls_with_c,2188,2.33875,1.10899,1.10899
p_falls_with_c,2189,1.76543,1.24616,1.00000
p_falls_with_c,2190,1.46748,1.15932,1.00000
p_falls_with_c,2191,2.24516,1.24714,1.24714
p_falls_with_c,2192,4.47850,1.05604,1.00000
p_falls_with_c,2193,2.69656,1.29589,1.04997
p_falls_with_c,2194,2.75925,1.00000,1.00000
p_falls_with_c,2195,1.94270,1.00137,1.00137
p_falls_with_c,2196,2.56660,1.00000,1.00000
p_falls_with_c,2197,2.00102,1.00000,1.00000
p_falls_with_c,2198,1.62310,1.00437,1.00437
p_falls_with_c,2199,1.00674,1.00674,1.00674
p_falls_with_c,2200,2.45862,1.00692,1.00692
p_falls_with_c,2201,1.97899,1.10281,1.10281
p_falls_with_c,2202,2.25079,1.29270,1.04089
p_falls_with_c,2203,2.65754,1.02912,1.02912
p_falls_with_c,2204,3.15525,1.51666,1.00000
p_falls_with_c,2205,1.34081,1.07393,1.00000
p_falls_with_c,2206,2.07242,1.29634,1.00000
p_falls_with_c,2207,1.39181,1.22383,1.06786
p_falls_with_c,2208,1.46433,1.19346,1.09960
p_falls_with_c,2209,1.73077,1.00013,1.00013
p_falls_with_c,2210,1.78839,1.00188,1.00188
p_falls_with_c,2211,1.01640,1.01640,1.01640
p_falls_with_c,2212,3.67364,1.15349,1.15349
p_falls_with_c,2213,2.43237,1.08590,1.01004
p_falls_with_c,2214,1.20387,1.00000,1.00000
p_falls_with_c,2215,1.73422,1.10479,1.10479
p_falls_with_c,2216,1.44704,1.00000,1.00000
p_falls_with_c,2217,1.64965,1.06168,1.06168
p_falls_with_c,2218,2.11781,1.15097,1.00696
p_falls_with_c,2219,2.16796,1.02317,1.02317
p_falls_with_c,2220,1.70990,1.15843,1.01860
p_falls_with_c,2221,2.21718,1.37928,1.09357
p_falls_with_c,2222,2.56089,1.29142,1.00000
p_falls_with_c,2223,3.46808,1.00000,1.00000
p_falls_with_c,2224,1.21662,1.21662,1.04248
p_falls_with_c,2225,1.71198,1.06514,1.06514
p_falls_with_c,2226,1.64481,1.34752,1.12470
p_falls_with_c,2227,1.10731,1.18347,1.00000
p_falls_with_c,2228,4.71064,1.03964,1.03964
p_falls_with_c,2229,1.78699,1.32160,1.04625
p_falls_with_c,2230,1.65148,1.03111,1.03111
p_falls_with_c,2231,1.24625,1.65721,1.00000
p_falls_with_c,2232,1.40818,1.17921,1.00000
p_falls_with_c,2233,1.41165,1.29285,1.00000
p_falls_with_c,2234,1.00963,1.55106,1.00963
p_falls_with_c,2235,1.86320,1.15626,1.12196
p_falls_with_c,2236,2.27359,1.18335,1.00000
p_falls_with_c,2237,1.63763,1.01381,1.01381
p_falls_with_c,2238,2.94958,1.10850,1.00000
p_falls_with_c,2239,1.01929,1.01929,1.01929
p_falls_with_c,2240,1.28000,1.03209,1.02707
p_falls_with_c,2241,4.05629,1.00000,1.00000
p_falls_with_c,2242,3.85001,1.01501,1.00500
p_falls_with_c,2243,2.63040,1.04731,1.00000
p_falls_with_c,2244,2.06144,1.00000,1.00000
p_falls_with_c,2245,1.50478,1.12847,1.00000
p_falls_with_c,2246,2.12434,1.15218,1.00848
p_falls_with_c,2247,2.70170,1.00419,1.00419
p_falls_with_c,2248,1.28778,1.04383,1.00000
p_falls_with_c,2249,1.35194,1.08895,1.00000
p_falls_with_c,2250,3.35164,1.00000,1.00000
p_falls_with_c,2251,1.48083,1.74222,1.00000
p_falls_with_c,2252,1.65875,1.22478,1.00000
p_falls_with_c,2253,1.24857,1.03521,1.00731
p_falls_with_c,2254,1.12246,1.30156,1.06081
p_falls_with_c,2255,1.50493,1.00667,1.00667
p_falls_with_c,2256,2.01495,1.00504,1.00504
p_falls_with_c,2257,3.34538,1.18144,1.04766
p_falls_with_c,2258,1.71805,1.22527,1.00035
p_falls_with_c,2259,1.54405,1.10426,1.01364
p_falls_with_c,2260,2.24292,1.27618,1.00000
p_falls_with_c,2261,2.59769,1.00000,1.00000
p_falls_with_c,2262,1.15310,1.24448,1.15310
p_falls_with_c,2263,2.22506,1.05332,1.05332
p_falls_with_c,2264,1.21627,1.00262,1.00262
p_falls_with_c,2265,3.87187,1.53076,1.00000
p_falls_with_c,2266,2.25722,1.15690,1.01131
p_falls_with_c,2267,1.10755,1.31361,1.06675
p_falls_with_c,2268,2.08335,1.02639,1.02639
p_falls_with_c,2269,1.60139,1.09364,1.05610
p_falls_with_c,2270,2.03049,1.16134,1.14336
p_falls_with_c,2271,1.97946,1.03767,1.03767
p_falls_with_c,2272,1.26804,1.00004,1.00004
p_falls_with_c,2273,1.90762,1.00000,1.00000
p_falls_with_c,2274,2.23071,1.00383,1.00383
p_falls_with_c,2275,1.20002,1.01116,1.00000
p_falls_with_c,2276,1.91878,1.00005,1.00005
p_falls_with_c,2277,1.58501,1.16991,1.04890
p_falls_with_c,2278,1.67261,1.19998,1.09197
p_falls_with_c,2279,1.00000,1.76014,1.00000
p_falls_with_c,2280,1.78552,1.14480,1.06724
p_falls_with_c,2281,1.71497,1.24133,1.00000
p_falls_with_c,2282,1.00669,1.34433,1.00669
p_falls_with_c,2283,1.38097,1.02024,1.00000
p_falls_with_c,2284,1.22317,1.08826,1.03291
p_falls_with_c,2285,1.24960,1.19957,1.00000
p_falls_with_c,2286,1.00000,1.48688,1.00000
p_falls_with_c,2287,2.36010,1.00000,1.00000
p_falls_with_c,2288,3.22011,1.07151,1.00000
p_falls_with_c,2289,1.84232,1.10021,1.00157
p_falls_with_c,2290,2.42268,1.08026,1.05974
p_falls_with_c,2291,2.99866,1.24916,1.00000
p_falls_with_c,2292,1.21625,1.12637,1.12637
p_falls_with_c,2293,1.73739,1.09574,1.09574
p_falls_with_c,2294,1.43694,1.12475,1.09144
p_falls_with_c,2295,1.22312,1.00000,1.00000
p_falls_with_c,2296,2.64768,1.05829,1.05829
p_falls_with_c,2297,1.92125,1.41558,1.06798
p_falls_with_c,2298,7.21376,1.02046,1.02046
p_falls_with_c,2299,1.29218,1.14341,1.14341
p_falls_with_c,2300,1.38099,1.17880,1.00000
p_falls_with_c,2301,4.37433,1.12850,1.12850
p_falls_with_c,2302,1.61337,1.14017,1.14017
p_falls_with_c,2303,2.09656,1.00000,1.00000
p_falls_with_c,2304,1.29549,1.07579,1.00222
p_falls_with_c,2305,3.11727,1.42475,1.00013
p_falls_with_c,2306,1.55284,1.00167,1.00000
p_falls_with_c,2307,2.26874,1.00004,1.00004
p_falls_with_c,2308,1.47436,1.00007,1.00007
p_falls_with_c,2309,2.51978,1.05133,1.00000
p_falls_with_c,2310,1.90450,1.00000,1.00000
p_falls_with_c,2311,1.33426,1.00000,1.00000
p_falls_with_c,2312,1.53008,1.12511,1.00556
p_falls_with_c,2313,2.83192,1.23556,1.00486
p_falls_with_c,2314,1.49952,1.11313,1.11313
p_falls_with_c,2315,3.30837,1.02945,1.00000
p_falls_with_c,2316,4.36073,1.00000,1.00000
p_falls_with_c,2317,2.05783,1.15735,1.15735
p_falls_with_c,2318,1.13586,1.16945,1.08686
p_falls_with_c,2319,1.67570,1.15016,1.00000
p_falls_with_c,2320,2.74218,1.00873,1.00873
p_falls_with_c,2321,1.30430,1.15104,1.04619
p_falls_with_c,2322,5.13386,1.01328,1.01328
p_falls_with_c,2323,1.62338,1.26796,1.00000
p_falls_with_c,2324,1.13937,1.11615,1.09809
p_falls_with_c,2325,2.06313,1.05419,1.05419
p_falls_with_c,2326,1.52737,1.40742,1.06711
p_falls_with_c,2327,1.32583,1.13528,1.02039
p_falls_with_c,2328,3.53738,1.00000,1.00000
p_falls_with_c,2329,1.76914,1.08268,1.07858
p_falls_with_c,2330,2.46657,1.11381,1.05177
p_falls_with_c,2331,1.38073,1.05631,1.05631
p_falls_with_c,2332,1.13667,2.67097,1.00842
p_falls_with_c,2333,1.60905,1.27193,1.00000
p_falls_with_c,2334,3.52655,1.01249,1.00000
p_falls_with_c,2335,2.50026,1.10773,1.10773
p_falls_with_c,2336,1.33259,1.14331,1.08769
p_falls_with_c,2337,6.65193,1.00000,1.00000
p_falls_with_c,2338,1.99664,1.00023,1.00023
p_falls_with_c,2339,1.40470,1.02836,1.02836
p_falls_with_c,2340,1.00000,1.51680,1.00000
p_falls_with_c,2341,1.56424,1.14194,1.00558
p_falls_with_c,2342,1.68670,1.07494,1.01385
p_falls_with_c,2343,1.45189,1.16603,1.00000
p_falls_with_c,2344,1.91568,1.24274,1.00000
p_falls_with_c,2345,2.15742,1.77648,1.05966
p_falls_with_c,2346,3.15926,1.03888,1.00000
p_falls_with_c,2347,1.31781,1.23206,1.00000
p_falls_with_c,2348,3.09970,1.00000,1.00000
p_falls_with_c,2349,1.34499,1.13902,1.05977
p_falls_with_c,2350,1.03362,1.24372,1.00246
p_falls_with_c,2351,2.31619,1.05023,1.00379
p_falls_with_c,2352,2.06451,1.27522,1.00005
p_falls_with_c,2353,1.66312,1.07900,1.07900
p_falls_with_c,2354,1.70784,1.00000,1.00000
p_falls_with_c,2355,1.95979,1.00000,1.00000
p_falls_with_c,2356,1.33682,1.00000,1.00000
p_falls_with_c,2357,1.85442,1.03453,1.03453
p_falls_with_c,2358,4.13399,1.05083,1.05083
p_falls_with_c,2359,1.90984,1.04736,1.04736
p_falls_with_c,2360,4.24876,1.00000,1.00000
p_falls_with_c,2361,1.33754,1.33754,1.00000
p_falls_with_c,2362,3.18842,1.01550,1.01550
p_falls_with_c,2363,2.67564,1.00225,1.00000
p_falls_with_c,2364,1.56940,1.11521,1.00084
p_falls_with_c,2365,1.39624,1.13951,1.03812
p_falls_with_c,2366,2.08524,1.07235,1.07235
p_falls_with_c,2367,5.16083,1.06213,1.06213
p_falls_with_c,2368,1.29086,1.00043,1.00043
p_falls_with_c,2369,1.48333,1.15349,1.00202
p_falls_with_c,2370,4.29533,1.00000,1.00000
p_falls_with_c,2371,2.02238,1.02112,1.00507
p_falls_with_c,2372,3.01123,1.00000,1.00000
p_falls_with_c,2373,1.89823,1.05962,1.00003
p_falls_with_c,2374,1.75473,1.32626,1.00454
p_falls_with_c,2375,2.86538,1.00532,1.00532
p_falls_with_c,2376,2.20257,1.51454,1.02995
p_falls_with_c,2377,1.66800,1.10350,1.00000
p_falls_with_c,2378,1.33946,1.22036,1.00000
p_falls_with_c,2379,1.00000,1.22926,1.00000
p_falls_with_c,2380,4.21758,1.00000,1.00000
p_falls_with_c,2381,6.03299,1.02639,1.00000
p_falls_with_c,2382,1.44958,1.15314,1.15147
p_falls_with_c,2383,1.35870,1.00000,1.00000
p_falls_with_c,2384,1.82280,1.44052,1.02625
p_falls_with_c,2385,2.72047,1.11190,1.00000
p_falls_with_c,2386,1.59410,1.29795,1.12241
p_falls_with_c,2387,1.29819,1.02177,1.00244
p_falls_with_c,2388,1.88455,1.00000,1.00000
p_falls_with_c,2389,2.22662,1.09761,1.09761
p_falls_with_c,2390,1.65283,1.63124,1.22676
p_falls_with_c,2391,1.38824,1.00000,1.00000
p_falls_with_c,2392,1.92478,1.01701,1.01701
p_falls_with_c,2393,1.47204,1.02402,1.02402
p_falls_with_c,2394,1.68961,1.07722,1.07722
p_falls_with_c,2395,2.99849,1.00011,1.00011
p_falls_with_c,2396,1.58463,1.13102,1.00219
p_falls_with_c,2397,1.13354,1.61665,1.13354
p_falls_with_c,2398,1.48228,1.01861,1.01861
p_falls_with_c,2399,4.11405,1.48562,1.00246
p_falls_with_c,2400,2.35147,1.00614,1.00614
p_falls_with_c,2401,2.67069,1.02037,1.02037
p_falls_with_c,2402,1.95304,1.51487,1.04314
p_falls_with_c,2403,1.73574,1.00000,1.00000
p_falls_with_c,2404,2.24889,1.00000,1.00000
p_falls_with_c,2405,1.61945,1.00000,1.00000
p_falls_with_c,2406,1.84339,1.04090,1.04090
p_falls_with_c,2407,1.00000,1.00000,1.00000
p_falls_with_c,2408,1.43345,1.62080,1.00000
p_falls_with_c,2409,1.63563,1.13842,1.06096
p_falls_with_c,2410,2.17119,1.00000,1.00000
p_falls_with_c,2411,1.55416,1.05535,1.05535
p_falls_with_c,2412,3.47917,1.36295,1.00000
p_falls_with_c,2413,1.16781,1.16781,1.16781
p_falls_with_c,2414,1.41564,1.17389,1.02445
p_falls_with_c,2415,1.94930,1.55707,1.00000
p_falls_with_c,2416,5.34853,1.00516,1.00516
p_falls_with_c,2417,1.24814,1.00000,1.00000
p_falls_with_c,2418,1.82724,1.09917,1.09917
p_falls_with_c,2419,2.19094,1.60109,1.03406
p_falls_with_c,2420,2.61852,1.00000,1.00000
p_falls_with_c,2421,1.14665,1.26421,1.14665
p_falls_with_c,2422,5.67634,1.02993,1.00000
p_falls_with_c,2423,1.61719,1.09066,1.06148
p_falls_with_c,2424,1.22640,1.00463,1.00463
p_falls_with_c,2425,1.07102,1.07102,1.07102
p_falls_with_c,2426,1.78105,1.04961,1.04961
p_falls_with_c,2427,1.46506,1.01103,1.01101
p_falls_with_c,2428,1.54200,1.00000,1.00000
p_falls_with_c,2429,1.29082,1.07636,1.00000
p_falls_with_c,2430,2.49209,1.00000,1.00000
p_falls_with_c,2431,1.97717,1.00000,1.00000
p_falls_with_c,2432,4.63587,1.00742,1.00000
p_falls_with_c,2433,1.56704,1.00715,1.00715
p_falls_with_c,2434,1.43754,1.13089,1.01888
p_falls_with_c,2435,2.90257,1.02993,1.00000
p_falls_with_c,2436,2.57979,1.00000,1.00000
p_falls_with_c,2437,1.21897,1.08581,1.00000
p_falls_with_c,2438,2.01804,1.00000,1.00000
p_falls_with_c,2439,1.11763,1.00000,1.00000
p_falls_with_c,2440,1.09120,1.08402,1.08402
p_falls_with_c,2441,1.69547,1.50352,1.12939
p_falls_with_c,2442,2.12028,1.06830,1.00000
p_falls_with_c,2443,1.00017,1.31670,1.00017
p_falls_with_c,2444,1.00000,1.00000,1.00000
p_falls_with_c,2445,4.22777,1.00434,1.00434
p_falls_with_c,2446,2.36549,1.12924,1.12924
p_falls_with_c,2447,1.65442,1.11937,1.00000
p_falls_with_c,2448,1.49565,1.17735,1.00000
p_falls_with_c,2449,1.22794,1.06561,1.06561
p_falls_with_c,2450,2.04681,1.17316,1.00301
p_falls_with_c,2451,1.64451,1.18113,1.04037
p_falls_with_c,2452,1.36476,1.04022,1.04022
p_falls_with_c,2453,1.27714,1.05205,1.05205
p_falls_with_c,2454,1.86901,1.09024,1.09024
p_falls_with_c,2455,3.04903,1.00000,1.00000
p_falls_with_c,2456,5.50573,1.01262,1.01262
p_falls_with_c,2457,1.14775,1.07477,1.04580
p_falls_with_c,2458,1.19275,1.25755,1.02484
p_falls_with_c,2459,1.45495,1.20387,1.07354
p_falls_with_c,2460,1.36111,1.16044,1.00000
p_falls_with_c,2461,1.29381,1.05218,1.05218
p_falls_with_c,2462,1.10741,1.36736,1.10741
p_falls_with_c,2463,1.42681,1.03016,1.00558
p_falls_with_c,2464,2.44693,1.39502,1.00000
p_falls_with_c,2465,2.35069,1.09921,1.09921
p_falls_with_c,2466,2.84289,1.05816,1.05816
p_falls_with_c,2467,1.44540,1.14403,1.13156
p_falls_with_c,2468,8.23623,1.01527,1.00000
p_falls_with_c,2469,1.09288,1.09288,1.04813
p_falls_with_c,2470,1.24558,1.01021,1.01021
p_falls_with_c,2471,2.30991,1.34844,1.02152
p_falls_with_c,2472,2.00734,1.00000,1.00000
p_falls_with_c,2473,1.34824,1.28596,1.05217
p_falls_with_c,2474,3.49413,1.04042,1.00000
p_falls_with_c,2475,2.90675,1.48716,1.02377
p_falls_with_c,2476,1.60742,1.10061,1.09049
p_falls_with_c,2477,1.51589,1.22124,1.00000
p_falls_with_c,2478,1.26585,1.01465,1.01465
p_falls_with_c,2479,2.01150,1.21028,1.00471
p_falls_with_c,2480,1.24233,1.14836,1.00000
p_falls_with_c,2481,1.56980,1.30595,1.00065
p_falls_with_c,2482,2.44044,1.00000,1.00000
p_falls_with_c,2483,2.36074,1.11254,1.00000
p_falls_with_c,2484,2.73772,1.19743,1.00000
p_falls_with_c,2485,1.08686,1.16526,1.08686
p_falls_with_c,2486,5.50983,1.00663,1.00663
p_falls_with_c,2487,2.18372,1.00022,1.00022
p_falls_with_c,2488,3.15130,1.02091,1.00000
p_falls_with_c,2489,1.65621,1.45570,1.00000
p_falls_with_c,2490,1.44600,1.06403,1.06403
p_falls_with_c,2491,2.20018,1.07050,1.07050
p_falls_with_c,2492,1.49313,1.23488,1.04748
p_falls_with_c,2493,6.22933,1.00000,1.00000
p_falls_with_c,2494,2.36019,1.01141,1.01141
p_falls_with_c,2495,1.25335,1.27068,1.00776
p_falls_with_c,2496,1.32381,1.00739,1.00000
p_falls_with_c,2497,1.66810,1.21562,1.00000
p_falls_with_c,2498,3.13398,1.00000,1.00000
p_falls_with_c,2499,1.00494,1.00494,1.00494
p_falls_with_c,2500,1.83162,1.41293,1.00000
p_falls_with_c,2501,1.97099,1.10804,1.10804
p_falls_with_c,2502,2.27779,1.15215,1.00126
p_falls_with_c,2503,1.69900,1.00000,1.00000
p_falls_with_c,2504,7.65163,1.02497,1.00000
p_falls_with_c,2505,1.74442,1.07667,1.00000
p_falls_with_c,2506,2.49567,1.09427,1.00000
p_falls_with_c,2507,3.08417,1.23393,1.10875
p_falls_with_c,2508,1.68892,1.20919,1.02738
p_falls_with_c,2509,2.25828,1.05507,1.05507
p_falls_with_c,2510,1.39212,1.11098,1.00696
p_falls_with_c,2511,1.12948,1.17484,1.01308
p_falls_with_c,2512,1.32969,1.19716,1.00000
p_falls_with_c,2513,3.47903,1.01472,1.01472
p_falls_with_c,2514,1.36421,1.17191,1.03836
p_falls_with_c,2515,1.12778,1.38487,1.09817
p_falls_with_c,2516,1.91967,1.00168,1.00168
p_falls_with_c,2517,3.29696,1.06497,1.06497
p_falls_with_c,2518,1.77374,1.32240,1.12961
p_falls_with_c,2519,1.56795,1.11391,1.02151
p_falls_with_c,2520,1.55026,1.12779,1.00000
p_falls_with_c,2521,1.51262,1.03873,1.03873
p_falls_with_c,2522,2.54472,1.01042,1.01042
p_falls_with_c,2523,2.05469,1.08699,1.03115
p_falls_with_c,2524,1.79083,1.31110,1.00000
p_falls_with_c,2525,1.00000,1.00000,1.00000
p_falls_with_c,2526,2.08894,1.09992,1.00000
p_falls_with_c,2527,1.94351,1.16427,1.09929
p_falls_with_c,2528,2.30172,1.05290,1.00000
p_falls_with_c,2529,2.56132,1.00000,1.00000
p_falls_with_c,2530,1.30746,1.04780,1.01038
p_falls_with_c,2531,1.32786,1.00940,1.00940
p_falls_with_c,2532,1.19800,1.62221,1.00000
p_falls_with_c,2533,1.23075,1.16933,1.05635
p_falls_with_c,2534,3.55209,1.08181,1.00000
p_falls_with_c,2535,2.49095,1.04349,1.04349
p_falls_with_c,2536,2.27278,1.08245,1.00000
p_falls_with_c,2537,2.34263,1.03048,1.03048
p_falls_with_c,2538,1.55698,1.04551,1.04551
p_falls_with_c,2539,1.47716,1.09588,1.02635
p_falls_with_c,2540,1.42174,1.09196,1.09196
p_falls_with_c,2541,1.26529,1.00969,1.00969
p_falls_with_c,2542,1.81869,1.16967,1.01352
p_falls_with_c,2543,2.06122,1.00651,1.00651
p_falls_with_c,2544,1.36857,1.12757,1.00000
p_falls_with_c,2545,1.71837,1.09803,1.09803
p_falls_with_c,2546,1.75315,1.00000,1.00000
p_falls_with_c,2547,1.00345,1.00345,1.00345
p_falls_with_c,2548,1.00000,1.00000,1.00000
p_falls_with_c,2549,2.89464,1.08568,1.00000
p_falls_with_c,2550,1.22595,1.00287,1.00287
p_falls_with_c,2551,1.71684,1.00170,1.00170
p_falls_with_c,2552,2.28553,1.00022,1.00022
p_falls_with_c,2553,3.15791,1.63333,1.00418
p_falls_with_c,2554,1.91401,1.00000,1.00000
p_falls_with_c,2555,1.53211,1.00000,1.00000
p_falls_with_c,2556,4.47843,1.17574,1.00000
p_falls_with_c,2557,2.15444,1.01144,1.01144
p_falls_with_c,2558,2.16461,1.06588,1.05302
p_falls_with_c,2559,1.98488,1.12081,1.08221
p_falls_with_c,2560,1.32108,1.00339,1.00339
p_falls_with_c,2561,1.64649,1.02444,1.02444
p_falls_with_c,2562,2.59982,1.00000,1.00000
p_falls_with_c,2563,1.58523,1.19728,1.09403
p_falls_with_c,2564,1.52696,1.32728,1.04570
p_falls_with_c,2565,3.00927,1.00000,1.00000
p_falls_with_c,2566,3.09128,1.00000,1.00000
p_falls_with_c,2567,1.01846,1.28459,1.00000
p_falls_with_c,2568,1.78184,1.06080,1.00000
p_falls_with_c,2569,1.74974,1.00617,1.00617
p_falls_with_c,2570,3.40473,1.00000,1.00000
p_falls_with_c,2571,1.76501,1.05692,1.01571
p_falls_with_c,2572,2.68721,1.00000,1.00000
p_falls_with_c,2573,2.25425,1.11379,1.04375
p_falls_with_c,2574,1.63619,1.08679,1.07261
p_falls_with_c,2575,1.65559,1.17229,1.00000
p_falls_with_c,2576,1.97486,1.05311,1.05311
p_falls_with_c,2577,1.92418,1.00050,1.00050
p_falls_with_c,2578,8.03977,1.00200,1.00000
p_falls_with_c,2579,1.00000,1.00000,1.00000
p_falls_with_c,2580,1.35125,1.01521,1.00000
p_falls_with_c,2581,2.36004,1.01437,1.01437
p_falls_with_c,2582,1.30813,1.09980,1.04409
p_falls_with_c,2583,1.62813,1.64097,1.10774
p_falls_with_c,2584,1.23601,1.16480,1.00003
p_falls_with_c,2585,2.91563,1.00134,1.00134
p_falls_with_c,2586,1.48241,1.31578,1.09015
p_falls_with_c,2587,1.15217,1.00000,1.00000
p_falls_with_c,2588,3.65320,1.00692,1.00692
p_falls_with_c,2589,1.61991,1.01356,1.01356
p_falls_with_c,2590,1.01053,1.05689,1.01053
p_falls_with_c,2591,2.85558,1.07573,1.07573
p_falls_with_c,2592,3.26583,1.01627,1.00000
p_falls_with_c,2593,1.59953,1.00720,1.00720
p_falls_with_c,2594,1.42320,1.15102,1.00250
p_falls_with_c,2595,2.21037,1.23251,1.04399
p_falls_with_c,2596,1.73056,1.13120,1.00393
p_falls_with_c,2597,1.73535,1.00004,1.00004
p_falls_with_c,2598,3.08292,1.00000,1.00000
p_falls_with_c,2599,2.01517,1.08216,1.08142
p_falls_with_c,2600,1.71747,1.00000,1.00000
p_falls_with_c,2601,1.07214,1.07494,1.05423
p_falls_with_c,2602,1.55371,1.16436,1.11106
p_falls_with_c,2603,1.68209,1.22541,1.04795
p_falls_with_c,2604,4.06802,1.30942,1.01461
p_falls_with_c,2605,2.57216,1.00698,1.00698
p_falls_with_c,2606,4.37946,1.17649,1.00106
p_falls_with_c,2607,1.32502,1.17210,1.00873
p_falls_with_c,2608,2.24614,1.25620,1.09600
p_falls_with_c,2609,1.74165,1.18627,1.01498
p_falls_with_c,2610,1.79877,1.00029,1.00029
p_falls_with_c,2611,2.93067,1.00000,1.00000
p_falls_with_c,2612,1.57852,1.23484,1.00000
p_falls_with_c,2613,4.02125,1.01764,1.01764
p_falls_with_c,2614,1.71307,1.61607,1.00043
p_falls_with_c,2615,1.94153,1.23066,1.00000
p_falls_with_c,2616,3.08954,1.18972,1.04179
p_falls_with_c,2617,2.42211,1.91032,1.00000
p_falls_with_c,2618,1.17602,1.10009,1.10009
p_falls_with_c,2619,1.46937,1.16514,1.00780
p_falls_with_c,2620,1.20115,1.07884,1.07884
p_falls_with_c,2621,1.78482,1.28109,1.00000
p_falls_with_c,2622,1.34029,1.11532,1.03231
p_falls_with_c,2623,2.26080,1.16876,1.16876
p_falls_with_c,2624,1.92489,1.00000,1.00000
p_falls_with_c,2625,1.87252,1.00000,1.00000
p_falls_with_c,2626,1.19593,1.79539,1.19593
p_falls_with_c,2627,1.57188,1.19772,1.00000
p_falls_with_c,2628,1.25873,1.11781,1.11781
p_falls_with_c,2629,3.20073,1.00000,1.00000
p_falls_with_c,2630,1.44758,1.04698,1.00000
p_falls_with_c,2631,1.88590,1.34226,1.00000
p_falls_with_c,2632,2.73404,1.00000,1.00000
p_falls_with_c,2633,1.40253,1.03776,1.00000
p_falls_with_c,2634,1.11114,1.07625,1.00000
p_falls_with_c,2635,1.24441,1.12647,1.11444
p_falls_with_c,2636,1.90182,1.19105,1.03570
p_falls_with_c,2637,1.79312,1.15254,1.02733
p_falls_with_c,2638,1.46362,1.01007,1.00278
p_falls_with_c,2639,1.78241,1.19004,1.00000
p_falls_with_c,2640,1.98597,1.00000,1.00000
p_falls_with_c,2641,1.17638,1.00903,1.00903
p_falls_with_c,2642,1.49368,1.00371,1.00371
p_falls_with_c,2643,2.37685,1.00000,1.00000
p_falls_with_c,2644,1.72510,1.09089,1.00151
p_falls_with_c,2645,1.23805,1.00000,1.00000
p_falls_with_c,2646,1.40433,1.02544,1.02544
p_falls_with_c,2647,2.35250,1.06141,1.00000
p_falls_with_c,2648,1.13363,1.09730,1.09730
p_falls_with_c,2649,1.17542,1.11109,1.11109
p_falls_with_c,2650,1.59104,1.03892,1.02396
p_falls_with_c,2651,2.42664,1.00053,1.00053
p_falls_with_c,2652,1.88935,1.24740,1.00000
p_falls_with_c,2653,2.61527,1.00000,1.00000
p_falls_with_c,2654,1.48515,1.00000,1.00000
p_falls_with_c,2655,1.98078,1.06552,1.06552
p_falls_with_c,2656,1.87019,1.00000,1.00000
p_falls_with_c,2657,2.97466,1.00000,1.00000
p_falls_with_c,2658,2.59455,1.70507,1.00000
p_falls_with_c,2659,1.01662,1.01662,1.00000
p_falls_with_c,2660,1.42402,1.07571,1.00000
p_falls_with_c,2661,2.12554,1.10461,1.10461
p_falls_with_c,2662,2.12197,1.05285,1.00000
p_falls_with_c,2663,3.74958,1.58547,1.12327
p_falls_with_c,2664,1.39073,1.14591,1.00000
p_falls_with_c,2665,1.67580,1.08500,1.07602
p_falls_with_c,2666,1.61271,1.12435,1.00676
p_falls_with_c,2667,2.12695,1.08405,1.08405
p_falls_with_c,2668,1.27967,1.35720,1.06559
p_falls_with_c,2669,1.68136,1.11227,1.11113
p_falls_with_c,2670,3.83711,1.00000,1.00000
p_falls_with_c,2671,1.52887,1.00000,1.00000
p_falls_with_c,2672,1.99381,1.22572,1.00000
p_falls_with_c,2673,1.83089,1.00801,1.00801
p_falls_with_c,2674,2.01424,1.29523,1.03838
p_falls_with_c,2675,1.53915,1.00000,1.00000
p_falls_with_c,2676,1.00000,1.00000,1.00000
p_falls_with_c,2677,3.44640,1.63943,1.00000
p_falls_with_c,2678,1.47617,1.30631,1.04500
p_falls_with_c,2679,4.68201,1.00956,1.00956
p_falls_with_c,2680,3.29308,1.02017,1.02017
p_falls_with_c,2681,1.59574,1.19901,1.13021
p_falls_with_c,2682,2.06742,1.06183,1.06183
p_falls_with_c,2683,1.74129,1.13236,1.08145
p_falls_with_c,2684,1.78749,1.19898,1.16481
p_falls_with_c,2685,1.81903,1.08911,1.08911
p_falls_with_c,2686,1.80686,1.00003,1.00003
p_falls_with_c,2687,2.55668,1.00511,1.00511
p_falls_with_c,2688,1.13132,1.15399,1.09797
p_falls_with_c,2689,2.83926,1.00292,1.00292
p_falls_with_c,2690,1.35184,1.03781,1.03319
p_falls_with_c,2691,1.31302,1.31302,1.00000
p_falls_with_c,2692,2.81959,1.00557,1.00557
p_falls_with_c,2693,1.17256,1.04918,1.04918
p_falls_with_c,2694,1.75046,1.16210,1.00000
p_falls_with_c,2695,1.29377,1.45863,1.00000
p_falls_with_c,2696,2.18439,1.11957,1.11957
p_falls_with_c,2697,1.76586,1.50786,1.04160
p_falls_with_c,2698,2.43005,1.23267,1.23267
p_falls_with_c,2699,1.25881,1.19265,1.00000
p_falls_with_c,2700,2.43819,1.00000,1.00000
p_falls_with_c,2701,1.60361,1.32608,1.00000
p_falls_with_c,2702,1.58281,1.21726,1.00000
p_falls_with_c,2703,2.74758,1.30742,1.00000
p_falls_with_c,2704,1.48906,1.00023,1.00000
p_falls_with_c,2705,1.93907,1.53944,1.04560
p_falls_with_c,2706,1.49345,1.00307,1.00307
p_falls_with_c,2707,1.26782,1.04572,1.00898
p_falls_with_c,2708,2.03265,1.01500,1.01500
p_falls_with_c,2709,1.65283,1.00498,1.00498
p_falls_with_c,2710,2.86581,1.08765,1.00000
p_falls_with_c,2711,1.94722,1.38860,1.00031
p_falls_with_c,2712,2.22827,1.01696,1.01696
p_falls_with_c,2713,1.09683,1.83371,1.09683
p_falls_with_c,2714,1.77411,1.22537,1.00922
p_falls_with_c,2715,1.62236,1.00000,1.00000
p_falls_with_c,2716,2.61935,1.09938,1.09938
p_falls_with_c,2717,1.99033,1.13196,1.03729
p_falls_with_c,2718,1.86645,1.32839,1.00000
p_falls_with_c,2719,1.42933,1.20771,1.00000
p_falls_with_c,2720,3.35563,1.04564,1.00603
p_falls_with_c,2721,1.92386,1.19376,1.02491
p_falls_with_c,2722,1.91114,1.05827,1.00000
p_falls_with_c,2723,2.33947,1.19376,1.01416
p_falls_with_c,2724,1.94986,1.03168,1.03168
p_falls_with_c,2725,3.49788,1.10013,1.03801
p_falls_with_c,2726,1.01090,1.31046,1.01090
p_falls_with_c,2727,2.81484,1.27207,1.04003
p_falls_with_c,2728,1.49567,1.00000,1.00000
p_falls_with_c,2729,1.73638,1.00000,1.00000
p_falls_with_c,2730,1.47965,1.10195,1.00000
p_falls_with_c,2731,1.15399,1.05871,1.05871
p_falls_with_c,2732,1.44554,1.06915,1.01895
p_falls_with_c,2733,1.00000,1.00000,1.00000
p_falls_with_c,2734,5.03051,1.01755,1.01755
p_falls_with_c,2735,1.00000,1.00000,1.00000
p_falls_with_c,2736,2.26527,1.44091,1.06340
p_falls_with_c,2737,1.72268,1.04672,1.03849
p_falls_with_c,2738,1.83296,1.00040,1.00040
p_falls_with_c,2739,1.37653,1.18206,1.00812
p_falls_with_c,2740,2.52471,1.05874,1.05874
p_falls_with_c,2741,2.24374,1.00096,1.00096
p_falls_with_c,2742,1.44293,1.08217,1.08217
p_falls_with_c,2743,2.46983,1.01206,1.01206
p_falls_with_c,2744,1.00000,1.00000,1.00000
p_falls_with_c,2745,1.44267,1.06714,1.00000
p_falls_with_c,2746,1.61022,1.05004,1.04626
p_falls_with_c,2747,1.36433,1.24853,1.03449
p_falls_with_c,2748,1.28718,1.26825,1.00000
p_falls_with_c,2749,1.28387,1.45756,1.00000
p_falls_with_c,2750,1.45273,1.05967,1.05967
p_falls_with_c,2751,2.22855,1.23461,1.00000
p_falls_with_c,2752,1.68131,1.04471,1.04471
p_falls_with_c,2753,4.25533,1.01812,1.00000
p_falls_with_c,2754,1.22603,1.09054,1.00000
p_falls_with_c,2755,2.64565,1.00332,1.00332
p_falls_with_c,2756,2.38897,1.05947,1.05947
p_falls_with_c,2757,1.10362,1.10362,1.03332
p_falls_with_c,2758,3.42584,1.62170,1.00000
p_falls_with_c,2759,2.30373,1.04004,1.04004
p_falls_with_c,2760,1.53662,1.06368,1.00000
p_falls_with_c,2761,3.18719,2.24996,1.00000
p_falls_with_c,2762,2.52439,1.00000,1.00000
p_falls_with_c,2763,1.95939,1.02765,1.02765
p_falls_with_c,2764,1.92518,1.26126,1.00000
p_falls_with_c,2765,1.83329,1.13132,1.00000
p_falls_with_c,2766,1.26168,1.03821,1.03821
p_falls_with_c,2767,1.39238,1.00847,1.00847
p_falls_with_c,2768,1.91870,1.24261,1.00000
p_falls_with_c,2769,1.75926,1.04557,1.04557
p_falls_with_c,2770,2.39333,1.00041,1.00041
p_falls_with_c,2771,1.24838,1.04496,1.00000
p_falls_with_c,2772,1.00000,1.88253,1.00000
p_falls_with_c,2773,6.15571,1.00000,1.00000
p_falls_with_c,2774,2.49227,1.16807,1.00000
p_falls_with_c,2775,1.34522,1.00000,1.00000
p_falls_with_c,2776,1.17315,1.70038,1.00931
p_falls_with_c,2777,3.36454,1.00000,1.00000
p_falls_with_c,2778,1.37226,1.30186,1.00651
p_falls_with_c,2779,2.40681,1.18424,1.03766
p_falls_with_c,2780,3.17501,1.00837,1.00000
p_falls_with_c,2781,2.13406,1.26320,1.15233
p_falls_with_c,2782,1.89858,1.03748,1.03748
p_falls_with_c,2783,1.73019,1.29719,1.12011
p_falls_with_c,2784,1.00000,1.00000,1.00000
p_falls_with_c,2785,1.00000,1.05218,1.00000
p_falls_with_c,2786,1.26099,1.27034,1.08097
p_falls_with_c,2787,1.23487,1.00262,1.00262
p_falls_with_c,2788,1.71360,1.42119,1.20051
p_falls_with_c,2789,2.55249,1.06306,1.00860
p_falls_with_c,2790,1.22736,1.15383,1.00057
p_falls_with_c,2791,1.21843,1.00808,1.00000
p_falls_with_c,2792,1.18908,1.87191,1.18908
p_falls_with_c,2793,3.90329,1.01652,1.01652
p_falls_with_c,2794,1.25320,1.00765,1.00765
p_falls_with_c,2795,1.46785,1.04758,1.03673
p_falls_with_c,2796,1.43160,1.27720,1.03375
p_falls_with_c,2797,1.44796,1.21733,1.04711
p_falls_with_c,2798,1.10380,1.10623,1.01964
p_falls_with_c,2799,2.34025,1.19557,1.00000
p_falls_with_c,2800,1.00000,1.00000,1.00000
p_falls_with_c,2801,3.43013,1.00000,1.00000
p_falls_with_c,2802,1.79886,1.01763,1.00000
p_falls_with_c,2803,1.48371,1.17942,1.07223
p_falls_with_c,2804,5.66507,1.00000,1.00000
p_falls_with_c,2805,1.90934,1.07837,1.00000
p_falls_with_c,2806,1.05069,1.05069,1.05069
p_falls_with_c,2807,4.62737,1.02494,1.02494
p_falls_with_c,2808,1.06437,1.06437,1.06437
p_falls_with_c,2809,1.87227,1.00000,1.00000
p_falls_with_c,2810,3.14340,1.06564,1.00000
p_falls_with_c,2811,1.39179,1.12558,1.12558
p_falls_with_c,2812,3.30352,1.14320,1.00000
p_falls_with_c,2813,1.65225,1.00000,1.00000
p_falls_with_c,2814,2.60198,1.04909,1.00000
p_falls_with_c,2815,2.35237,1.00253,1.00253
p_falls_with_c,2816,6.06239,1.00423,1.00423
p_falls_with_c,2817,1.69279,1.11861,1.11861
p_falls_with_c,2818,1.42247,1.19206,1.04451
p_falls_with_c,2819,1.68622,1.01555,1.01555
p_falls_with_c,2820,1.28139,1.30848,1.00000
p_falls_with_c,2821,1.05518,1.38764,1.05518
p_falls_with_c,2822,1.78394,1.29204,1.04412
p_falls_with_c,2823,1.48596,1.03308,1.00000
p_falls_with_c,2824,2.92944,1.00000,1.00000
p_falls_with_c,2825,1.78304,1.42690,1.05831
p_falls_with_c,2826,2.53756,1.02956,1.02956
p_falls_with_c,2827,1.15925,1.15535,1.04310
p_falls_with_c,2828,2.43089,1.14377,1.00000
p_falls_with_c,2829,1.38121,1.58592,1.00000
p_falls_with_c,2830,2.31603,1.40539,1.00000
p_falls_with_c,2831,1.54048,1.04275,1.00003
p_falls_with_c,2832,1.22829,1.22250,1.01829
p_falls_with_c,2833,2.63474,1.00000,1.00000
p_falls_with_c,2834,1.53271,1.18246,1.00000
p_falls_with_c,2835,1.67045,1.10039,1.00000
p_falls_with_c,2836,1.21690,1.10386,1.00000
p_falls_with_c,2837,3.12282,1.09689,1.09689
p_falls_with_c,2838,1.77447,1.00000,1.00000
p_falls_with_c,2839,1.88107,1.00034,1.00034
p_falls_with_c,2840,1.32444,1.10607,1.10607
p_falls_with_c,2841,1.00228,1.00228,1.00228
p_falls_with_c,2842,1.18924,1.00565,1.00565
p_falls_with_c,2843,1.89959,1.02653,1.02653
p_falls_with_c,2844,3.63811,1.05909,1.00000
p_falls_with_c,2845,1.86849,1.22266,1.00000
p_falls_with_c,2846,2.80707,1.17887,1.00046
p_falls_with_c,2847,1.00000,1.00000,1.00000
p_falls_with_c,2848,2.29813,1.25608,1.01761
p_falls_with_c,2849,1.17694,1.28355,1.10971
p_falls_with_c,2850,1.26722,1.00465,1.00465
p_falls_with_c,2851,2.30058,1.00000,1.00000
p_falls_with_c,2852,2.44260,1.00000,1.00000
p_falls_with_c,2853,1.94234,1.07283,1.00000
p_falls_with_c,2854,4.27177,1.49615,1.49615
p_falls_with_c,2855,2.91078,1.14375,1.14375
p_falls_with_c,2856,1.89300,1.04342,1.04342
p_falls_with_c,2857,1.47190,1.08393,1.00000
p_falls_with_c,2858,1.37418,1.00000,1.00000
p_falls_with_c,2859,1.69559,1.00000,1.00000
p_falls_with_c,2860,1.42183,1.02057,1.02057
p_falls_with_c,2861,2.14329,1.19516,1.00000
p_falls_with_c,2862,5.14166,1.01812,1.00000
p_falls_with_c,2863,1.39558,1.06389,1.00184
p_falls_with_c,2864,1.38127,1.00010,1.00010
p_falls_with_c,2865,3.07602,1.00353,1.00353
p_falls_with_c,2866,1.74953,1.24777,1.03574
p_falls_with_c,2867,1.55274,1.04266,1.04266
p_falls_with_c,2868,2.18294,1.10969,1.10969
p_falls_with_c,2869,1.97377,1.00570,1.00570
p_falls_with_c,2870,2.27302,1.32989,1.15454
p_falls_with_c,2871,1.00000,1.00000,1.00000
p_falls_with_c,2872,1.44822,1.03714,1.03714
p_falls_with_c,2873,2.24011,1.00071,1.00071
p_falls_with_c,2874,2.21538,1.23541,1.00000
p_falls_with_c,2875,1.34350,1.48263,1.08048
p_falls_with_c,2876,1.06205,1.34322,1.06205
p_falls_with_c,2877,1.34658,1.12187,1.05954
p_falls_with_c,2878,1.50050,1.06740,1.03873
p_falls_with_c,2879,1.44904,1.14785,1.03482
p_falls_with_c,2880,1.16114,1.11122,1.11122
p_falls_with_c,2881,2.14309,1.53084,1.00228
p_falls_with_c,2882,1.16740,1.15519,1.11493
p_falls_with_c,2883,2.84263,1.07481,1.00000
p_falls_with_c,2884,1.40696,1.00259,1.00000
p_falls_with_c,2885,2.05645,1.23308,1.00737
p_falls_with_c,2886,1.60396,1.16897,1.05113
p_falls_with_c,2887,1.30152,1.16209,1.00000
p_falls_with_c,2888,1.33072,1.15417,1.01974
p_falls_with_c,2889,1.44875,1.00965,1.00965
p_falls_with_c,2890,1.63556,1.09233,1.09233
p_falls_with_c,2891,1.46332,1.46332,1.00120
p_falls_with_c,2892,2.01017,1.11492,1.02782
p_falls_with_c,2893,1.86500,1.06145,1.06145
p_falls_with_c,2894,1.82286,1.24475,1.24475
p_falls_with_c,2895,1.11186,1.25198,1.11186
p_falls_with_c,2896,2.47426,1.00043,1.00043
p_falls_with_c,2897,1.62680,1.16887,1.16887
p_falls_with_c,2898,1.32383,1.09900,1.01937
p_falls_with_c,2899,1.58521,1.07302,1.06830
p_falls_with_c,2900,3.72079,1.02366,1.00000
p_falls_with_c,2901,2.33358,1.57150,1.00000
p_falls_with_c,2902,2.16079,1.00000,1.00000
p_falls_with_c,2903,1.40046,1.05858,1.00000
p_falls_with_c,2904,1.73477,1.25632,1.00456
p_falls_with_c,2905,1.90936,1.08039,1.08039
p_falls_with_c,2906,2.32150,1.31289,1.00000
p_falls_with_c,2907,1.83252,1.01412,1.01412
p_falls_with_c,2908,1.07367,1.00000,1.00000
p_falls_with_c,2909,1.38712,1.00000,1.00000
p_falls_with_c,2910,1.53579,1.05393,1.02269
p_falls_with_c,2911,1.52693,1.00000,1.00000
p_falls_with_c,2912,3.73662,1.00000,1.00000
p_falls_with_c,2913,2.28837,1.07420,1.06659
p_falls_with_c,2914,4.81509,2.14931,1.16173
p_falls_with_c,2915,1.29634,1.04387,1.04387
p_falls_with_c,2916,1.68529,1.02538,1.02538
p_falls_with_c,2917,3.26324,1.02284,1.02284
p_falls_with_c,2918,1.76428,1.00000,1.00000
p_falls_with_c,2919,1.53616,1.06514,1.00013
p_falls_with_c,2920,1.77319,1.00571,1.00571
p_falls_with_c,2921,2.95143,1.82888,1.00000
p_falls_with_c,2922,1.40345,1.04222,1.04222
p_falls_with_c,2923,2.68250,1.04877,1.00000
p_falls_with_c,2924,1.35457,1.00000,1.00000
p_falls_with_c,2925,1.57089,1.12200,1.01247
p_falls_with_c,2926,2.97947,1.00846,1.00846
p_falls_with_c,2927,1.47601,1.05391,1.05391
p_falls_with_c,2928,1.98992,1.13243,1.13163
p_falls_with_c,2929,1.31110,1.05273,1.03196
p_falls_with_c,2930,4.17605,1.01571,1.01571
p_falls_with_c,2931,1.29521,1.00000,1.00000
p_falls_with_c,2932,1.10642,1.15321,1.10642
p_falls_with_c,2933,2.26211,1.14201,1.00140
p_falls_with_c,2934,1.00000,1.00000,1.00000
p_falls_with_c,2935,1.75273,1.15225,1.00699
p_falls_with_c,2936,1.59018,1.00430,1.00430
p_falls_with_c,2937,1.23039,1.12354,1.00507
p_falls_with_c,2938,1.74710,1.01956,1.01956
p_falls_with_c,2939,2.65247,1.00000,1.00000
p_falls_with_c,2940,1.26392,1.26707,1.02333
p_falls_with_c,2941,1.58376,1.86935,1.25631
p_falls_with_c,2942,1.12226,1.32291,1.10135
p_falls_with_c,2943,1.86435,1.00000,1.00000
p_falls_with_c,2944,1.20900,1.09076,1.03860
p_falls_with_c,2945,2.06274,1.09136,1.08693
p_falls_with_c,2946,2.45217,1.00306,1.00306
p_falls_with_c,2947,1.28296,1.12951,1.03220
p_falls_with_c,2948,2.02115,1.21865,1.03658
p_falls_with_c,2949,2.16611,1.00028,1.00028
p_falls_with_c,2950,1.32582,1.14901,1.00104
p_falls_with_c,2951,2.03957,1.32964,1.00000
p_falls_with_c,2952,1.69367,1.00000,1.00000
p_falls_with_c,2953,1.02069,1.02069,1.02069
p_falls_with_c,2954,2.01916,1.14216,1.00000
p_falls_with_c,2955,1.19285,1.19285,1.13510
p_falls_with_c,2956,2.53438,1.12964,1.00000
p_falls_with_c,2957,1.46643,1.09955,1.09955
p_falls_with_c,2958,1.61580,1.06596,1.06596
p_falls_with_c,2959,1.52862,1.00000,1.00000
p_falls_with_c,2960,1.09063,1.00413,1.00413
p_falls_with_c,2961,1.38269,1.10113,1.10113
p_falls_with_c,2962,2.04961,1.08550,1.08550
p_falls_with_c,2963,2.51472,1.00099,1.00099
p_falls_with_c,2964,2.01657,1.49588,1.02157
p_falls_with_c,2965,1.66255,1.00003,1.00003
p_falls_with_c,2966,2.70613,1.08795,1.00507
p_falls_with_c,2967,1.63395,1.09495,1.00246
p_falls_with_c,2968,1.26300,1.07339,1.07339
p_falls_with_c,2969,1.00044,1.00044,1.00044
p_falls_with_c,2970,2.44967,1.13962,1.11498
p_falls_with_c,2971,1.57362,1.11944,1.00718
p_falls_with_c,2972,2.04948,1.06580,1.00338
p_falls_with_c,2973,1.72133,1.37261,1.00000
p_falls_with_c,2974,2.09794,1.00000,1.00000
p_falls_with_c,2975,2.25367,1.16620,1.12856
p_falls_with_c,2976,2.79072,1.00000,1.00000
p_falls_with_c,2977,2.04893,1.04459,1.04459
p_falls_with_c,2978,1.00000,1.00000,1.00000
p_falls_with_c,2979,1.71034,1.08149,1.08149
p_falls_with_c,2980,1.53867,1.43157,1.05899
p_falls_with_c,2981,1.04206,1.18660,1.04206
p_falls_with_c,2982,1.87038,1.26001,1.00000
p_falls_with_c,2983,3.05156,1.40943,1.00000
p_falls_with_c,2984,1.67749,1.00000,1.00000
p_falls_with_c,2985,1.16531,1.04996,1.04996
p_falls_with_c,2986,2.35654,1.02194,1.00000
p_falls_with_c,2987,1.80178,1.02207,1.00000
p_falls_with_c,2988,1.22968,1.01622,1.01622
p_falls_with_c,2989,2.84548,1.00000,1.00000
p_falls_with_c,2990,1.43203,1.04822,1.04822
p_falls_with_c,2991,1.82141,1.02689,1.02689
p_falls_with_c,2992,1.00000,1.00000,1.00000
p_falls_with_c,2993,6.70387,1.00000,1.00000
p_falls_with_c,2994,1.38883,1.00245,1.00245
p_falls_with_c,2995,3.42491,1.03587,1.00000
p_falls_with_c,2996,1.11751,1.11751,1.06831
p_falls_with_c,2997,1.72127,1.00000,1.00000
p_falls_with_c,2998,6.43090,1.00000,1.00000
p_falls_with_c,2999,1.22656,1.11156,1.08553
arbitrary_w,0,7.4286e5,1.00000,1.00000
arbitrary_w,1,440.58940,1.00197,1.00197
arbitrary_w,2,642.77238,1.00000,1.00000
arbitrary_w,3,6.3673e4,1.00000,1.00000
arbitrary_w,4,2656.49752,1.00000,1.00000
arbitrary_w,5,7.47585,1.00670,1.00670
arbitrary_w,6,723.28711,1.00591,1.00591
arbitrary_w,7,1.9026e5,1.00000,1.00000
arbitrary_w,8,2.7569e4,1.00000,1.00000
arbitrary_w,9,48.12976,1.24238,1.00001
arbitrary_w,10,4.2883e5,1.00000,1.00000
arbitrary_w,11,3160.16347,1.14817,1.00000
arbitrary_w,12,486.34989,1.04484,1.00000
arbitrary_w,13,3.5813e4,1.00000,1.00000
arbitrary_w,14,1.3523e5,1.36674,1.00000
arbitrary_w,15,6.0584e6,1.00000,1.00000
arbitrary_w,16,1.8656e7,1.00000,1.00000
arbitrary_w,17,3.3677e5,1.00642,1.00000
arbitrary_w,18,59.59121,1.39433,1.00000
arbitrary_w,19,2491.00249,1.00468,1.00468
arbitrary_w,20,1.1399e5,1.00000,1.00000
arbitrary_w,21,1.0938e4,1.00000,1.00000
arbitrary_w,22,1.4494e4,1.01179,1.00065
arbitrary_w,23,8.8072e5,1.09037,1.09037
arbitrary_w,24,5.4770e5,1.00000,1.00000
arbitrary_w,25,264.25602,1.32000,1.00000
arbitrary_w,26,403.86960,1.00000,1.00000
arbitrary_w,27,2.6457e4,1.00310,1.00310
arbitrary_w,28,1278.59226,1.00000,1.00000
arbitrary_w,29,2.1301e6,1.00000,1.00000
arbitrary_w,30,1118.95093,1.09504,1.00000
arbitrary_w,31,1.3020e6,1.00000,1.00000
arbitrary_w,32,8.23257,1.17502,1.00030
arbitrary_w,33,9.2701e6,1.00000,1.00000
arbitrary_w,34,7.6219e4,1.00000,1.00000
arbitrary_w,35,442.24000,1.00000,1.00000
arbitrary_w,36,1.6679e5,1.27435,1.00000
arbitrary_w,37,1.5927e4,1.00000,1.00000
arbitrary_w,38,3.2453e4,1.23135,1.00000
arbitrary_w,39,102.05968,1.00065,1.00065
arbitrary_w,40,8.16637,1.00001,1.00001
arbitrary_w,41,2.5484e5,1.00000,1.00000
arbitrary_w,42,2.1590e6,1.00000,1.00000
arbitrary_w,43,1.0536e4,1.04645,1.00000
arbitrary_w,44,194.64761,1.06150,1.00008
arbitrary_w,45,1617.55307,1.00349,1.00349
arbitrary_w,46,53.51201,1.06523,1.00000
arbitrary_w,47,8.6095e6,1.15360,1.00000
arbitrary_w,48,5.0480e7,1.00000,1.00000
arbitrary_w,49,9.38220,1.00666,1.00666
arbitrary_w,50,5.0119e5,1.00000,1.00000
arbitrary_w,51,9190.41721,1.00953,1.00000
arbitrary_w,52,668.48956,1.00001,1.00001
arbitrary_w,53,2.0551e5,1.01719,1.01719
arbitrary_w,54,213.77323,1.45633,1.00000
arbitrary_w,55,6569.75133,1.00000,1.00000
arbitrary_w,56,2.5739e7,1.00000,1.00000
arbitrary_w,57,5707.64584,1.39333,1.00000
arbitrary_w,58,1.0722e6,1.00000,1.00000
arbitrary_w,59,9424.31435,1.08224,1.08224
arbitrary_w,60,6.7838e5,1.00000,1.00000
arbitrary_w,61,7.8447e5,1.04589,1.04589
arbitrary_w,62,161.46143,1.09442,1.00000
arbitrary_w,63,6.3594e6,1.00000,1.00000
arbitrary_w,64,1.9306e4,1.04369,1.04369
arbitrary_w,65,8342.92812,1.04734,1.04734
arbitrary_w,66,5.3802e8,1.00000,1.00000
arbitrary_w,67,7.2704e6,1.00000,1.00000
arbitrary_w,68,1.9327e6,1.22103,1.00000
arbitrary_w,69,1.6956e7,1.00000,1.00000
arbitrary_w,70,6.3848e5,1.01413,1.00000
arbitrary_w,71,3672.09452,1.00000,1.00000
arbitrary_w,72,3.6848e5,1.00000,1.00000
arbitrary_w,73,2.5135e6,1.15861,1.00000
arbitrary_w,74,9.3129e6,1.00000,1.00000
arbitrary_w,75,104.76757,1.00085,1.00085
arbitrary_w,76,1616.96987,1.02740,1.00000
arbitrary_w,77,3193.91038,1.00000,1.00000
arbitrary_w,78,6.6621e4,1.00053,1.00053
arbitrary_w,79,2.0401e6,1.21438,1.00000
arbitrary_w,80,4.8838e5,1.11077,1.02401
arbitrary_w,81,2.0378e4,1.01031,1.01031
arbitrary_w,82,1.1783e4,1.00000,1.00000
arbitrary_w,83,1.8792e4,1.01020,1.00372
arbitrary_w,84,1702.62677,1.00009,1.00009
arbitrary_w,85,275.03180,1.08509,1.02600
arbitrary_w,86,9.4014e4,1.00000,1.00000
arbitrary_w,87,1.3900e5,1.04628,1.04628
arbitrary_w,88,5.4738e5,1.00000,1.00000
arbitrary_w,89,4.0307e4,1.00000,1.00000
arbitrary_w,90,383.45656,1.05508,1.01214
arbitrary_w,91,2955.91879,1.13290,1.00339
arbitrary_w,92,3.6191e4,1.00526,1.00034
arbitrary_w,93,1.3371e6,1.14875,1.14875
arbitrary_w,94,4.7002e4,1.00151,1.00151
arbitrary_w,95,913.14968,1.00125,1.00004
arbitrary_w,96,2679.27304,1.00994,1.00994
arbitrary_w,97,1.9829e7,1.00000,1.00000
arbitrary_w,98,163.05695,1.02008,1.00003
arbitrary_w,99,2.4295e4,1.00031,1.00031
arbitrary_w,100,2752.50548,1.00000,1.00000
arbitrary_w,101,190.39851,1.00238,1.00000
arbitrary_w,102,1.9999e4,1.00005,1.00005
arbitrary_w,103,4.7083e6,1.00000,1.00000
arbitrary_w,104,2.0953e8,1.00000,1.00000
arbitrary_w,105,1.2376e4,1.10866,1.00000
arbitrary_w,106,2.8868e7,1.00000,1.00000
arbitrary_w,107,9.1767e6,1.00000,1.00000
arbitrary_w,108,3.5793e4,1.00000,1.00000
arbitrary_w,109,4.1762e5,2.04560,1.00000
arbitrary_w,110,1508.28170,1.50275,1.00000
arbitrary_w,111,1.6327e6,1.07014,1.00000
arbitrary_w,112,184.23461,1.00000,1.00000
arbitrary_w,113,4300.30049,1.00000,1.00000
arbitrary_w,114,1.2008e6,1.00000,1.00000
arbitrary_w,115,3522.77788,1.02534,1.01009
arbitrary_w,116,1.9443e4,1.00000,1.00000
arbitrary_w,117,2999.18794,1.00010,1.00010
arbitrary_w,118,734.31461,1.14813,1.01798
arbitrary_w,119,6721.98699,1.00003,1.00003
arbitrary_w,120,460.02492,1.00000,1.00000
arbitrary_w,121,3.2570e5,1.20595,1.20595
arbitrary_w,122,6.2550e5,1.02015,1.02015
arbitrary_w,123,1.6059e4,1.00000,1.00000
arbitrary_w,124,10.14267,1.00621,1.00621
arbitrary_w,125,2.9170e4,1.00000,1.00000
arbitrary_w,126,596.16273,1.46020,1.00000
arbitrary_w,127,2.9538e5,1.00000,1.00000
arbitrary_w,128,257.27995,1.00000,1.00000
arbitrary_w,129,1.0465e8,1.00000,1.00000
arbitrary_w,130,1.5952e7,1.00000,1.00000
arbitrary_w,131,9931.79432,1.00000,1.00000
arbitrary_w,132,194.03329,1.03783,1.00012
arbitrary_w,133,412.05236,1.64686,1.00000
arbitrary_w,134,1.1495e6,1.15632,1.00000
arbitrary_w,135,5.0705e7,1.80781,1.00000
arbitrary_w,136,130.83215,1.09163,1.00082
arbitrary_w,137,3.0791e4,1.00000,1.00000
arbitrary_w,138,1409.38588,1.00983,1.00011
arbitrary_w,139,6737.81511,1.00000,1.00000
arbitrary_w,140,5.4728e5,1.01037,1.01037
arbitrary_w,141,26.40722,1.15510,1.00371
arbitrary_w,142,1.2126e4,1.00000,1.00000
arbitrary_w,143,7.3699e4,1.00000,1.00000
arbitrary_w,144,4.6182e5,1.14848,1.00000
arbitrary_w,145,1121.02550,1.00003,1.00003
arbitrary_w,146,1009.40202,1.01477,1.00000
arbitrary_w,147,1.8246e4,1.08930,1.00000
arbitrary_w,148,107.91781,1.00368,1.00368
arbitrary_w,149,185.64454,1.00000,1.00000
arbitrary_w,150,478.96337,1.14753,1.14753
arbitrary_w,151,7922.54177,1.00000,1.00000
arbitrary_w,152,6.6948e4,1.05497,1.00000
arbitrary_w,153,155.16527,1.01307,1.00022
arbitrary_w,154,3.2224e5,1.04802,1.04802
arbitrary_w,155,4.6377e5,1.00212,1.00212
arbitrary_w,156,54.37581,1.00003,1.00003
arbitrary_w,157,1.6584e5,1.11983,1.11983
arbitrary_w,158,2.6517e5,1.10810,1.00000
arbitrary_w,159,7.9723e5,1.13943,1.00000
arbitrary_w,160,2.7217e4,1.02916,1.00000
arbitrary_w,161,3.8148e6,1.00000,1.00000
arbitrary_w,162,1.0047e7,1.00000,1.00000
arbitrary_w,163,1.6265e6,1.09828,1.00000
arbitrary_w,164,1.1087e7,1.00000,1.00000
arbitrary_w,165,89.25207,1.00002,1.00002
arbitrary_w,166,1.2345e6,1.00000,1.00000
arbitrary_w,167,34.22729,1.00000,1.00000
arbitrary_w,168,1.3819e4,1.00121,1.00121
arbitrary_w,169,1.7228e6,1.37337,1.00000
arbitrary_w,170,2.2541e5,1.00250,1.00056
arbitrary_w,171,6.5012e4,1.00833,1.00000
arbitrary_w,172,6.2961e4,1.00477,1.00000
arbitrary_w,173,5.6690e5,1.06927,1.00000
arbitrary_w,174,2.2951e8,1.44340,1.00000
arbitrary_w,175,1.2740e4,1.00000,1.00000
arbitrary_w,176,4.3936e4,1.00000,1.00000
arbitrary_w,177,1723.54178,1.13473,1.00099
arbitrary_w,178,7.8943e5,1.00000,1.00000
arbitrary_w,179,119.21901,1.15787,1.00510
arbitrary_w,180,27.66500,1.01234,1.00591
arbitrary_w,181,502.14574,1.00000,1.00000
arbitrary_w,182,167.15784,1.00000,1.00000
arbitrary_w,183,3.2758e5,1.19698,1.13224
arbitrary_w,184,9.59819,1.00000,1.00000
arbitrary_w,185,1994.59303,2.26846,1.00000
arbitrary_w,186,1.4479e5,1.20270,1.20270
arbitrary_w,187,7.4457e5,1.00000,1.00000
arbitrary_w,188,4964.41544,1.02004,1.00006
arbitrary_w,189,9.1439e6,1.00000,1.00000
arbitrary_w,190,477.82146,1.41993,1.00000
arbitrary_w,191,3.0964e5,1.00000,1.00000
arbitrary_w,192,7.7701e7,1.00000,1.00000
arbitrary_w,193,375.58334,1.03347,1.00000
arbitrary_w,194,1.2270e4,1.00007,1.00007
arbitrary_w,195,57.58975,1.00000,1.00000
arbitrary_w,196,2.3194e5,1.00000,1.00000
arbitrary_w,197,5116.17287,1.11068,1.11068
arbitrary_w,198,2373.87282,1.02363,1.02363
arbitrary_w,199,4.3957e4,1.15414,1.00000
arbitrary_w,200,3.5291e4,1.00195,1.00195
arbitrary_w,201,2.5289e7,1.00000,1.00000
arbitrary_w,202,4.3751e4,1.00000,1.00000
arbitrary_w,203,2.2342e5,1.00000,1.00000
arbitrary_w,204,8.7435e5,1.00000,1.00000
arbitrary_w,205,6.3516e5,1.00000,1.00000
arbitrary_w,206,1.1669e5,1.00000,1.00000
arbitrary_w,207,2596.58271,1.29167,1.00000
arbitrary_w,208,1.6005e5,1.00000,1.00000
arbitrary_w,209,394.76030,1.00088,1.00088
arbitrary_w,210,177.13267,1.04608,1.00000
arbitrary_w,211,12.16875,1.34647,1.00001
arbitrary_w,212,9.95558,3.34094,1.00000
arbitrary_w,213,1.7811e5,1.00317,1.00317
arbitrary_w,214,1231.35737,1.09231,1.00823
arbitrary_w,215,1.3504e7,1.37067,1.00000
arbitrary_w,216,3.8090e4,1.00421,1.00000
arbitrary_w,217,1.4712e7,1.00000,1.00000
arbitrary_w,218,1319.18194,1.00000,1.00000
arbitrary_w,219,3538.62613,1.00000,1.00000
arbitrary_w,220,9.3173e5,1.00000,1.00000
arbitrary_w,221,436.72410,1.00117,1.00000
arbitrary_w,222,4.02069,1.00000,1.00000
arbitrary_w,223,3.3357e5,1.08183,1.08183
arbitrary_w,224,2.3659e6,1.00721,1.00721
arbitrary_w,225,3.9847e4,1.07182,1.00035
arbitrary_w,226,1.4507e5,1.00000,1.00000
arbitrary_w,227,3.0198e5,1.10641,1.00000
arbitrary_w,228,70.59739,1.02639,1.00000
arbitrary_w,229,4709.97099,1.00000,1.00000
arbitrary_w,230,1.0736e5,1.00000,1.00000
arbitrary_w,231,424.00208,1.16136,1.00000
arbitrary_w,232,1.7721e8,1.00000,1.00000
arbitrary_w,233,1.0176e5,1.00000,1.00000
arbitrary_w,234,1542.27885,1.00000,1.00000
arbitrary_w,235,8574.72301,1.00000,1.00000
arbitrary_w,236,688.90536,1.00106,1.00106
arbitrary_w,237,1.4222e7,1.00000,1.00000
arbitrary_w,238,5.3079e5,1.41364,1.00000
arbitrary_w,239,1.7085e6,1.00000,1.00000
arbitrary_w,240,1702.89008,1.00000,1.00000
arbitrary_w,241,1.5648e6,1.59033,1.00000
arbitrary_w,242,1.4456e4,1.00693,1.00001
arbitrary_w,243,240.70823,1.06591,1.00000
arbitrary_w,244,4307.64555,1.00000,1.00000
arbitrary_w,245,106.49216,1.10293,1.00009
arbitrary_w,246,1.2159e5,1.00184,1.00184
arbitrary_w,247,5.9175e5,1.02093,1.00000
arbitrary_w,248,1.3207e6,1.05619,1.00000
arbitrary_w,249,6.7954e5,1.01324,1.00374
arbitrary_w,250,333.43139,2.11881,1.00000
arbitrary_w,251,874.79260,1.00078,1.00078
arbitrary_w,252,4.9327e4,1.09408,1.00000
arbitrary_w,253,297.74243,1.17378,1.00104
arbitrary_w,254,2.2726e6,1.00000,1.00000
arbitrary_w,255,7.8585e6,1.00000,1.00000
arbitrary_w,256,5076.39899,1.00012,1.00012
arbitrary_w,257,9537.23243,2.09272,1.00000
arbitrary_w,258,2.8667e5,1.00000,1.00000
arbitrary_w,259,5271.44685,1.00000,1.00000
arbitrary_w,260,6628.75941,1.00000,1.00000
arbitrary_w,261,2.3320e6,1.53213,1.00000
arbitrary_w,262,1.1274e6,1.00000,1.00000
arbitrary_w,263,7.1361e5,1.00000,1.00000
arbitrary_w,264,4.2738e6,1.00000,1.00000
arbitrary_w,265,140.29208,1.00853,1.00853
arbitrary_w,266,8.4563e5,1.00000,1.00000
arbitrary_w,267,2.2165e5,1.00000,1.00000
arbitrary_w,268,3.5841e4,1.24832,1.24832
arbitrary_w,269,92.62646,1.50317,1.03063
arbitrary_w,270,6.5949e5,1.00298,1.00298
arbitrary_w,271,32.46989,1.00000,1.00000
arbitrary_w,272,3.7860e4,1.00000,1.00000
arbitrary_w,273,5.8842e5,1.00000,1.00000
arbitrary_w,274,80.44040,1.52528,1.00000
arbitrary_w,275,636.66413,1.00416,1.00416
arbitrary_w,276,53.70221,1.00020,1.00020
arbitrary_w,277,1.0364e5,1.00164,1.00164
arbitrary_w,278,5.8899e6,1.26183,1.00000
arbitrary_w,279,1.4687e5,1.04778,1.04778
arbitrary_w,280,1.5140e5,1.00055,1.00055
arbitrary_w,281,1.2409e6,1.23882,1.00000
arbitrary_w,282,4.1030e4,1.00000,1.00000
arbitrary_w,283,1.3901e4,1.00000,1.00000
arbitrary_w,284,1.4625e4,1.00000,1.00000
arbitrary_w,285,31.32229,1.04321,1.00000
arbitrary_w,286,4.3599e5,1.18401,1.00000
arbitrary_w,287,73.72047,1.00033,1.00033
arbitrary_w,288,15.87220,1.12139,1.12139
arbitrary_w,289,571.38128,1.00000,1.00000
arbitrary_w,290,1.0807e5,1.27887,1.00000
arbitrary_w,291,6324.97057,1.15091,1.00767
arbitrary_w,292,1.0486e4,1.03937,1.00000
arbitrary_w,293,1.5723e7,1.00000,1.00000
arbitrary_w,294,6.0199e4,1.06966,1.00000
arbitrary_w,295,2.9108e4,1.00022,1.00022
arbitrary_w,296,3.1618e5,1.08317,1.08317
arbitrary_w,297,3031.86053,1.00000,1.00000
arbitrary_w,298,448.57685,1.00031,1.00031
arbitrary_w,299,7.4089e5,1.19542,1.00000
arbitrary_w,300,9.8143e5,1.17777,1.00000
arbitrary_w,301,3228.55912,1.00000,1.00000
arbitrary_w,302,4.8024e6,1.00000,1.00000
arbitrary_w,303,8.1619e6,1.13427,1.00000
arbitrary_w,304,26.37210,1.41696,1.00000
arbitrary_w,305,2.8099e4,1.00000,1.00000
arbitrary_w,306,5372.30674,1.00000,1.00000
arbitrary_w,307,99.98283,1.00000,1.00000
arbitrary_w,308,173.26726,1.00063,1.00063
arbitrary_w,309,283.18700,1.00013,1.00000
arbitrary_w,310,1225.05719,1.77856,1.00000
arbitrary_w,311,2.0883e6,1.00000,1.00000
arbitrary_w,312,5.4784e6,1.00000,1.00000
arbitrary_w,313,4.5671e5,1.26876,1.26876
arbitrary_w,314,3.6704e8,1.00000,1.00000
arbitrary_w,315,1.4172e6,1.04155,1.00000
arbitrary_w,316,2.0222e5,1.00000,1.00000
arbitrary_w,317,7.3287e5,1.00000,1.00000
arbitrary_w,318,4.5774e4,1.00000,1.00000
arbitrary_w,319,3.7556e4,1.21657,1.00000
arbitrary_w,320,4.1642e7,1.00000,1.00000
arbitrary_w,321,352.38206,1.00380,1.00380
arbitrary_w,322,1.3919e4,1.00000,1.00000
arbitrary_w,323,3632.68827,1.00161,1.00000
arbitrary_w,324,119.45725,2.10180,1.00000
arbitrary_w,325,1.3041e6,1.11915,1.00000
arbitrary_w,326,5.2257e5,1.00000,1.00000
arbitrary_w,327,4.7429e4,1.02667,1.00000
arbitrary_w,328,1.3047e8,1.00000,1.00000
arbitrary_w,329,2.1898e4,2.72061,1.00000
arbitrary_w,330,4.5029e6,1.00000,1.00000
arbitrary_w,331,5.4354e4,1.00000,1.00000
arbitrary_w,332,665.83914,1.00000,1.00000
arbitrary_w,333,483.48074,1.00007,1.00007
arbitrary_w,334,1.8407e8,1.00000,1.00000
arbitrary_w,335,3.1493e8,1.00000,1.00000
arbitrary_w,336,8.9244e4,1.00166,1.00000
arbitrary_w,337,1.7254e5,1.00000,1.00000
arbitrary_w,338,2532.25902,1.17924,1.00000
arbitrary_w,339,8575.84525,1.00002,1.00002
arbitrary_w,340,1.0367e5,1.00000,1.00000
arbitrary_w,341,4.3929e7,1.69890,1.00000
arbitrary_w,342,5.3030e6,1.00000,1.00000
arbitrary_w,343,2.4936e5,1.00000,1.00000
arbitrary_w,344,1.1950e5,1.30952,1.00000
arbitrary_w,345,3.4530e6,1.02201,1.02201
arbitrary_w,346,3.0266e5,1.00610,1.00610
arbitrary_w,347,1718.70856,1.16159,1.03172
arbitrary_w,348,5.1327e6,1.07728,1.00000
arbitrary_w,349,16.32660,1.00273,1.00113
arbitrary_w,350,8970.80845,1.00000,1.00000
arbitrary_w,351,1023.14373,1.13587,1.00320
arbitrary_w,352,1.0916e5,1.28146,1.00000
arbitrary_w,353,157.95233,1.00191,1.00191
arbitrary_w,354,4.1469e4,1.01639,1.01639
arbitrary_w,355,3.7858e5,1.09481,1.05201
arbitrary_w,356,8.4888e5,1.00000,1.00000
arbitrary_w,357,3.3919e4,1.04798,1.00000
arbitrary_w,358,3.0296e4,1.00858,1.00858
arbitrary_w,359,6.04903,1.01512,1.01512
arbitrary_w,360,1.5329e6,1.00000,1.00000
arbitrary_w,361,160.67054,1.00042,1.00042
arbitrary_w,362,3.2366e4,1.02724,1.00108
arbitrary_w,363,4.9277e6,1.00000,1.00000
arbitrary_w,364,2789.77913,1.12759,1.00000
arbitrary_w,365,7.2543e4,1.18362,1.04922
arbitrary_w,366,1.2355e7,1.00000,1.00000
arbitrary_w,367,158.39227,1.00022,1.00022
arbitrary_w,368,5.0783e5,1.00000,1.00000
arbitrary_w,369,5.2648e4,1.00309,1.00309
arbitrary_w,370,1.1300e6,1.09213,1.00000
arbitrary_w,371,365.84295,1.00000,1.00000
arbitrary_w,372,6.7257e5,1.35619,1.00000
arbitrary_w,373,8.8225e5,1.17178,1.00000
arbitrary_w,374,1.6798e5,1.03809,1.00000
arbitrary_w,375,1.3835e4,1.00080,1.00080
arbitrary_w,376,122.36915,1.15256,1.00000
arbitrary_w,377,4.0022e4,1.00943,1.00133
arbitrary_w,378,3.1529e5,1.00000,1.00000
arbitrary_w,379,363.27053,1.00000,1.00000
arbitrary_w,380,2111.90631,1.44220,1.00101
arbitrary_w,381,6.1217e6,1.00000,1.00000
arbitrary_w,382,1.9385e4,1.00073,1.00073
arbitrary_w,383,1.3133e5,1.00000,1.00000
arbitrary_w,384,7.2126e6,1.00000,1.00000
arbitrary_w,385,1.2592e4,1.00000,1.00000
arbitrary_w,386,2.1454e5,1.00000,1.00000
arbitrary_w,387,1.5835e4,1.00000,1.00000
arbitrary_w,388,2293.30352,1.00000,1.00000
arbitrary_w,389,227.10990,1.00387,1.00387
arbitrary_w,390,2.3648e5,1.00000,1.00000
arbitrary_w,391,2067.98072,1.00000,1.00000
arbitrary_w,392,4.5703e6,1.01629,1.00000
arbitrary_w,393,2.8742e4,1.00000,1.00000
arbitrary_w,394,2.4708e6,1.00000,1.00000
arbitrary_w,395,7.0774e4,1.00000,1.00000
arbitrary_w,396,1.4333e4,1.00239,1.00239
arbitrary_w,397,1.1834e8,1.00000,1.00000
arbitrary_w,398,194.75023,1.15669,1.00121
arbitrary_w,399,1.7078e7,1.00000,1.00000
arbitrary_w,400,4770.47030,1.00000,1.00000
arbitrary_w,401,1.3324e6,1.28265,1.00000
arbitrary_w,402,8.3034e6,1.00000,1.00000
arbitrary_w,403,3.5208e5,1.30598,1.00000
arbitrary_w,404,9.4606e5,1.00000,1.00000
arbitrary_w,405,1.6850e5,1.00000,1.00000
arbitrary_w,406,45.00520,1.00000,1.00000
arbitrary_w,407,3.0545e4,1.22012,1.00000
arbitrary_w,408,3.0634e5,1.00000,1.00000
arbitrary_w,409,6936.66325,1.00000,1.00000
arbitrary_w,410,117.69820,1.00000,1.00000
arbitrary_w,411,2.7367e5,1.00000,1.00000
arbitrary_w,412,2.6018e6,1.00870,1.00000
arbitrary_w,413,898.34613,1.14376,1.14376
arbitrary_w,414,6.7846e4,1.00000,1.00000
arbitrary_w,415,525.77832,1.00000,1.00000
arbitrary_w,416,2.0972e6,1.00000,1.00000
arbitrary_w,417,6.71157,1.16227,1.04512
arbitrary_w,418,2.7317e7,1.42638,1.00000
arbitrary_w,419,2.4413e4,1.00000,1.00000
arbitrary_w,420,1064.18094,1.22143,1.00000
arbitrary_w,421,1.1520e4,1.06693,1.06693
arbitrary_w,422,1.1327e5,1.00000,1.00000
arbitrary_w,423,2.0881e4,1.06659,1.06659
arbitrary_w,424,1.3275e7,1.15733,1.00000
arbitrary_w,425,7910.15029,1.00000,1.00000
arbitrary_w,426,1.1501e8,1.00000,1.00000
arbitrary_w,427,286.44231,1.00000,1.00000
arbitrary_w,428,1.4569e5,1.00000,1.00000
arbitrary_w,429,8.3420e4,1.00000,1.00000
arbitrary_w,430,2.7280e6,1.00000,1.00000
arbitrary_w,431,33.54137,1.28424,1.11812
arbitrary_w,432,1.5658e7,1.00000,1.00000
arbitrary_w,433,1.8151e4,1.00088,1.00088
arbitrary_w,434,3.9464e4,1.00000,1.00000
arbitrary_w,435,19.28207,1.42067,1.00000
arbitrary_w,436,1736.41882,1.00001,1.00001
arbitrary_w,437,1.4354e5,1.04173,1.00000
arbitrary_w,438,9.3796e6,1.00000,1.00000
arbitrary_w,439,3.8452e5,1.04070,1.00660
arbitrary_w,440,2.2685e6,1.19660,1.00000
arbitrary_w,441,1009.33142,1.31559,1.00000
arbitrary_w,442,1.7618e4,1.04274,1.00000
arbitrary_w,443,2.4791e4,1.00000,1.00000
arbitrary_w,444,257.92260,1.02898,1.02898
arbitrary_w,445,1.4490e4,1.00000,1.00000
arbitrary_w,446,2.2467e8,1.00000,1.00000
arbitrary_w,447,2.2939e6,1.02196,1.00000
arbitrary_w,448,388.61281,1.00000,1.00000
arbitrary_w,449,1.0406e6,1.01625,1.00815
arbitrary_w,450,6.4276e5,1.03901,1.00000
arbitrary_w,451,9.8864e4,1.00000,1.00000
arbitrary_w,452,1.4795e6,1.00000,1.00000
arbitrary_w,453,2.7738e6,1.00511,1.00511
arbitrary_w,454,2140.07792,1.08603,1.02710
arbitrary_w,455,1.4639e6,1.00000,1.00000
arbitrary_w,456,5.0173e4,1.22407,1.00000
arbitrary_w,457,1.7456e7,1.00000,1.00000
arbitrary_w,458,1.1848e4,1.00994,1.00028
arbitrary_w,459,1.2185e7,1.00000,1.00000
arbitrary_w,460,7.2252e4,1.29691,1.00017
arbitrary_w,461,682.29937,1.00000,1.00000
arbitrary_w,462,3.3087e6,1.00000,1.00000
arbitrary_w,463,191.25066,1.00078,1.00005
arbitrary_w,464,1.4613e5,1.00040,1.00040
arbitrary_w,465,1319.05671,1.21005,1.00000
arbitrary_w,466,205.25575,1.31038,1.00000
arbitrary_w,467,1.2848e8,1.00000,1.00000
arbitrary_w,468,5.3333e5,1.00000,1.00000
arbitrary_w,469,2.9541e5,1.29931,1.00000
arbitrary_w,470,2.1944e4,1.00000,1.00000
arbitrary_w,471,1.1836e5,1.52466,1.00000
arbitrary_w,472,2243.86359,1.11490,1.00000
arbitrary_w,473,2.7196e5,1.00000,1.00000
arbitrary_w,474,547.69680,1.00381,1.00381
arbitrary_w,475,1.2407e7,1.00000,1.00000
arbitrary_w,476,5.9405e4,1.00612,1.00000
arbitrary_w,477,1.9097e4,1.00000,1.00000
arbitrary_w,478,14.08741,1.00010,1.00010
arbitrary_w,479,1.1885e6,1.00000,1.00000
arbitrary_w,480,3.3645e4,1.00000,1.00000
arbitrary_w,481,7392.28329,1.00000,1.00000
arbitrary_w,482,753.95072,1.22287,1.00016
arbitrary_w,483,1.2143e6,1.00000,1.00000
arbitrary_w,484,1804.85054,1.00000,1.00000
arbitrary_w,485,931.60091,1.00009,1.00009
arbitrary_w,486,3106.44016,1.00000,1.00000
arbitrary_w,487,5.1673e6,1.02577,1.02577
arbitrary_w,488,6.5358e6,1.00000,1.00000
arbitrary_w,489,5.1037e4,1.00000,1.00000
arbitrary_w,490,4.5908e4,1.10532,1.00000
arbitrary_w,491,2924.78711,1.07142,1.00000
arbitrary_w,492,9.8325e6,1.00000,1.00000
arbitrary_w,493,2220.03858,1.00000,1.00000
arbitrary_w,494,7.6948e5,1.01805,1.00000
arbitrary_w,495,7.8213e6,1.00000,1.00000
arbitrary_w,496,2129.26529,1.01367,1.00000
arbitrary_w,497,102.07305,1.01271,1.00000
arbitrary_w,498,1.5350e7,1.00000,1.00000
arbitrary_w,499,853.13144,1.00000,1.00000
arbitrary_w,500,1680.83615,1.00235,1.00182
arbitrary_w,501,7.7650e5,1.33083,1.00000
arbitrary_w,502,3.6729e7,1.00000,1.00000
arbitrary_w,503,7.09561,1.00000,1.00000
arbitrary_w,504,1.9401e6,1.00000,1.00000
arbitrary_w,505,30.56832,1.00029,1.00029
arbitrary_w,506,5.9812e5,1.09627,1.00000
arbitrary_w,507,1.6985e5,1.00070,1.00070
arbitrary_w,508,1.5015e6,1.00000,1.00000
arbitrary_w,509,2844.70377,1.00000,1.00000
arbitrary_w,510,2.1000e5,1.00000,1.00000
arbitrary_w,511,3.0937e4,1.00000,1.00000
arbitrary_w,512,408.23447,1.00000,1.00000
arbitrary_w,513,179.06143,1.00050,1.00050
arbitrary_w,514,4.0289e5,1.04110,1.00000
arbitrary_w,515,9.5821e5,1.00000,1.00000
arbitrary_w,516,2.4927e5,1.16587,1.16587
arbitrary_w,517,3.6026e4,1.00000,1.00000
arbitrary_w,518,1.4578e6,1.00000,1.00000
arbitrary_w,519,2.8893e6,1.28973,1.00000
arbitrary_w,520,5.9107e4,1.00000,1.00000
arbitrary_w,521,94.08681,1.10725,1.00000
arbitrary_w,522,4.1459e7,1.00000,1.00000
arbitrary_w,523,1.0985e8,1.00000,1.00000
arbitrary_w,524,1.5891e5,1.10309,1.00000
arbitrary_w,525,3.8866e4,1.01246,1.00000
arbitrary_w,526,619.33772,1.00093,1.00000
arbitrary_w,527,4.7004e6,1.00000,1.00000
arbitrary_w,528,2.0589e4,1.01883,1.01883
arbitrary_w,529,1688.76969,1.00000,1.00000
arbitrary_w,530,2165.20945,1.00000,1.00000
arbitrary_w,531,3.0753e6,1.00000,1.00000
arbitrary_w,532,2.5790e4,1.00000,1.00000
arbitrary_w,533,10.82790,1.01157,1.00002
arbitrary_w,534,5.7337e5,1.27742,1.00000
arbitrary_w,535,550.72099,1.00000,1.00000
arbitrary_w,536,1.1155e5,1.22229,1.00000
arbitrary_w,537,3.0675e4,1.00210,1.00210
arbitrary_w,538,5.9254e5,1.00000,1.00000
arbitrary_w,539,6.9407e5,1.00351,1.00000
arbitrary_w,540,1.2662e7,1.00000,1.00000
arbitrary_w,541,21.70421,1.02189,1.00000
arbitrary_w,542,2.9469e6,1.22548,1.00000
arbitrary_w,543,6.2138e4,1.11563,1.00000
arbitrary_w,544,115.61605,1.15861,1.00000
arbitrary_w,545,2370.97408,1.00012,1.00012
arbitrary_w,546,85.97111,1.01906,1.00000
arbitrary_w,547,2.3141e4,1.14986,1.00000
arbitrary_w,548,1276.00182,1.01535,1.01535
arbitrary_w,549,2587.98475,1.00001,1.00001
arbitrary_w,550,5.1329e5,1.00000,1.00000
arbitrary_w,551,1303.71245,1.77000,1.00000
arbitrary_w,552,23.78124,1.00000,1.00000
arbitrary_w,553,4.2980e4,1.02719,1.00000
arbitrary_w,554,97.77876,1.00177,1.00177
arbitrary_w,555,1.4666e5,1.08532,1.00000
arbitrary_w,556,5.3460e6,1.00000,1.00000
arbitrary_w,557,4.4520e4,1.00179,1.00179
arbitrary_w,558,89.74008,1.22414,1.21506
arbitrary_w,559,7.4475e4,1.00000,1.00000
arbitrary_w,560,4.8472e4,1.00654,1.00000
arbitrary_w,561,2.6631e6,1.38673,1.00000
arbitrary_w,562,1.61501,1.57818,1.00000
arbitrary_w,563,1.7141e6,1.00000,1.00000
arbitrary_w,564,1.0142e4,1.00000,1.00000
arbitrary_w,565,1.1664e7,1.15089,1.00000
arbitrary_w,566,2.3097e6,1.47663,1.00000
arbitrary_w,567,1.8869e8,1.00000,1.00000
arbitrary_w,568,4.5311e6,1.00000,1.00000
arbitrary_w,569,3.0121e4,1.00660,1.00000
arbitrary_w,570,17.87775,1.00002,1.00002
arbitrary_w,571,1.3863e8,1.00000,1.00000
arbitrary_w,572,7.8490e6,1.05255,1.00000
arbitrary_w,573,1.0329e4,1.00000,1.00000
arbitrary_w,574,7615.04833,1.06142,1.00000
arbitrary_w,575,1.7257e4,1.00000,1.00000
arbitrary_w,576,1.9254e6,1.16635,1.00000
arbitrary_w,577,1.5415e6,1.00000,1.00000
arbitrary_w,578,1.3731e4,1.02507,1.02507
arbitrary_w,579,5.4663e4,1.03679,1.00000
arbitrary_w,580,8.9587e6,1.00000,1.00000
arbitrary_w,581,2.3951e6,1.76283,1.00000
arbitrary_w,582,269.31041,1.00758,1.00000
arbitrary_w,583,5302.83006,1.00000,1.00000
arbitrary_w,584,2.5369e6,1.08197,1.00000
arbitrary_w,585,160.05491,1.00096,1.00096
arbitrary_w,586,1101.89105,1.13819,1.07634
arbitrary_w,587,3.3610e5,1.02128,1.00000
arbitrary_w,588,1.1478e4,1.00122,1.00005
arbitrary_w,589,2.0659e7,1.00000,1.00000
arbitrary_w,590,691.03386,1.35905,1.00290
arbitrary_w,591,3403.91991,1.00000,1.00000
arbitrary_w,592,3.2485e4,1.00756,1.00000
arbitrary_w,593,164.60770,1.59408,1.00000
arbitrary_w,594,9.8042e7,1.00000,1.00000
arbitrary_w,595,1064.64224,1.00000,1.00000
arbitrary_w,596,140.98540,1.00000,1.00000
arbitrary_w,597,8.8975e4,1.11350,1.00000
arbitrary_w,598,646.95114,1.00100,1.00000
arbitrary_w,599,2.3673e6,1.00000,1.00000
arbitrary_w,600,103.60846,1.00000,1.00000
arbitrary_w,601,8.1312e4,1.22037,1.09520
arbitrary_w,602,25.34066,1.00001,1.00001
arbitrary_w,603,8.0316e4,1.11746,1.11746
arbitrary_w,604,19.97692,2.28454,1.00000
arbitrary_w,605,322.96062,1.00233,1.00000
arbitrary_w,606,2731.18492,1.00000,1.00000
arbitrary_w,607,41.96180,1.02612,1.00005
arbitrary_w,608,194.51406,1.12586,1.00005
arbitrary_w,609,1.3117e6,1.00000,1.00000
arbitrary_w,610,2.9166e7,1.04857,1.00000
arbitrary_w,611,5.3709e4,1.05505,1.00000
arbitrary_w,612,2.2875e6,1.00000,1.00000
arbitrary_w,613,924.27367,1.00000,1.00000
arbitrary_w,614,193.24196,1.03180,1.03180
arbitrary_w,615,386.77248,1.13082,1.13082
arbitrary_w,616,1050.55634,1.02538,1.02538
arbitrary_w,617,558.35714,1.00855,1.00000
arbitrary_w,618,6110.40425,1.00040,1.00040
arbitrary_w,619,2.5980e5,1.42241,1.00000
arbitrary_w,620,402.31752,1.03726,1.00000
arbitrary_w,621,6.3430e5,1.00000,1.00000
arbitrary_w,622,5.9168e4,1.00000,1.00000
arbitrary_w,623,1201.29355,1.00000,1.00000
arbitrary_w,624,1504.51259,1.00002,1.00002
arbitrary_w,625,2303.06761,1.07056,1.00000
arbitrary_w,626,9367.72400,1.38838,1.00000
arbitrary_w,627,4797.96864,1.08891,1.00000
arbitrary_w,628,1048.90588,1.08618,1.00000
arbitrary_w,629,1.2749e4,1.00022,1.00022
arbitrary_w,630,8.9161e5,1.06728,1.06728
arbitrary_w,631,1.2209e7,2.08823,1.00000
arbitrary_w,632,5102.23565,1.00000,1.00000
arbitrary_w,633,184.81974,1.00154,1.00154
arbitrary_w,634,6.2053e6,1.00000,1.00000
arbitrary_w,635,623.48918,1.00000,1.00000
arbitrary_w,636,2.6976e5,1.00000,1.00000
arbitrary_w,637,5948.74743,1.05767,1.00000
arbitrary_w,638,1.8438e5,1.00000,1.00000
arbitrary_w,639,7.3118e6,1.05404,1.02183
arbitrary_w,640,4.7931e7,1.00000,1.00000
arbitrary_w,641,2.7302e7,1.00000,1.00000
arbitrary_w,642,1.2176e5,1.00978,1.00978
arbitrary_w,643,3.0250e4,1.11562,1.11562
arbitrary_w,644,1.7410e6,1.00000,1.00000
arbitrary_w,645,6915.56789,1.00003,1.00003
arbitrary_w,646,136.86273,2.29850,1.00010
arbitrary_w,647,1291.79200,1.09538,1.00000
arbitrary_w,648,5.74466,1.00314,1.00000
arbitrary_w,649,439.62107,1.00119,1.00119
arbitrary_w,650,1.0723e6,1.00000,1.00000
arbitrary_w,651,1.2704e6,1.10712,1.00000
arbitrary_w,652,2.3032e6,1.00982,1.00000
arbitrary_w,653,1.9325e5,1.00000,1.00000
arbitrary_w,654,2357.22179,1.00900,1.00900
arbitrary_w,655,3.1845e4,1.00000,1.00000
arbitrary_w,656,2.8517e5,1.00000,1.00000
arbitrary_w,657,1.0940e6,1.00248,1.00248
arbitrary_w,658,10.76577,1.60824,1.00000
arbitrary_w,659,334.34188,1.00013,1.00013
arbitrary_w,660,1.9144e5,1.24062,1.24062
arbitrary_w,661,3.4361e4,1.00000,1.00000
arbitrary_w,662,5.2012e4,1.00000,1.00000
arbitrary_w,663,2.7518e6,1.00000,1.00000
arbitrary_w,664,2077.84050,1.00568,1.00568
arbitrary_w,665,2.0725e4,1.00000,1.00000
arbitrary_w,666,63.32821,1.30145,1.00003
arbitrary_w,667,2072.47188,1.38470,1.00000
arbitrary_w,668,2.6953e5,1.14848,1.00000
arbitrary_w,669,1.7047e4,1.22455,1.00000
arbitrary_w,670,12.31234,1.11684,1.00000
arbitrary_w,671,1.2470e7,2.77332,1.00000
arbitrary_w,672,2.8355e8,1.00000,1.00000
arbitrary_w,673,962.18997,1.00000,1.00000
arbitrary_w,674,2.2199e4,1.00351,1.00351
arbitrary_w,675,4213.47812,1.09545,1.09545
arbitrary_w,676,1.4821e5,1.00000,1.00000
arbitrary_w,677,1.4314e6,1.00000,1.00000
arbitrary_w,678,1.3244e5,1.00000,1.00000
arbitrary_w,679,1.5725e4,1.07600,1.07600
arbitrary_w,680,1.4092e7,1.00000,1.00000
arbitrary_w,681,1.3190e5,1.05439,1.05439
arbitrary_w,682,437.34895,1.10345,1.00000
arbitrary_w,683,1.7078e7,1.00000,1.00000
arbitrary_w,684,1493.26623,1.00000,1.00000
arbitrary_w,685,4.3753e6,1.00000,1.00000
arbitrary_w,686,4.4389e5,1.00000,1.00000
arbitrary_w,687,414.93228,1.00734,1.00000
arbitrary_w,688,221.27442,1.00000,1.00000
arbitrary_w,689,1083.92502,1.00014,1.00014
arbitrary_w,690,6257.62652,1.12563,1.00000
arbitrary_w,691,1.5882e6,1.00000,1.00000
arbitrary_w,692,7740.64818,1.00000,1.00000
arbitrary_w,693,96.32839,1.27888,1.00000
arbitrary_w,694,2.8825e6,2.86550,1.00000
arbitrary_w,695,2014.50582,1.05709,1.00000
arbitrary_w,696,14.35990,1.02753,1.00000
arbitrary_w,697,303.09140,2.83410,1.00000
arbitrary_w,698,202.67505,1.01719,1.01719
arbitrary_w,699,8.8391e4,1.00046,1.00046
arbitrary_w,700,6.1002e4,1.04660,1.02253
arbitrary_w,701,1.2223e6,1.39216,1.00000
arbitrary_w,702,1.8797e6,1.00000,1.00000
arbitrary_w,703,6.4056e7,1.00000,1.00000
arbitrary_w,704,1.7605e4,1.01134,1.00000
arbitrary_w,705,3.1196e6,1.00000,1.00000
arbitrary_w,706,1.7704e6,1.00000,1.00000
arbitrary_w,707,5.7354e4,1.00000,1.00000
arbitrary_w,708,1.8616e4,1.11521,1.00000
arbitrary_w,709,47.48286,1.00188,1.00097
arbitrary_w,710,92.37143,1.00000,1.00000
arbitrary_w,711,4095.86188,1.05478,1.00011
arbitrary_w,712,4.8463e7,1.00000,1.00000
arbitrary_w,713,1.0290e5,1.00780,1.00780
arbitrary_w,714,5.6909e5,1.00367,1.00367
arbitrary_w,715,1.0089e5,1.00000,1.00000
arbitrary_w,716,1.7269e6,1.08703,1.08703
arbitrary_w,717,279.76439,1.00000,1.00000
arbitrary_w,718,425.98668,2.24877,1.00209
arbitrary_w,719,2.5404e7,1.00000,1.00000
arbitrary_w,720,8.0618e5,1.04143,1.00000
arbitrary_w,721,6529.60719,1.09061,1.09061
arbitrary_w,722,9624.60712,1.00000,1.00000
arbitrary_w,723,1.2398e6,1.00923,1.00000
arbitrary_w,724,3.9505e6,1.00000,1.00000
arbitrary_w,725,5.0990e4,1.00000,1.00000
arbitrary_w,726,1.5376e6,1.00000,1.00000
arbitrary_w,727,51.79942,3.45776,1.00000
arbitrary_w,728,4714.49716,1.33156,1.00704
arbitrary_w,729,2.6138e6,2.40500,1.00000
arbitrary_w,730,5.1758e7,1.00000,1.00000
arbitrary_w,731,5.5493e4,1.00000,1.00000
arbitrary_w,732,2.5782e4,1.00000,1.00000
arbitrary_w,733,5314.84628,1.00000,1.00000
arbitrary_w,734,2.1844e6,1.00000,1.00000
arbitrary_w,735,1453.70593,1.00665,1.00000
arbitrary_w,736,1.6882e6,1.50014,1.00000
arbitrary_w,737,8100.77105,1.03786,1.03786
arbitrary_w,738,8362.50121,1.00065,1.00065
arbitrary_w,739,400.80774,1.08995,1.00000
arbitrary_w,740,1244.25592,1.01301,1.00000
arbitrary_w,741,3.1763e4,1.32003,1.00000
arbitrary_w,742,649.93619,1.05658,1.00552
arbitrary_w,743,8.0266e4,1.00000,1.00000
arbitrary_w,744,4.9357e6,1.00000,1.00000
arbitrary_w,745,3.3947e4,1.13710,1.00000
arbitrary_w,746,17.67098,1.07926,1.00000
arbitrary_w,747,151.65762,1.01473,1.01473
arbitrary_w,748,594.44698,1.00241,1.00241
arbitrary_w,749,5.5330e6,1.19086,1.00000
arbitrary_w,750,5.7834e4,1.14871,1.00000
arbitrary_w,751,1.6860e5,1.62943,1.00000
arbitrary_w,752,1.2821e5,1.00000,1.00000
arbitrary_w,753,2.0640e4,1.00000,1.00000
arbitrary_w,754,8850.40298,1.02677,1.02677
arbitrary_w,755,2453.69532,1.00000,1.00000
arbitrary_w,756,4.4703e5,1.00000,1.00000
arbitrary_w,757,1.2467e7,1.00000,1.00000
arbitrary_w,758,1525.62334,2.15389,1.00000
arbitrary_w,759,3916.13534,1.00000,1.00000
arbitrary_w,760,2.4114e5,1.01082,1.00000
arbitrary_w,761,4.7138e4,1.00000,1.00000
arbitrary_w,762,10.17502,1.05089,1.05089
arbitrary_w,763,2.1404e5,1.00000,1.00000
arbitrary_w,764,9.5927e4,1.02412,1.02412
arbitrary_w,765,21.35816,1.01503,1.00000
arbitrary_w,766,2194.50796,1.00030,1.00030
arbitrary_w,767,1667.63811,1.00000,1.00000
arbitrary_w,768,1.0014e7,1.00000,1.00000
arbitrary_w,769,2.0809e4,1.00000,1.00000
arbitrary_w,770,1990.09842,1.11297,1.00014
arbitrary_w,771,267.33671,1.00000,1.00000
arbitrary_w,772,1.7231e4,1.01046,1.01046
arbitrary_w,773,2654.72995,1.00017,1.00017
arbitrary_w,774,2.9715e4,1.00000,1.00000
arbitrary_w,775,245.00182,1.00000,1.00000
arbitrary_w,776,3.0243e6,1.00000,1.00000
arbitrary_w,777,1227.51163,1.00002,1.00002
arbitrary_w,778,1.2768e6,1.00000,1.00000
arbitrary_w,779,3.7950e4,1.00101,1.00101
arbitrary_w,780,1.3076e5,1.24058,1.00000
arbitrary_w,781,113.84485,1.03082,1.01622
arbitrary_w,782,5.8759e7,1.00000,1.00000
arbitrary_w,783,7989.21885,1.00233,1.00233
arbitrary_w,784,3.3550e4,1.00000,1.00000
arbitrary_w,785,625.59910,1.02406,1.02406
arbitrary_w,786,1341.33327,3.33889,1.00286
arbitrary_w,787,6.0338e4,1.04245,1.04245
arbitrary_w,788,39.69808,1.00000,1.00000
arbitrary_w,789,1.9420e4,1.19974,1.00000
arbitrary_w,790,1.1497e6,1.00000,1.00000
arbitrary_w,791,324.55537,1.00952,1.00952
arbitrary_w,792,538.06680,1.00000,1.00000
arbitrary_w,793,3.6375e5,1.00000,1.00000
arbitrary_w,794,753.29942,1.01773,1.00305
arbitrary_w,795,2.0812e5,1.05236,1.05236
arbitrary_w,796,4315.50316,1.00116,1.00116
arbitrary_w,797,5.8241e4,1.00160,1.00160
arbitrary_w,798,3.5020e6,1.11883,1.00000
arbitrary_w,799,5.6338e4,1.00953,1.00000
arbitrary_w,800,7.0795e4,1.00000,1.00000
arbitrary_w,801,2.3864e5,1.00000,1.00000
arbitrary_w,802,932.64005,1.00000,1.00000
arbitrary_w,803,108.19293,1.00127,1.00127
arbitrary_w,804,3470.59450,1.00005,1.00000
arbitrary_w,805,3596.36732,1.05430,1.05430
arbitrary_w,806,2.6384e5,1.00000,1.00000
arbitrary_w,807,53.98969,1.00000,1.00000
arbitrary_w,808,1.3233e5,1.00000,1.00000
arbitrary_w,809,2989.28624,1.00000,1.00000
arbitrary_w,810,63.63554,1.00000,1.00000
arbitrary_w,811,2152.03893,1.95153,1.00000
arbitrary_w,812,175.19406,1.00020,1.00000
arbitrary_w,813,6.7881e4,1.05768,1.05768
arbitrary_w,814,3.2970e5,1.00000,1.00000
arbitrary_w,815,1087.53333,1.01249,1.01249
arbitrary_w,816,2147.91949,1.00000,1.00000
arbitrary_w,817,1.2114e5,1.10104,1.00000
arbitrary_w,818,3632.72464,1.00000,1.00000
arbitrary_w,819,1.5226e4,1.04895,1.04895
arbitrary_w,820,2.39161,1.06177,1.00025
arbitrary_w,821,2455.41059,1.00178,1.00178
arbitrary_w,822,2.5075e5,1.00000,1.00000
arbitrary_w,823,1.0005e5,1.00345,1.00345
arbitrary_w,824,467.48136,1.13241,1.00000
arbitrary_w,825,697.42462,1.00315,1.00315
arbitrary_w,826,204.31775,1.01215,1.01215
arbitrary_w,827,4235.02516,2.59626,1.00000
arbitrary_w,828,1.1575e6,1.39983,1.00000
arbitrary_w,829,421.79570,1.00003,1.00003
arbitrary_w,830,2.1171e4,1.03323,1.00000
arbitrary_w,831,5.6338e5,1.19157,1.00000
arbitrary_w,832,1.9628e7,1.00000,1.00000
arbitrary_w,833,1.8933e6,1.01100,1.00000
arbitrary_w,834,35.28438,1.00392,1.00392
arbitrary_w,835,1095.41593,1.03529,1.03529
arbitrary_w,836,3.6896e7,1.00000,1.00000
arbitrary_w,837,1.4209e5,1.00000,1.00000
arbitrary_w,838,8.9606e6,1.00000,1.00000
arbitrary_w,839,4318.81205,1.02112,1.02112
arbitrary_w,840,14.85300,1.00402,1.00402
arbitrary_w,841,8.6413e4,1.00000,1.00000
arbitrary_w,842,6346.12046,1.04092,1.04092
arbitrary_w,843,5713.17182,1.00120,1.00120
arbitrary_w,844,237.71397,1.29135,1.00000
arbitrary_w,845,1.4625e5,1.00000,1.00000
arbitrary_w,846,1.1048e5,1.27818,1.00000
arbitrary_w,847,415.52473,1.20006,1.20006
arbitrary_w,848,1.9258e5,3.41344,1.00000
arbitrary_w,849,5.7890e5,1.00434,1.00434
arbitrary_w,850,108.71179,1.00082,1.00000
arbitrary_w,851,1.6091e6,1.00000,1.00000
arbitrary_w,852,1.0128e7,1.00000,1.00000
arbitrary_w,853,2796.48622,1.00010,1.00010
arbitrary_w,854,1.3349e5,1.07087,1.00000
arbitrary_w,855,4731.87861,1.00493,1.00493
arbitrary_w,856,487.99992,1.00094,1.00094
arbitrary_w,857,2814.96584,1.00045,1.00045
arbitrary_w,858,1.1740e4,1.00000,1.00000
arbitrary_w,859,1.6256e7,1.00000,1.00000
arbitrary_w,860,1452.28417,1.38099,1.00013
arbitrary_w,861,1.9692e5,1.01539,1.01539
arbitrary_w,862,6.74379,1.00057,1.00057
arbitrary_w,863,1.8862e5,1.00000,1.00000
arbitrary_w,864,7.6659e4,1.02966,1.00000
arbitrary_w,865,1.0672e6,1.05381,1.00000
arbitrary_w,866,1.5406e5,1.00000,1.00000
arbitrary_w,867,3.8097e4,1.20992,1.00000
arbitrary_w,868,996.27674,1.00061,1.00061
arbitrary_w,869,1.4232e7,1.00000,1.00000
arbitrary_w,870,1.1317e7,1.00000,1.00000
arbitrary_w,871,269.34592,1.00000,1.00000
arbitrary_w,872,209.22601,1.12930,1.07578
arbitrary_w,873,1.84696,1.56834,1.05573
arbitrary_w,874,8.6473e4,1.00000,1.00000
arbitrary_w,875,215.46463,1.00002,1.00002
arbitrary_w,876,1.1476e7,1.00000,1.00000
arbitrary_w,877,1.1651e4,1.00000,1.00000
arbitrary_w,878,1.0288e5,1.01264,1.01264
arbitrary_w,879,2455.20369,1.00000,1.00000
arbitrary_w,880,5.1246e5,1.00799,1.00799
arbitrary_w,881,1.3301e5,1.00000,1.00000
arbitrary_w,882,8.1980e4,1.00000,1.00000
arbitrary_w,883,1.8128e4,1.00000,1.00000
arbitrary_w,884,3.0150e4,1.00000,1.00000
arbitrary_w,885,1281.99944,1.00000,1.00000
arbitrary_w,886,9.8615e5,1.00000,1.00000
arbitrary_w,887,2.6889e6,1.00000,1.00000
arbitrary_w,888,1.4632e5,1.36655,1.00000
arbitrary_w,889,1.1088e5,1.00000,1.00000
arbitrary_w,890,2.0285e6,1.00000,1.00000
arbitrary_w,891,1.6731e4,1.12556,1.00000
arbitrary_w,892,14.87916,1.42497,1.00000
arbitrary_w,893,3.2751e4,1.00000,1.00000
arbitrary_w,894,36.90320,1.00878,1.00000
arbitrary_w,895,1051.24909,1.03466,1.00002
arbitrary_w,896,8.7048e4,1.02318,1.02318
arbitrary_w,897,2.4255e6,1.05521,1.00000
arbitrary_w,898,4.0134e5,1.00000,1.00000
arbitrary_w,899,2.3937e5,1.00000,1.00000
arbitrary_w,900,897.66016,1.00000,1.00000
arbitrary_w,901,9.8304e5,1.00000,1.00000
arbitrary_w,902,1.1398e6,1.08584,1.00000
arbitrary_w,903,3.4265e6,1.02747,1.02747
arbitrary_w,904,2.1118e5,1.01114,1.01114
arbitrary_w,905,9559.09492,1.00000,1.00000
arbitrary_w,906,5.5688e6,1.02467,1.02467
arbitrary_w,907,5.6166e4,1.00000,1.00000
arbitrary_w,908,1785.72887,1.10625,1.00000
arbitrary_w,909,7.2110e7,1.00000,1.00000
arbitrary_w,910,6.7162e7,1.00000,1.00000
arbitrary_w,911,1.00298,1.21238,1.00000
arbitrary_w,912,2.2104e5,1.02448,1.02448
arbitrary_w,913,705.10080,1.00000,1.00000
arbitrary_w,914,1.7144e5,1.00000,1.00000
arbitrary_w,915,2.1710e6,1.00000,1.00000
arbitrary_w,916,1.2479e4,1.00000,1.00000
arbitrary_w,917,7173.16232,1.00003,1.00003
arbitrary_w,918,1.0113e4,1.00000,1.00000
arbitrary_w,919,1.2782e6,1.00000,1.00000
arbitrary_w,920,8.4984e4,1.00000,1.00000
arbitrary_w,921,1.4365e7,1.50591,1.00000
arbitrary_w,922,9.9059e4,1.00408,1.00408
arbitrary_w,923,1.4351e5,1.00000,1.00000
arbitrary_w,924,621.19781,1.09092,1.00000
arbitrary_w,925,2.3951e6,1.00000,1.00000
arbitrary_w,926,5.74202,1.03772,1.00000
arbitrary_w,927,3.3264e4,1.00000,1.00000
arbitrary_w,928,2.0284e7,1.00000,1.00000
arbitrary_w,929,3.5340e4,1.02116,1.00000
arbitrary_w,930,53.23628,1.02810,1.00000
arbitrary_w,931,5.6114e4,1.07261,1.00000
arbitrary_w,932,8.8914e5,1.16134,1.00000
arbitrary_w,933,2413.33829,1.00044,1.00044
arbitrary_w,934,181.44720,1.00432,1.00066
arbitrary_w,935,4.2165e7,1.00000,1.00000
arbitrary_w,936,2266.24787,1.00000,1.00000
arbitrary_w,937,5.0351e6,1.00000,1.00000
arbitrary_w,938,1.4170e4,1.00000,1.00000
arbitrary_w,939,1.8427e5,1.03518,1.00000
arbitrary_w,940,1.6113e6,1.01014,1.00000
arbitrary_w,941,6.5852e5,1.00000,1.00000
arbitrary_w,942,5745.86247,1.04886,1.04886
arbitrary_w,943,268.67360,1.00000,1.00000
arbitrary_w,944,1.8729e5,1.02157,1.02157
arbitrary_w,945,5851.22046,1.00000,1.00000
arbitrary_w,946,5.7270e6,1.24681,1.00000
arbitrary_w,947,17.27552,1.00038,1.00038
arbitrary_w,948,1.5443e4,1.00000,1.00000
arbitrary_w,949,1.0041e7,1.01748,1.00381
arbitrary_w,950,176.45223,1.00000,1.00000
arbitrary_w,951,2.8579e5,1.00000,1.00000
arbitrary_w,952,4.9273e7,1.00000,1.00000
arbitrary_w,953,5.0212e4,1.01435,1.00000
arbitrary_w,954,5.1228e5,1.00000,1.00000
arbitrary_w,955,1.4231e5,1.00000,1.00000
arbitrary_w,956,2.3834e4,1.04821,1.00000
arbitrary_w,957,9.9070e6,1.45761,1.00000
arbitrary_w,958,5.7413e4,1.00000,1.00000
arbitrary_w,959,1.6281e4,1.07805,1.07805
arbitrary_w,960,439.25313,1.94016,1.00313
arbitrary_w,961,1.7744e5,1.00000,1.00000
arbitrary_w,962,7.9471e6,1.00000,1.00000
arbitrary_w,963,2.0726e6,1.00000,1.00000
arbitrary_w,964,8.5076e4,1.00000,1.00000
arbitrary_w,965,2.8185e5,1.01029,1.01029
arbitrary_w,966,5182.03605,1.20571,1.00000
arbitrary_w,967,8.6472e7,1.00000,1.00000
arbitrary_w,968,5.6673e5,1.37405,1.00000
arbitrary_w,969,1.0350e7,1.00000,1.00000
arbitrary_w,970,4.5970e5,1.00000,1.00000
arbitrary_w,971,3.2216e4,1.00000,1.00000
arbitrary_w,972,2.3859e5,1.00076,1.00076
arbitrary_w,973,2969.47766,1.04240,1.00000
arbitrary_w,974,4.4838e5,1.00000,1.00000
arbitrary_w,975,2.9615e6,1.00000,1.00000
arbitrary_w,976,1.3023e6,1.16556,1.16556
arbitrary_w,977,198.17512,1.14696,1.01153
arbitrary_w,978,5.8765e4,1.43194,1.00000
arbitrary_w,979,6.7349e4,1.00000,1.00000
arbitrary_w,980,3.1943e5,1.14562,1.00000
arbitrary_w,981,1.6519e5,1.11515,1.00000
arbitrary_w,982,7.7674e4,1.00000,1.00000
arbitrary_w,983,2.4302e5,1.02654,1.00000
arbitrary_w,984,1.4433e4,1.00193,1.00000
arbitrary_w,985,9.5715e5,1.47266,1.00000
arbitrary_w,986,4.0097e4,1.00000,1.00000
arbitrary_w,987,716.98572,1.00004,1.00004
arbitrary_w,988,1129.20970,1.00000,1.00000
arbitrary_w,989,6.0558e4,1.00000,1.00000
arbitrary_w,990,759.17802,1.00000,1.00000
arbitrary_w,991,3.0474e5,1.00000,1.00000
arbitrary_w,992,4.0293e4,1.00000,1.00000
arbitrary_w,993,3.9040e5,1.00215,1.00215
arbitrary_w,994,3.1194e5,1.00000,1.00000
arbitrary_w,995,8.8319e6,1.00000,1.00000
arbitrary_w,996,5106.55384,1.15225,1.00000
arbitrary_w,997,229.74370,1.00000,1.00000
arbitrary_w,998,3.5524e5,1.04019,1.00000
arbitrary_w,999,9867.59180,1.00004,1.00004
arbitrary_w,1000,6951.33959,1.23843,1.00019
arbitrary_w,1001,5.8200e7,1.24999,1.00000
arbitrary_w,1002,2.3556e6,1.00000,1.00000
arbitrary_w,1003,544.45349,1.10040,1.00024
arbitrary_w,1004,6.1736e4,1.00000,1.00000
arbitrary_w,1005,6.8504e6,1.00000,1.00000
arbitrary_w,1006,87.71960,1.00000,1.00000
arbitrary_w,1007,2694.72633,1.02975,1.00000
arbitrary_w,1008,2.5248e4,1.00000,1.00000
arbitrary_w,1009,1448.92764,1.00000,1.00000
arbitrary_w,1010,2.0073e5,1.00000,1.00000
arbitrary_w,1011,1.6271e7,1.00000,1.00000
arbitrary_w,1012,432.36915,1.00560,1.00560
arbitrary_w,1013,4.9339e6,1.55963,1.01006
arbitrary_w,1014,1707.84262,1.00000,1.00000
arbitrary_w,1015,863.82858,1.18158,1.00000
arbitrary_w,1016,3.8539e4,1.00000,1.00000
arbitrary_w,1017,114.10357,1.00466,1.00466
arbitrary_w,1018,3.4402e5,1.00000,1.00000
arbitrary_w,1019,1.6963e5,1.00033,1.00033
arbitrary_w,1020,4604.94171,1.32961,1.00000
arbitrary_w,1021,809.80288,1.01561,1.00000
arbitrary_w,1022,560.55702,1.00346,1.00000
arbitrary_w,1023,220.79681,1.01934,1.00000
arbitrary_w,1024,102.73945,1.00000,1.00000
arbitrary_w,1025,7.8848e5,1.00000,1.00000
arbitrary_w,1026,4.6732e8,1.00000,1.00000
arbitrary_w,1027,6144.68437,1.00040,1.00040
arbitrary_w,1028,3490.22075,1.00000,1.00000
arbitrary_w,1029,132.37810,1.00000,1.00000
arbitrary_w,1030,1006.29376,1.00014,1.00014
arbitrary_w,1031,17.54717,1.29838,1.00000
arbitrary_w,1032,127.46316,1.00000,1.00000
arbitrary_w,1033,443.73039,1.00000,1.00000
arbitrary_w,1034,2403.79140,1.07783,1.00000
arbitrary_w,1035,1.1191e5,1.15409,1.00000
arbitrary_w,1036,6.1418e4,1.01923,1.00000
arbitrary_w,1037,4.9963e5,1.01161,1.01161
arbitrary_w,1038,3.5537e7,1.00000,1.00000
arbitrary_w,1039,1.2088e4,1.00000,1.00000
arbitrary_w,1040,1.7001e8,1.00000,1.00000
arbitrary_w,1041,2.5858e4,1.03502,1.00000
arbitrary_w,1042,3.3285e6,1.04220,1.00000
arbitrary_w,1043,57.33488,1.05901,1.00000
arbitrary_w,1044,1.3434e4,1.00129,1.00129
arbitrary_w,1045,32.77004,1.00000,1.00000
arbitrary_w,1046,2.0856e4,1.06952,1.00000
arbitrary_w,1047,591.30507,3.32056,1.00000
arbitrary_w,1048,1602.59184,1.00000,1.00000
arbitrary_w,1049,8.3603e5,1.00000,1.00000
arbitrary_w,1050,4.2729e4,1.00000,1.00000
arbitrary_w,1051,480.36150,1.00000,1.00000
arbitrary_w,1052,78.26496,1.01045,1.00000
arbitrary_w,1053,5038.11705,1.03959,1.00727
arbitrary_w,1054,1149.91735,1.13545,1.00119
arbitrary_w,1055,1.3764e7,1.09575,1.00000
arbitrary_w,1056,3.9239e5,1.09439,1.00000
arbitrary_w,1057,679.81712,1.47788,1.00000
arbitrary_w,1058,2025.47430,1.02042,1.00000
arbitrary_w,1059,5787.35566,1.00000,1.00000
arbitrary_w,1060,3.9865e5,1.14494,1.00000
arbitrary_w,1061,2.4740e6,1.00332,1.00332
arbitrary_w,1062,1.3871e7,1.46616,1.00000
arbitrary_w,1063,62.93267,1.00288,1.00000
arbitrary_w,1064,5.8387e5,1.04425,1.00000
arbitrary_w,1065,6192.63861,1.00000,1.00000
arbitrary_w,1066,7173.19352,1.05765,1.05765
arbitrary_w,1067,7.4489e4,1.05107,1.00000
arbitrary_w,1068,4.1088e5,1.04469,1.04469
arbitrary_w,1069,182.13174,1.00014,1.00014
arbitrary_w,1070,324.50168,1.04762,1.00000
arbitrary_w,1071,4.1976e7,1.00000,1.00000
arbitrary_w,1072,2511.73131,1.00000,1.00000
arbitrary_w,1073,1.6414e4,1.01264,1.01264
arbitrary_w,1074,2.7428e5,1.00000,1.00000
arbitrary_w,1075,18.04410,1.27826,1.00000
arbitrary_w,1076,145.57206,1.00065,1.00065
arbitrary_w,1077,1.1019e6,1.00000,1.00000
arbitrary_w,1078,1.0433e4,1.00000,1.00000
arbitrary_w,1079,1.7342e7,1.00000,1.00000
arbitrary_w,1080,4.2648e4,1.04575,1.04575
arbitrary_w,1081,5600.89243,1.00000,1.00000
arbitrary_w,1082,7.9823e4,1.00000,1.00000
arbitrary_w,1083,451.49955,1.00000,1.00000
arbitrary_w,1084,67.02868,1.08335,1.00000
arbitrary_w,1085,7041.60521,1.00210,1.00028
arbitrary_w,1086,5.2648e7,1.00000,1.00000
arbitrary_w,1087,2.0657e6,1.00000,1.00000
arbitrary_w,1088,5.1031e4,1.01161,1.00000
arbitrary_w,1089,96.35601,1.01097,1.01097
arbitrary_w,1090,1.5065e5,1.00000,1.00000
arbitrary_w,1091,6.4922e6,1.00000,1.00000
arbitrary_w,1092,2.8556e4,1.39858,1.00000
arbitrary_w,1093,3.6234e4,1.00307,1.00307
arbitrary_w,1094,6.4355e5,1.00000,1.00000
arbitrary_w,1095,9984.81708,1.86822,1.00000
arbitrary_w,1096,236.74686,1.00501,1.00000
arbitrary_w,1097,9.9484e4,1.37798,1.00000
arbitrary_w,1098,2.1108e5,1.12747,1.00000
arbitrary_w,1099,1.0294e5,1.00000,1.00000
arbitrary_w,1100,7.9358e5,1.04916,1.04916
arbitrary_w,1101,251.02600,1.00266,1.00266
arbitrary_w,1102,2.5272e4,1.00000,1.00000
arbitrary_w,1103,4.0138e4,1.00000,1.00000
arbitrary_w,1104,4.4292e5,1.03336,1.00000
arbitrary_w,1105,1.3291e6,1.00000,1.00000
arbitrary_w,1106,1.0134e5,1.00296,1.00296
arbitrary_w,1107,5.8203e6,1.00000,1.00000
arbitrary_w,1108,5.1155e5,1.90501,1.00000
arbitrary_w,1109,371.36859,1.03633,1.00000
arbitrary_w,1110,2.8249e4,1.00000,1.00000
arbitrary_w,1111,1.1664e4,1.00200,1.00200
arbitrary_w,1112,1.7315e4,1.07226,1.04352
arbitrary_w,1113,85.84249,1.00000,1.00000
arbitrary_w,1114,4.0754e8,1.00000,1.00000
arbitrary_w,1115,660.81431,1.00009,1.00009
arbitrary_w,1116,3678.38904,1.40076,1.00000
arbitrary_w,1117,586.36575,1.00017,1.00017
arbitrary_w,1118,1233.23236,1.02087,1.02087
arbitrary_w,1119,6.1025e4,1.00000,1.00000
arbitrary_w,1120,478.59647,1.00075,1.00075
arbitrary_w,1121,5443.01029,1.00000,1.00000
arbitrary_w,1122,5.1232e7,1.58183,1.00000
arbitrary_w,1123,6.7217e4,1.00000,1.00000
arbitrary_w,1124,1.1748e5,1.16800,1.00000
arbitrary_w,1125,4735.83906,1.00043,1.00043
arbitrary_w,1126,667.15591,1.00057,1.00000
arbitrary_w,1127,6.5627e4,1.04474,1.00000
arbitrary_w,1128,2.4315e7,1.00000,1.00000
arbitrary_w,1129,2.2131e8,1.00000,1.00000
arbitrary_w,1130,1.7013e7,1.00000,1.00000
arbitrary_w,1131,4637.66798,1.00048,1.00048
arbitrary_w,1132,4.3662e4,1.00000,1.00000
arbitrary_w,1133,4.4142e7,1.00000,1.00000
arbitrary_w,1134,1.6216e4,1.00000,1.00000
arbitrary_w,1135,1.4306e4,1.00000,1.00000
arbitrary_w,1136,3.0202e5,1.21077,1.00660
arbitrary_w,1137,5627.82338,1.00000,1.00000
arbitrary_w,1138,3.0709e4,1.04304,1.00000
arbitrary_w,1139,1.78616,1.24972,1.00000
arbitrary_w,1140,7.8744e4,1.00000,1.00000
arbitrary_w,1141,395.47288,1.01189,1.01189
arbitrary_w,1142,40.11603,1.00016,1.00016
arbitrary_w,1143,9.9417e4,1.02595,1.00000
arbitrary_w,1144,2.4398e7,1.00000,1.00000
arbitrary_w,1145,2.0438e5,1.00000,1.00000
arbitrary_w,1146,2.5744e4,1.03975,1.00000
arbitrary_w,1147,1.3750e6,1.12228,1.07523
arbitrary_w,1148,1.2368e8,1.00000,1.00000
arbitrary_w,1149,382.56552,3.28616,1.00000
arbitrary_w,1150,267.82765,1.00001,1.00001
arbitrary_w,1151,9.6198e4,1.00000,1.00000
arbitrary_w,1152,833.21679,1.00481,1.00481
arbitrary_w,1153,5.4233e4,1.00000,1.00000
arbitrary_w,1154,3.7376e5,1.00000,1.00000
arbitrary_w,1155,82.98552,1.00462,1.00462
arbitrary_w,1156,3.5644e4,1.02339,1.00088
arbitrary_w,1157,684.18469,1.00067,1.00067
arbitrary_w,1158,6003.43023,1.00000,1.00000
arbitrary_w,1159,1443.76586,1.00000,1.00000
arbitrary_w,1160,3.1435e4,1.00000,1.00000
arbitrary_w,1161,1.9518e6,1.00000,1.00000
arbitrary_w,1162,537.95078,1.02351,1.00010
arbitrary_w,1163,1.4375e6,1.00000,1.00000
arbitrary_w,1164,329.77506,1.01263,1.00000
arbitrary_w,1165,6.2216e5,1.00000,1.00000
arbitrary_w,1166,2.6098e7,1.00000,1.00000
arbitrary_w,1167,961.47675,1.00000,1.00000
arbitrary_w,1168,1.8729e6,1.00000,1.00000
arbitrary_w,1169,17.40204,1.00000,1.00000
arbitrary_w,1170,75.70910,1.00000,1.00000
arbitrary_w,1171,7.9061e6,1.10792,1.00000
arbitrary_w,1172,138.21516,1.01467,1.01467
arbitrary_w,1173,3.7899e6,1.61635,1.00000
arbitrary_w,1174,8.0459e4,1.00000,1.00000
arbitrary_w,1175,1.5665e6,1.00277,1.00277
arbitrary_w,1176,8.9332e4,1.06546,1.00000
arbitrary_w,1177,198.77380,1.13763,1.00045
arbitrary_w,1178,55.15414,1.00000,1.00000
arbitrary_w,1179,89.33818,1.35934,1.00000
arbitrary_w,1180,2.7573e5,1.00085,1.00000
arbitrary_w,1181,6.5714e7,1.35843,1.00000
arbitrary_w,1182,9.3708e4,1.00000,1.00000
arbitrary_w,1183,9.6347e5,1.04348,1.04348
arbitrary_w,1184,1.2042e4,1.00000,1.00000
arbitrary_w,1185,4.0693e5,1.00000,1.00000
arbitrary_w,1186,1.6281e4,1.02816,1.00173
arbitrary_w,1187,8.0374e4,1.00531,1.00531
arbitrary_w,1188,2.4440e4,1.00000,1.00000
arbitrary_w,1189,1.8834e5,1.02396,1.02396
arbitrary_w,1190,2.5404e5,1.07082,1.00000
arbitrary_w,1191,1.3046e4,1.00008,1.00008
arbitrary_w,1192,4.2093e4,1.33914,1.00000
arbitrary_w,1193,863.28149,1.90673,1.00000
arbitrary_w,1194,5.4176e6,1.00000,1.00000
arbitrary_w,1195,7290.40027,1.00000,1.00000
arbitrary_w,1196,1.2229e7,1.00000,1.00000
arbitrary_w,1197,5249.15229,1.01406,1.01406
arbitrary_w,1198,3.6092e4,1.00075,1.00075
arbitrary_w,1199,5.4813e5,1.06277,1.00000
arbitrary_w,1200,2.7156e5,1.00032,1.00032
arbitrary_w,1201,2.9374e5,1.05918,1.01885
arbitrary_w,1202,1.5610e7,1.00000,1.00000
arbitrary_w,1203,1.5982e5,2.32519,1.00000
arbitrary_w,1204,24.52159,1.00000,1.00000
arbitrary_w,1205,2.5664e8,1.00000,1.00000
arbitrary_w,1206,7.1050e5,1.00000,1.00000
arbitrary_w,1207,33.24104,1.33915,1.00000
arbitrary_w,1208,2.8897e4,1.00000,1.00000
arbitrary_w,1209,1.2831e7,1.00000,1.00000
arbitrary_w,1210,2547.06295,1.00161,1.00000
arbitrary_w,1211,2.4581e5,1.00053,1.00000
arbitrary_w,1212,1002.36929,1.00129,1.00002
arbitrary_w,1213,5.5343e5,1.05120,1.00000
arbitrary_w,1214,2.1143e5,1.00701,1.00701
arbitrary_w,1215,121.34727,1.00000,1.00000
arbitrary_w,1216,1.6947e6,1.00000,1.00000
arbitrary_w,1217,1.4456e5,1.79442,1.00000
arbitrary_w,1218,1244.26438,1.24391,1.00000
arbitrary_w,1219,9.7441e4,1.00358,1.00358
arbitrary_w,1220,7.64086,1.04261,1.04261
arbitrary_w,1221,5.1788e5,1.00000,1.00000
arbitrary_w,1222,8.5378e4,1.00000,1.00000
arbitrary_w,1223,2.5703e6,1.00000,1.00000
arbitrary_w,1224,3.4034e4,1.06778,1.00000
arbitrary_w,1225,1.2738e6,1.00000,1.00000
arbitrary_w,1226,94.46740,1.00002,1.00002
arbitrary_w,1227,1.7110e6,1.00887,1.00000
arbitrary_w,1228,6.7710e7,1.00000,1.00000
arbitrary_w,1229,1.0436e6,1.00000,1.00000
arbitrary_w,1230,9.9504e5,1.00000,1.00000
arbitrary_w,1231,3.1325e5,1.35627,1.00000
arbitrary_w,1232,1.1038e7,1.00000,1.00000
arbitrary_w,1233,2126.20650,1.00024,1.00024
arbitrary_w,1234,1.2146e7,1.00000,1.00000
arbitrary_w,1235,1.9306e6,1.00000,1.00000
arbitrary_w,1236,363.88481,1.28378,1.00000
arbitrary_w,1237,8.4659e5,1.00000,1.00000
arbitrary_w,1238,4.8074e5,1.00000,1.00000
arbitrary_w,1239,3.2654e6,1.04692,1.00000
arbitrary_w,1240,605.34296,1.00249,1.00249
arbitrary_w,1241,9.3033e4,1.10721,1.00000
arbitrary_w,1242,3.4260e6,1.00000,1.00000
arbitrary_w,1243,3.3630e4,1.00000,1.00000
arbitrary_w,1244,3967.64564,1.00006,1.00006
arbitrary_w,1245,1.3255e4,1.00000,1.00000
arbitrary_w,1246,2.0759e5,1.00000,1.00000
arbitrary_w,1247,2.7877e7,1.00000,1.00000
arbitrary_w,1248,2237.33986,1.00000,1.00000
arbitrary_w,1249,5076.70498,1.00316,1.00316
arbitrary_w,1250,4.3664e4,3.74039,1.00000
arbitrary_w,1251,1.5661e6,1.00000,1.00000
arbitrary_w,1252,1.2283e5,1.00000,1.00000
arbitrary_w,1253,82.35777,1.00137,1.00137
arbitrary_w,1254,7.0793e6,1.00000,1.00000
arbitrary_w,1255,2.5720e4,1.32365,1.00226
arbitrary_w,1256,1.1327e5,1.00000,1.00000
arbitrary_w,1257,3.4383e5,1.00000,1.00000
arbitrary_w,1258,4.3242e5,1.00000,1.00000
arbitrary_w,1259,3.8607e5,1.08958,1.08958
arbitrary_w,1260,4.1549e6,1.03686,1.03686
arbitrary_w,1261,275.86779,1.02045,1.00000
arbitrary_w,1262,3.1109e5,1.00000,1.00000
arbitrary_w,1263,1.6849e6,1.01283,1.00000
arbitrary_w,1264,74.10646,1.07260,1.01742
arbitrary_w,1265,12.62922,1.06170,1.00000
arbitrary_w,1266,97.15796,1.00002,1.00002
arbitrary_w,1267,2.1842e4,1.02578,1.00000
arbitrary_w,1268,6.6974e6,1.00000,1.00000
arbitrary_w,1269,54.40072,1.00852,1.00852
arbitrary_w,1270,5.4694e6,1.09204,1.09204
arbitrary_w,1271,2758.03059,1.00000,1.00000
arbitrary_w,1272,4.2943e4,1.08514,1.00000
arbitrary_w,1273,8.5331e4,1.00000,1.00000
arbitrary_w,1274,3.9608e4,1.00844,1.00844
arbitrary_w,1275,1.7909e6,1.00000,1.00000
arbitrary_w,1276,5.28270,1.27503,1.00001
arbitrary_w,1277,7511.93630,1.13951,1.00038
arbitrary_w,1278,1.7488e5,1.34128,1.00496
arbitrary_w,1279,2.9021e5,1.00000,1.00000
arbitrary_w,1280,3.4963e5,1.00000,1.00000
arbitrary_w,1281,1.6222e7,1.00000,1.00000
arbitrary_w,1282,4.4040e7,1.00000,1.00000
arbitrary_w,1283,347.93057,1.15345,1.00100
arbitrary_w,1284,9.3251e4,1.00000,1.00000
arbitrary_w,1285,3626.22844,1.05852,1.00000
arbitrary_w,1286,2.3600e4,1.00000,1.00000
arbitrary_w,1287,206.62013,1.05214,1.00000
arbitrary_w,1288,7.2188e4,1.00000,1.00000
arbitrary_w,1289,469.28412,1.23050,1.00000
arbitrary_w,1290,1.0666e4,1.03345,1.00000
arbitrary_w,1291,5517.26479,1.00000,1.00000
arbitrary_w,1292,3116.55064,1.05987,1.01028
arbitrary_w,1293,3.9307e4,1.00000,1.00000
arbitrary_w,1294,5.2443e4,1.00071,1.00071
arbitrary_w,1295,8526.14578,1.02995,1.02995
arbitrary_w,1296,4412.43428,1.09587,1.00000
arbitrary_w,1297,4186.48584,1.00000,1.00000
arbitrary_w,1298,1262.87028,1.25360,1.00575
arbitrary_w,1299,54.67267,1.24729,1.24729
arbitrary_w,1300,8.1443e5,1.00000,1.00000
arbitrary_w,1301,8.17116,1.04463,1.00000
arbitrary_w,1302,1287.15931,1.00000,1.00000
arbitrary_w,1303,1.5392e6,1.00000,1.00000
arbitrary_w,1304,2.8182e4,1.04400,1.04400
arbitrary_w,1305,1.4082e6,1.00000,1.00000
arbitrary_w,1306,2.7807e8,1.00000,1.00000
arbitrary_w,1307,1.6077e7,1.00000,1.00000
arbitrary_w,1308,4.1303e5,1.00000,1.00000
arbitrary_w,1309,2.1977e4,1.00000,1.00000
arbitrary_w,1310,888.15405,1.00000,1.00000
arbitrary_w,1311,6.8246e4,1.00077,1.00077
arbitrary_w,1312,6.9001e6,1.00000,1.00000
arbitrary_w,1313,16.46003,1.33975,1.00000
arbitrary_w,1314,811.20900,1.38114,1.00000
arbitrary_w,1315,8.81356,1.33890,1.01278
arbitrary_w,1316,3731.98720,1.00440,1.00440
arbitrary_w,1317,5.7246e5,1.00000,1.00000
arbitrary_w,1318,4.4824e8,1.00000,1.00000
arbitrary_w,1319,1.7004e4,1.41905,1.00000
arbitrary_w,1320,821.89871,1.01657,1.01657
arbitrary_w,1321,7.3866e4,1.01843,1.00000
arbitrary_w,1322,4644.20633,1.01037,1.01037
arbitrary_w,1323,5446.69021,1.00000,1.00000
arbitrary_w,1324,8.0962e4,1.00020,1.00020
arbitrary_w,1325,1717.79474,1.35738,1.00000
arbitrary_w,1326,1123.09823,1.00230,1.00230
arbitrary_w,1327,1.2827e6,1.03702,1.03702
arbitrary_w,1328,1.0342e6,1.00000,1.00000
arbitrary_w,1329,15.95701,1.42369,1.00124
arbitrary_w,1330,3.4952e4,1.00000,1.00000
arbitrary_w,1331,1.1505e6,1.00841,1.00000
arbitrary_w,1332,1.4330e4,1.14676,1.00000
arbitrary_w,1333,2.0715e4,1.23354,1.00000
arbitrary_w,1334,3.1313e4,1.00000,1.00000
arbitrary_w,1335,1.1008e5,1.02961,1.02961
arbitrary_w,1336,1595.23052,1.00000,1.00000
arbitrary_w,1337,49.37022,1.00007,1.00007
arbitrary_w,1338,4.8319e5,2.43899,1.00000
arbitrary_w,1339,1.9194e5,1.00000,1.00000
arbitrary_w,1340,1.0389e4,1.00923,1.00923
arbitrary_w,1341,2.5070e4,1.00000,1.00000
arbitrary_w,1342,1590.07340,1.00004,1.00004
arbitrary_w,1343,2.2642e6,1.00000,1.00000
arbitrary_w,1344,1.1838e6,1.00000,1.00000
arbitrary_w,1345,5.9204e5,1.00000,1.00000
arbitrary_w,1346,2917.65753,1.00000,1.00000
arbitrary_w,1347,3.5736e6,1.08729,1.00000
arbitrary_w,1348,9.7019e6,1.00000,1.00000
arbitrary_w,1349,4101.30263,1.01470,1.01470
arbitrary_w,1350,2.2862e7,1.06277,1.00000
arbitrary_w,1351,1.4726e4,1.00000,1.00000
arbitrary_w,1352,739.87941,1.31868,1.00089
arbitrary_w,1353,3600.29653,1.00260,1.00000
arbitrary_w,1354,2.4759e6,1.00000,1.00000
arbitrary_w,1355,4878.96478,1.00117,1.00000
arbitrary_w,1356,815.29862,1.00000,1.00000
arbitrary_w,1357,1.1065e8,1.00000,1.00000
arbitrary_w,1358,1.3382e4,1.00209,1.00209
arbitrary_w,1359,1971.47469,1.00003,1.00003
arbitrary_w,1360,1.4816e6,1.00000,1.00000
arbitrary_w,1361,4.3633e5,1.12587,1.00000
arbitrary_w,1362,2.2604e6,1.00000,1.00000
arbitrary_w,1363,1.6815e4,1.27400,1.00000
arbitrary_w,1364,2.9285e5,1.61158,1.00000
arbitrary_w,1365,1.7821e7,1.00000,1.00000
arbitrary_w,1366,1655.45078,1.00000,1.00000
arbitrary_w,1367,252.66251,1.00043,1.00043
arbitrary_w,1368,4.6103e4,1.00079,1.00079
arbitrary_w,1369,2.0628e5,2.88729,1.00000
arbitrary_w,1370,3.1189e5,1.00000,1.00000
arbitrary_w,1371,2.9933e5,1.00149,1.00149
arbitrary_w,1372,7458.00697,1.02332,1.00000
arbitrary_w,1373,630.02418,1.00000,1.00000
arbitrary_w,1374,8.7957e6,1.00000,1.00000
arbitrary_w,1375,4380.27718,1.00473,1.00473
arbitrary_w,1376,1.6933e5,1.00000,1.00000
arbitrary_w,1377,1.1875e4,1.00159,1.00159
arbitrary_w,1378,6.4644e5,1.00000,1.00000
arbitrary_w,1379,64.86552,1.00000,1.00000
arbitrary_w,1380,4.9600e5,1.00000,1.00000
arbitrary_w,1381,5.3484e4,1.00378,1.00378
arbitrary_w,1382,5.8746e4,1.00000,1.00000
arbitrary_w,1383,5.8493e4,1.00000,1.00000
arbitrary_w,1384,2.6821e5,1.00000,1.00000
arbitrary_w,1385,17.64703,1.00000,1.00000
arbitrary_w,1386,6.24416,1.00426,1.00109
arbitrary_w,1387,596.75726,1.05433,1.00000
arbitrary_w,1388,8021.38996,1.01985,1.00000
arbitrary_w,1389,9018.80053,1.01828,1.01828
arbitrary_w,1390,1.5609e7,1.00000,1.00000
arbitrary_w,1391,3.4127e6,1.05984,1.00000
arbitrary_w,1392,542.90606,1.00000,1.00000
arbitrary_w,1393,1.9990e6,1.42201,1.00000
arbitrary_w,1394,64.04767,1.05553,1.00000
arbitrary_w,1395,1.4896e6,1.00000,1.00000
arbitrary_w,1396,2.5386e6,1.19305,1.00000
arbitrary_w,1397,8.9374e5,1.00000,1.00000
arbitrary_w,1398,3.8728e7,1.00000,1.00000
arbitrary_w,1399,18.08851,1.08247,1.00000
arbitrary_w,1400,467.74692,1.34337,1.00000
arbitrary_w,1401,971.87262,1.00000,1.00000
arbitrary_w,1402,1294.31781,1.36369,1.00000
arbitrary_w,1403,1.3004e4,1.78543,1.00000
arbitrary_w,1404,3504.32362,1.00000,1.00000
arbitrary_w,1405,9.3175e4,1.00152,1.00152
arbitrary_w,1406,2.0616e4,1.00000,1.00000
arbitrary_w,1407,185.50280,1.00000,1.00000
arbitrary_w,1408,2.7557e4,1.00000,1.00000
arbitrary_w,1409,7.8807e5,1.00000,1.00000
arbitrary_w,1410,2.0247e4,1.00000,1.00000
arbitrary_w,1411,2.8009e4,1.00000,1.00000
arbitrary_w,1412,5.3488e6,1.00000,1.00000
arbitrary_w,1413,1.19716,1.19716,1.00000
arbitrary_w,1414,5.3960e7,1.01149,1.00000
arbitrary_w,1415,39.55275,1.00000,1.00000
arbitrary_w,1416,1688.32001,1.00107,1.00107
arbitrary_w,1417,3.6130e5,1.00443,1.00000
arbitrary_w,1418,8.9361e4,1.00000,1.00000
arbitrary_w,1419,5.1264e6,1.00000,1.00000
arbitrary_w,1420,4656.74004,1.00000,1.00000
arbitrary_w,1421,56.02878,1.04083,1.00000
arbitrary_w,1422,4447.68857,1.00000,1.00000
arbitrary_w,1423,8.9606e6,1.42675,1.00000
arbitrary_w,1424,5.2578e7,1.00000,1.00000
arbitrary_w,1425,3477.25458,1.00334,1.00334
arbitrary_w,1426,70.15898,1.00000,1.00000
arbitrary_w,1427,1.0772e6,1.39049,1.00000
arbitrary_w,1428,7.9227e4,1.00000,1.00000
arbitrary_w,1429,1529.92213,1.00000,1.00000
arbitrary_w,1430,1.9527e6,1.00000,1.00000
arbitrary_w,1431,1.5088e4,1.00000,1.00000
arbitrary_w,1432,8237.69631,1.11888,1.00000
arbitrary_w,1433,2176.35632,1.14714,1.00000
arbitrary_w,1434,5.7721e5,1.00000,1.00000
arbitrary_w,1435,3776.97939,1.00000,1.00000
arbitrary_w,1436,1.7649e4,1.01825,1.00000
arbitrary_w,1437,2093.30932,1.00029,1.00000
arbitrary_w,1438,2.6789e7,1.51677,1.00000
arbitrary_w,1439,4056.03333,1.01569,1.00080
arbitrary_w,1440,145.80439,1.97429,1.00000
arbitrary_w,1441,1.5069e4,1.00512,1.00000
arbitrary_w,1442,4453.65653,1.06341,1.00000
arbitrary_w,1443,6.9037e4,1.00000,1.00000
arbitrary_w,1444,6.7151e4,1.02215,1.00000
arbitrary_w,1445,722.88649,1.16029,1.00000
arbitrary_w,1446,5.7147e6,1.35417,1.03999
arbitrary_w,1447,3.8691e6,1.45476,1.00000
arbitrary_w,1448,1074.27579,1.04369,1.04098
arbitrary_w,1449,1.1441e7,1.00000,1.00000
arbitrary_w,1450,196.37233,1.00522,1.00002
arbitrary_w,1451,5.4618e5,1.01088,1.01088
arbitrary_w,1452,6.9068e5,1.00000,1.00000
arbitrary_w,1453,2.8716e6,1.12320,1.00000
arbitrary_w,1454,4706.54447,1.00000,1.00000
arbitrary_w,1455,123.79793,1.00001,1.00001
arbitrary_w,1456,9094.45276,1.08076,1.00000
arbitrary_w,1457,5.7938e4,1.00000,1.00000
arbitrary_w,1458,1075.77171,1.13930,1.00003
arbitrary_w,1459,1139.38785,1.22086,1.00000
arbitrary_w,1460,6628.84493,1.02299,1.02299
arbitrary_w,1461,528.42675,1.12517,1.00010
arbitrary_w,1462,1.9308e8,1.00000,1.00000
arbitrary_w,1463,683.72024,1.06887,1.00000
arbitrary_w,1464,1.3510e5,1.00000,1.00000
arbitrary_w,1465,1.8181e4,1.02218,1.00961
arbitrary_w,1466,149.31282,1.00517,1.00517
arbitrary_w,1467,1.4684e5,1.00000,1.00000
arbitrary_w,1468,5.1428e4,1.00220,1.00220
arbitrary_w,1469,279.13843,1.00092,1.00092
arbitrary_w,1470,9.1931e6,1.00000,1.00000
arbitrary_w,1471,1.3901e5,1.31636,1.00000
arbitrary_w,1472,7075.55362,1.00320,1.00000
arbitrary_w,1473,96.23341,1.27985,1.00000
arbitrary_w,1474,5.7402e5,1.12430,1.00000
arbitrary_w,1475,3.2506e7,1.04785,1.00000
arbitrary_w,1476,117.92201,2.86827,1.00000
arbitrary_w,1477,3.3011e5,1.00000,1.00000
arbitrary_w,1478,1.6982e8,1.00000,1.00000
arbitrary_w,1479,1024.91328,1.00000,1.00000
arbitrary_w,1480,1.8488e4,1.02533,1.00000
arbitrary_w,1481,1.9766e6,1.00000,1.00000
arbitrary_w,1482,844.03752,1.35981,1.00000
arbitrary_w,1483,277.35790,1.03218,1.00010
arbitrary_w,1484,1.1465e5,1.00000,1.00000
arbitrary_w,1485,2.0556e4,1.24628,1.00000
arbitrary_w,1486,4.1261e5,1.00113,1.00113
arbitrary_w,1487,601.15967,1.01157,1.01157
arbitrary_w,1488,3.4872e8,1.00000,1.00000
arbitrary_w,1489,1.6945e4,1.55285,1.00000
arbitrary_w,1490,1.3295e4,1.00000,1.00000
arbitrary_w,1491,1.0341e5,1.02672,1.02672
arbitrary_w,1492,2.1572e4,1.00000,1.00000
arbitrary_w,1493,2.6823e5,1.00000,1.00000
arbitrary_w,1494,1.6174e4,1.03389,1.03389
arbitrary_w,1495,79.83317,1.12913,1.00000
arbitrary_w,1496,2.6155e5,1.00000,1.00000
arbitrary_w,1497,38.79157,1.00233,1.00233
arbitrary_w,1498,1.3722e5,1.15414,1.00000
arbitrary_w,1499,2.7137e4,1.05991,1.00000
arbitrary_w,1500,1.1428e6,1.00000,1.00000
arbitrary_w,1501,8.3178e5,1.04903,1.00000
arbitrary_w,1502,3.6875e5,1.00000,1.00000
arbitrary_w,1503,4.6699e5,1.00000,1.00000
arbitrary_w,1504,1.4479e7,1.00000,1.00000
arbitrary_w,1505,1.2794e5,1.00000,1.00000
arbitrary_w,1506,339.58100,1.00008,1.00008
arbitrary_w,1507,1.0281e6,1.44047,1.00000
arbitrary_w,1508,4.5220e5,1.00000,1.00000
arbitrary_w,1509,2.1046e5,1.00000,1.00000
arbitrary_w,1510,2.8798e8,1.00000,1.00000
arbitrary_w,1511,4.1295e6,1.00000,1.00000
arbitrary_w,1512,2.2956e6,1.00000,1.00000
arbitrary_w,1513,1.9875e6,1.00000,1.00000
arbitrary_w,1514,2.3642e4,1.00669,1.00669
arbitrary_w,1515,3.4408e6,1.05549,1.01360
arbitrary_w,1516,8.36312,1.06753,1.00628
arbitrary_w,1517,3.8267e4,1.06293,1.00015
arbitrary_w,1518,3.2763e4,1.00000,1.00000
arbitrary_w,1519,95.16697,1.00000,1.00000
arbitrary_w,1520,6.9265e6,1.00000,1.00000
arbitrary_w,1521,3.1097e4,1.02525,1.00000
arbitrary_w,1522,7.31145,1.00199,1.00199
arbitrary_w,1523,1071.66440,1.45881,1.00000
arbitrary_w,1524,7.9145e6,1.00000,1.00000
arbitrary_w,1525,402.54027,1.00000,1.00000
arbitrary_w,1526,3.4523e5,1.00000,1.00000
arbitrary_w,1527,9298.07400,1.00000,1.00000
arbitrary_w,1528,6.7820e4,1.27973,1.00551
arbitrary_w,1529,577.67868,1.00120,1.00120
arbitrary_w,1530,7754.01965,1.00000,1.00000
arbitrary_w,1531,1.7334e6,1.32670,1.00000
arbitrary_w,1532,9.83954,1.05241,1.03739
arbitrary_w,1533,2.1750e7,1.00000,1.00000
arbitrary_w,1534,3.6318e4,1.00000,1.00000
arbitrary_w,1535,6.0924e5,1.02919,1.02919
arbitrary_w,1536,2.2928e5,1.00000,1.00000
arbitrary_w,1537,670.34408,1.00000,1.00000
arbitrary_w,1538,243.16942,1.21543,1.00000
arbitrary_w,1539,1.6912e6,1.18960,1.00000
arbitrary_w,1540,4.4770e4,1.01828,1.00000
arbitrary_w,1541,2.5857e6,1.54996,1.00000
arbitrary_w,1542,3231.72280,1.00063,1.00063
arbitrary_w,1543,6.8978e4,1.52793,1.00000
arbitrary_w,1544,5.0070e6,1.00000,1.00000
arbitrary_w,1545,8.3171e6,1.00000,1.00000
arbitrary_w,1546,1.2383e5,1.00000,1.00000
arbitrary_w,1547,2.9712e8,1.00000,1.00000
arbitrary_w,1548,2007.36088,4.23783,1.00000
arbitrary_w,1549,3.7580e6,1.03352,1.00000
arbitrary_w,1550,2.5916e7,1.00000,1.00000
arbitrary_w,1551,1.9918e7,1.00000,1.00000
arbitrary_w,1552,8.3167e4,1.28016,1.00000
arbitrary_w,1553,2.1850e5,1.00000,1.00000
arbitrary_w,1554,3.66594,1.53100,1.07536
arbitrary_w,1555,3.9519e7,1.00000,1.00000
arbitrary_w,1556,9.1387e6,1.00000,1.00000
arbitrary_w,1557,3.8001e5,1.26887,1.00000
arbitrary_w,1558,2.4103e6,1.00000,1.00000
arbitrary_w,1559,1.2333e6,1.00178,1.00178
arbitrary_w,1560,8.7419e5,1.00000,1.00000
arbitrary_w,1561,1269.77512,1.00554,1.00554
arbitrary_w,1562,36.07514,1.03271,1.00370
arbitrary_w,1563,1.8344e4,1.03965,1.03965
arbitrary_w,1564,4132.28443,1.00000,1.00000
arbitrary_w,1565,7.3756e4,1.00000,1.00000
arbitrary_w,1566,1.6284e5,1.02934,1.00000
arbitrary_w,1567,18.30030,1.22151,1.00000
arbitrary_w,1568,1.0378e6,1.00000,1.00000
arbitrary_w,1569,1.0045e9,1.00000,1.00000
arbitrary_w,1570,3263.84529,1.17553,1.00000
arbitrary_w,1571,532.26236,1.00362,1.00362
arbitrary_w,1572,3307.89274,1.09279,1.00000
arbitrary_w,1573,4.7234e5,1.03548,1.00000
arbitrary_w,1574,67.60024,1.00001,1.00001
arbitrary_w,1575,416.85348,1.21489,1.00089
arbitrary_w,1576,5.1725e4,1.00000,1.00000
arbitrary_w,1577,5075.50886,1.00000,1.00000
arbitrary_w,1578,16.50411,1.00006,1.00006
arbitrary_w,1579,2.4140e4,1.00030,1.00030
arbitrary_w,1580,1625.35025,1.00002,1.00002
arbitrary_w,1581,5.6794e4,1.06036,1.06036
arbitrary_w,1582,1296.35808,1.00001,1.00001
arbitrary_w,1583,2.4392e4,1.00000,1.00000
arbitrary_w,1584,6533.98259,1.00000,1.00000
arbitrary_w,1585,1.2058e4,1.00168,1.00168
arbitrary_w,1586,2.9730e5,1.00000,1.00000
arbitrary_w,1587,2.0565e4,1.00168,1.00168
arbitrary_w,1588,2.9889e7,1.00000,1.00000
arbitrary_w,1589,9982.73661,1.00013,1.00013
arbitrary_w,1590,4368.16806,1.00000,1.00000
arbitrary_w,1591,342.01797,1.12045,1.00000
arbitrary_w,1592,5766.43169,1.00056,1.00056
arbitrary_w,1593,17.29107,1.00000,1.00000
arbitrary_w,1594,343.66905,1.00000,1.00000
arbitrary_w,1595,2.4916e4,1.00000,1.00000
arbitrary_w,1596,1.9860e5,1.00000,1.00000
arbitrary_w,1597,2.2748e4,1.00000,1.00000
arbitrary_w,1598,201.60353,1.08835,1.00005
arbitrary_w,1599,4690.80974,1.00494,1.00494
arbitrary_w,1600,1.6734e5,1.00000,1.00000
arbitrary_w,1601,7.5501e5,1.00000,1.00000
arbitrary_w,1602,295.83672,1.00000,1.00000
arbitrary_w,1603,3.2130e6,1.00000,1.00000
arbitrary_w,1604,1.9524e4,1.00000,1.00000
arbitrary_w,1605,8070.97569,1.68502,1.00000
arbitrary_w,1606,9.0127e5,1.00000,1.00000
arbitrary_w,1607,165.45200,1.00012,1.00012
arbitrary_w,1608,1.1277e6,2.18356,1.00000
arbitrary_w,1609,2.0042e6,2.36321,1.00000
arbitrary_w,1610,7.1960e4,1.00000,1.00000
arbitrary_w,1611,7.69573,1.00110,1.00110
arbitrary_w,1612,1.8778e5,1.00000,1.00000
arbitrary_w,1613,2.1658e4,1.07138,1.07138
arbitrary_w,1614,1.2340e6,1.00000,1.00000
arbitrary_w,1615,7.1110e6,1.12884,1.12884
arbitrary_w,1616,5.4823e4,1.00000,1.00000
arbitrary_w,1617,2.0500e7,1.00000,1.00000
arbitrary_w,1618,2.3465e8,1.54782,1.00000
arbitrary_w,1619,3.7124e6,1.05560,1.05560
arbitrary_w,1620,2.8182e5,1.02614,1.02614
arbitrary_w,1621,1.8162e7,1.00000,1.00000
arbitrary_w,1622,2.7908e4,1.00000,1.00000
arbitrary_w,1623,2.6735e5,1.00356,1.00356
arbitrary_w,1624,273.32763,1.01183,1.00000
arbitrary_w,1625,5.7453e4,1.00000,1.00000
arbitrary_w,1626,1.2025e6,1.00000,1.00000
arbitrary_w,1627,3.1614e4,1.00000,1.00000
arbitrary_w,1628,2.1884e5,1.00000,1.00000
arbitrary_w,1629,1.3311e4,1.05179,1.00000
arbitrary_w,1630,8.2333e5,1.00000,1.00000
arbitrary_w,1631,4822.24628,1.07330,1.00000
arbitrary_w,1632,4034.08175,1.00093,1.00093
arbitrary_w,1633,1.7580e4,1.00000,1.00000
arbitrary_w,1634,1625.88540,1.03420,1.00000
arbitrary_w,1635,1.8953e4,1.00944,1.00000
arbitrary_w,1636,7268.94189,1.00000,1.00000
arbitrary_w,1637,1.1392e8,1.00000,1.00000
arbitrary_w,1638,2.0063e6,1.00000,1.00000
arbitrary_w,1639,1.9016e6,1.00000,1.00000
arbitrary_w,1640,4.7226e5,1.14084,1.00000
arbitrary_w,1641,1.3567e4,1.00210,1.00210
arbitrary_w,1642,1.8194e4,1.33465,1.00000
arbitrary_w,1643,1.0908e6,1.11552,1.11552
arbitrary_w,1644,21.18073,1.00997,1.00018
arbitrary_w,1645,4.3229e7,1.19760,1.00000
arbitrary_w,1646,463.19305,1.01157,1.00000
arbitrary_w,1647,1.2829e5,1.00000,1.00000
arbitrary_w,1648,7.6370e4,1.00000,1.00000
arbitrary_w,1649,1.2145e7,1.00000,1.00000
arbitrary_w,1650,456.10333,2.44580,1.00000
arbitrary_w,1651,4.3767e5,1.00000,1.00000
arbitrary_w,1652,3.2427e4,1.00000,1.00000
arbitrary_w,1653,4007.22639,1.01219,1.01219
arbitrary_w,1654,2.4956e5,1.01761,1.00000
arbitrary_w,1655,559.25784,1.00000,1.00000
arbitrary_w,1656,3.6880e4,1.01339,1.01339
arbitrary_w,1657,9.8471e6,1.08939,1.00000
arbitrary_w,1658,6.6444e6,1.02073,1.01072
arbitrary_w,1659,1.4495e5,1.00000,1.00000
arbitrary_w,1660,9.9126e4,1.00000,1.00000
arbitrary_w,1661,2.7954e5,1.00000,1.00000
arbitrary_w,1662,1.2438e6,1.04010,1.00512
arbitrary_w,1663,88.89681,1.00850,1.00850
arbitrary_w,1664,1.1609e5,1.63576,1.00000
arbitrary_w,1665,1930.68160,1.00000,1.00000
arbitrary_w,1666,1.5370e6,1.00000,1.00000
arbitrary_w,1667,9.7031e4,1.00000,1.00000
arbitrary_w,1668,1.8247e5,1.00000,1.00000
arbitrary_w,1669,2.3568e4,1.00000,1.00000
arbitrary_w,1670,3.60174,1.00000,1.00000
arbitrary_w,1671,1.3499e8,1.17506,1.00906
arbitrary_w,1672,1.4601e5,1.00445,1.00000
arbitrary_w,1673,161.52706,1.12138,1.00063
arbitrary_w,1674,8405.08374,1.00000,1.00000
arbitrary_w,1675,2.1128e7,1.00000,1.00000
arbitrary_w,1676,1.1887e6,1.00000,1.00000
arbitrary_w,1677,4.49338,1.08613,1.01814
arbitrary_w,1678,6634.31764,1.17140,1.01691
arbitrary_w,1679,1.6048e4,1.00000,1.00000
arbitrary_w,1680,8.8696e6,1.00000,1.00000
arbitrary_w,1681,1.1075e4,1.00007,1.00007
arbitrary_w,1682,2.6218e4,1.00000,1.00000
arbitrary_w,1683,2.1148e4,1.19247,1.14311
arbitrary_w,1684,96.20569,1.00899,1.00899
arbitrary_w,1685,1.4979e5,1.00374,1.00374
arbitrary_w,1686,3.1229e6,1.00000,1.00000
arbitrary_w,1687,2.0184e6,1.07519,1.00000
arbitrary_w,1688,2826.16979,1.08503,1.00000
arbitrary_w,1689,764.36751,1.12636,1.00000
arbitrary_w,1690,1.9643e5,1.04217,1.04217
arbitrary_w,1691,8.3223e4,1.16920,1.00000
arbitrary_w,1692,2.5671e8,1.00000,1.00000
arbitrary_w,1693,185.51906,1.20930,1.00001
arbitrary_w,1694,370.26217,1.05361,1.00000
arbitrary_w,1695,2.8419e7,1.00000,1.00000
arbitrary_w,1696,88.53984,1.00000,1.00000
arbitrary_w,1697,453.14081,1.00000,1.00000
arbitrary_w,1698,2.07178,1.00001,1.00001
arbitrary_w,1699,3.2408e5,1.00000,1.00000
arbitrary_w,1700,3.1005e5,1.00000,1.00000
arbitrary_w,1701,6.3533e4,1.00000,1.00000
arbitrary_w,1702,3.2823e4,1.00040,1.00040
arbitrary_w,1703,184.22645,1.15268,1.00000
arbitrary_w,1704,69.46750,1.00000,1.00000
arbitrary_w,1705,1.9169e7,1.03071,1.00000
arbitrary_w,1706,1.2498e4,1.00804,1.00010
arbitrary_w,1707,5.1979e7,1.00000,1.00000
arbitrary_w,1708,2.0697e4,1.00074,1.00074
arbitrary_w,1709,1.5326e4,1.14778,1.00466
arbitrary_w,1710,5309.48999,1.00000,1.00000
arbitrary_w,1711,5.7338e5,1.00000,1.00000
arbitrary_w,1712,1.8865e5,1.00000,1.00000
arbitrary_w,1713,1.0644e4,1.00000,1.00000
arbitrary_w,1714,2.7239e4,1.00000,1.00000
arbitrary_w,1715,1.0647e5,1.00000,1.00000
arbitrary_w,1716,8923.59649,1.18682,1.00002
arbitrary_w,1717,2.0393e4,1.00105,1.00000
arbitrary_w,1718,40.57020,1.07149,1.00007
arbitrary_w,1719,4.5304e4,1.00000,1.00000
arbitrary_w,1720,9091.50052,1.04702,1.04702
arbitrary_w,1721,6.29571,2.42148,1.00004
arbitrary_w,1722,8.6556e4,1.00000,1.00000
arbitrary_w,1723,6.5775e4,1.00000,1.00000
arbitrary_w,1724,3.4168e5,1.00000,1.00000
arbitrary_w,1725,1.1535e5,1.00000,1.00000
arbitrary_w,1726,3.4468e4,1.19855,1.00066
arbitrary_w,1727,8565.88955,1.00028,1.00028
arbitrary_w,1728,5.2636e5,1.09308,1.03706
arbitrary_w,1729,3.0212e5,1.25161,1.00000
arbitrary_w,1730,116.08898,1.01502,1.00046
arbitrary_w,1731,3.9775e6,1.00000,1.00000
arbitrary_w,1732,2467.40465,1.07490,1.07490
arbitrary_w,1733,1.7260e5,1.17343,1.00000
arbitrary_w,1734,2.9762e5,1.28363,1.00667
arbitrary_w,1735,2.6988e7,1.15010,1.00000
arbitrary_w,1736,8.7817e6,1.21277,1.00000
arbitrary_w,1737,5574.13320,1.00000,1.00000
arbitrary_w,1738,1.6886e4,1.00000,1.00000
arbitrary_w,1739,6.9544e5,1.01559,1.00000
arbitrary_w,1740,288.01156,1.07348,1.00000
arbitrary_w,1741,2904.11767,1.08049,1.08049
arbitrary_w,1742,1009.66388,1.25900,1.02845
arbitrary_w,1743,3.7006e4,1.07395,1.00335
arbitrary_w,1744,1.5704e4,1.00203,1.00203
arbitrary_w,1745,3.6607e4,1.00000,1.00000
arbitrary_w,1746,7.9366e5,1.00000,1.00000
arbitrary_w,1747,1.4786e4,1.00025,1.00025
arbitrary_w,1748,1.2275e7,1.00000,1.00000
arbitrary_w,1749,7276.35818,1.00000,1.00000
arbitrary_w,1750,1.5449e8,1.00000,1.00000
arbitrary_w,1751,1.9461e7,1.00000,1.00000
arbitrary_w,1752,387.91634,1.00001,1.00001
arbitrary_w,1753,3.0466e4,1.20643,1.00000
arbitrary_w,1754,9.0989e5,1.00399,1.00399
arbitrary_w,1755,3.4149e4,1.00000,1.00000
arbitrary_w,1756,5.0451e6,1.00000,1.00000
arbitrary_w,1757,33.29624,1.00049,1.00049
arbitrary_w,1758,4.5749e4,1.00000,1.00000
arbitrary_w,1759,4.9425e4,1.58050,1.00000
arbitrary_w,1760,8.6613e4,1.00000,1.00000
arbitrary_w,1761,3.2735e4,1.00000,1.00000
arbitrary_w,1762,2.4941e6,1.00000,1.00000
arbitrary_w,1763,6.4663e6,1.08550,1.00000
arbitrary_w,1764,1.2710e4,1.00000,1.00000
arbitrary_w,1765,4266.51241,1.04095,1.00000
arbitrary_w,1766,1370.98394,1.46333,1.00000
arbitrary_w,1767,6089.33753,1.00000,1.00000
arbitrary_w,1768,508.81532,1.00082,1.00000
arbitrary_w,1769,2.8423e7,1.00000,1.00000
arbitrary_w,1770,1.0108e7,1.00000,1.00000
arbitrary_w,1771,2.6157e7,1.11748,1.00000
arbitrary_w,1772,1875.29444,1.00969,1.00000
arbitrary_w,1773,278.24352,1.00452,1.00452
arbitrary_w,1774,5.1786e5,1.00000,1.00000
arbitrary_w,1775,345.91045,1.46650,1.00000
arbitrary_w,1776,251.36484,1.06931,1.00173
arbitrary_w,1777,2.3921e6,1.06863,1.00000
arbitrary_w,1778,86.45326,1.00045,1.00045
arbitrary_w,1779,1.9027e6,1.02249,1.02249
arbitrary_w,1780,1.4225e5,1.42921,1.00000
arbitrary_w,1781,2.2828e7,1.00000,1.00000
arbitrary_w,1782,4.6625e4,1.00000,1.00000
arbitrary_w,1783,5040.16031,1.00078,1.00078
arbitrary_w,1784,1.1051e7,1.00000,1.00000
arbitrary_w,1785,4.1851e5,1.01640,1.00000
arbitrary_w,1786,1.4597e6,1.03338,1.03338
arbitrary_w,1787,2.1942e5,1.00000,1.00000
arbitrary_w,1788,3.3141e4,1.00410,1.00410
arbitrary_w,1789,73.48576,1.00280,1.00000
arbitrary_w,1790,1.5147e6,1.05812,1.00000
arbitrary_w,1791,9880.25858,1.00000,1.00000
arbitrary_w,1792,2.6710e5,1.02134,1.00000
arbitrary_w,1793,1.0552e4,1.00000,1.00000
arbitrary_w,1794,220.60209,2.08765,1.00000
arbitrary_w,1795,7.7422e5,1.00000,1.00000
arbitrary_w,1796,3.0695e5,1.17567,1.00000
arbitrary_w,1797,1.5794e4,1.00046,1.00046
arbitrary_w,1798,1.1440e7,1.00000,1.00000
arbitrary_w,1799,708.07904,1.00329,1.00329
arbitrary_w,1800,3200.23748,1.00054,1.00054
arbitrary_w,1801,383.19743,1.00000,1.00000
arbitrary_w,1802,3.2569e4,1.00000,1.00000
arbitrary_w,1803,164.71012,1.00000,1.00000
arbitrary_w,1804,8.7494e7,1.00000,1.00000
arbitrary_w,1805,9.0633e6,1.29538,1.00000
arbitrary_w,1806,9.9441e4,1.00000,1.00000
arbitrary_w,1807,1.9684e7,1.00000,1.00000
arbitrary_w,1808,1.0302e6,1.06514,1.00000
arbitrary_w,1809,7.8723e5,1.26563,1.00000
arbitrary_w,1810,874.21411,1.00000,1.00000
arbitrary_w,1811,1.5328e5,1.00000,1.00000
arbitrary_w,1812,2.7116e6,1.00000,1.00000
arbitrary_w,1813,2.9651e6,1.34057,1.00000
arbitrary_w,1814,8.4751e5,1.49486,1.00000
arbitrary_w,1815,4.8094e4,1.00000,1.00000
arbitrary_w,1816,4.6435e4,1.00455,1.00455
arbitrary_w,1817,899.81921,1.07487,1.07487
arbitrary_w,1818,1.0105e8,1.00000,1.00000
arbitrary_w,1819,3.1344e4,2.74611,1.00000
arbitrary_w,1820,1.5764e7,1.00000,1.00000
arbitrary_w,1821,1.3946e7,1.00000,1.00000
arbitrary_w,1822,1450.00126,1.00005,1.00005
arbitrary_w,1823,1.1011e6,1.00000,1.00000
arbitrary_w,1824,3055.04209,1.02718,1.02718
arbitrary_w,1825,1671.92383,1.00026,1.00026
arbitrary_w,1826,36.36686,1.30040,1.00000
arbitrary_w,1827,4238.38477,1.42921,1.00000
arbitrary_w,1828,224.28446,1.03360,1.03360
arbitrary_w,1829,3.5479e8,1.00000,1.00000
arbitrary_w,1830,1902.03857,1.18869,1.00000
arbitrary_w,1831,870.90262,1.02548,1.02548
arbitrary_w,1832,2.5222e7,1.00000,1.00000
arbitrary_w,1833,4.1953e5,1.00000,1.00000
arbitrary_w,1834,1.5926e4,1.00928,1.00000
arbitrary_w,1835,2.7031e6,1.00000,1.00000
arbitrary_w,1836,1.6262e7,1.00000,1.00000
arbitrary_w,1837,10.42849,1.00017,1.00017
arbitrary_w,1838,4.8717e4,1.00000,1.00000
arbitrary_w,1839,863.64197,1.02909,1.02909
arbitrary_w,1840,1.6390e4,1.00000,1.00000
arbitrary_w,1841,8.2425e7,1.00000,1.00000
arbitrary_w,1842,1300.36155,1.00186,1.00186
arbitrary_w,1843,4786.86495,1.00000,1.00000
arbitrary_w,1844,5.6256e7,1.16027,1.00000
arbitrary_w,1845,2.7668e5,1.00000,1.00000
arbitrary_w,1846,3.0800e5,1.00000,1.00000
arbitrary_w,1847,4832.63946,1.00000,1.00000
arbitrary_w,1848,142.20481,1.07248,1.00000
arbitrary_w,1849,4.9263e4,1.00079,1.00000
arbitrary_w,1850,4705.63272,1.00000,1.00000
arbitrary_w,1851,21.61274,1.00110,1.00110
arbitrary_w,1852,1.0581e7,1.00000,1.00000
arbitrary_w,1853,1.8865e7,1.00000,1.00000
arbitrary_w,1854,5.4866e4,1.14783,1.00000
arbitrary_w,1855,8170.99467,1.00160,1.00160
arbitrary_w,1856,1.9082e5,1.01622,1.01622
arbitrary_w,1857,1.8769e5,1.00000,1.00000
arbitrary_w,1858,3.7986e4,1.14950,1.00000
arbitrary_w,1859,8068.65836,1.00309,1.00000
arbitrary_w,1860,1.1145e8,1.00000,1.00000
arbitrary_w,1861,5.4743e6,1.00000,1.00000
arbitrary_w,1862,2986.29798,1.07406,1.00000
arbitrary_w,1863,3.4585e7,1.00000,1.00000
arbitrary_w,1864,1.4167e4,1.00077,1.00000
arbitrary_w,1865,7.3974e5,1.06123,1.00209
arbitrary_w,1866,8.0239e4,1.00000,1.00000
arbitrary_w,1867,298.77734,1.15083,1.00000
arbitrary_w,1868,1.9594e4,1.00000,1.00000
arbitrary_w,1869,7.1139e7,1.00000,1.00000
arbitrary_w,1870,1.3046e4,1.00262,1.00000
arbitrary_w,1871,816.25845,1.00000,1.00000
arbitrary_w,1872,80.89083,1.00001,1.00001
arbitrary_w,1873,3.1837e4,1.00000,1.00000
arbitrary_w,1874,5.3997e5,1.05147,1.00000
arbitrary_w,1875,26.47754,1.01295,1.00001
arbitrary_w,1876,1.1524e6,1.00000,1.00000
arbitrary_w,1877,1.3893e6,1.00000,1.00000
arbitrary_w,1878,5.3603e4,1.05827,1.00000
arbitrary_w,1879,1.3425e5,1.17546,1.00000
arbitrary_w,1880,345.82806,1.20964,1.00000
arbitrary_w,1881,1.0636e7,1.00000,1.00000
arbitrary_w,1882,1.9885e5,1.26729,1.05545
arbitrary_w,1883,4.5447e5,1.00000,1.00000
arbitrary_w,1884,3.0436e6,1.00000,1.00000
arbitrary_w,1885,1120.81673,1.00000,1.00000
arbitrary_w,1886,3879.86793,1.00000,1.00000
arbitrary_w,1887,475.23725,1.00001,1.00001
arbitrary_w,1888,7.0883e4,1.00000,1.00000
arbitrary_w,1889,323.71119,1.02967,1.00003
arbitrary_w,1890,3968.73393,1.22238,1.00000
arbitrary_w,1891,1712.31378,1.00148,1.00148
arbitrary_w,1892,1.4533e6,1.01355,1.00152
arbitrary_w,1893,2827.67461,1.00000,1.00000
arbitrary_w,1894,9.4440e4,1.00000,1.00000
arbitrary_w,1895,5.3970e5,1.00000,1.00000
arbitrary_w,1896,2136.01813,1.00000,1.00000
arbitrary_w,1897,3.1150e7,1.00000,1.00000
arbitrary_w,1898,7.1672e4,1.00000,1.00000
arbitrary_w,1899,2.2878e8,1.00000,1.00000
arbitrary_w,1900,5519.59290,1.00078,1.00078
arbitrary_w,1901,1.2081e7,1.00000,1.00000
arbitrary_w,1902,2773.59944,1.00000,1.00000
arbitrary_w,1903,3.8886e4,1.00000,1.00000
arbitrary_w,1904,1.6792e6,1.00000,1.00000
arbitrary_w,1905,2139.41121,1.00109,1.00109
arbitrary_w,1906,4.4764e7,1.00000,1.00000
arbitrary_w,1907,6619.68067,1.00000,1.00000
arbitrary_w,1908,6.7566e5,1.00000,1.00000
arbitrary_w,1909,3.8991e5,1.00000,1.00000
arbitrary_w,1910,3.5684e4,1.00000,1.00000
arbitrary_w,1911,548.90989,1.30374,1.00000
arbitrary_w,1912,94.59560,1.01978,1.00002
arbitrary_w,1913,2.3194e6,1.00000,1.00000
arbitrary_w,1914,3.9325e4,1.00000,1.00000
arbitrary_w,1915,3.9107e5,1.00000,1.00000
arbitrary_w,1916,2848.07021,1.02044,1.00015
arbitrary_w,1917,1.9782e4,1.08610,1.00000
arbitrary_w,1918,1.1059e5,1.00000,1.00000
arbitrary_w,1919,6.0512e6,1.00000,1.00000
arbitrary_w,1920,6211.21664,1.03538,1.00000
arbitrary_w,1921,596.74994,1.02113,1.00000
arbitrary_w,1922,1.3695e5,1.10106,1.00000
arbitrary_w,1923,1.2786e6,1.14842,1.00000
arbitrary_w,1924,1.5607e5,1.00372,1.00372
arbitrary_w,1925,9.3245e4,1.00664,1.00664
arbitrary_w,1926,4.9084e4,1.00000,1.00000
arbitrary_w,1927,9104.24745,1.21806,1.00000
arbitrary_w,1928,7.1456e5,1.00000,1.00000
arbitrary_w,1929,1.6017e5,1.00000,1.00000
arbitrary_w,1930,4065.66203,1.02676,1.02676
arbitrary_w,1931,6.5871e6,1.00000,1.00000
arbitrary_w,1932,1.1760e5,1.00000,1.00000
arbitrary_w,1933,1.5996e4,1.00000,1.00000
arbitrary_w,1934,2.3023e4,1.13614,1.00000
arbitrary_w,1935,2.5724e5,1.07649,1.00000
arbitrary_w,1936,8310.52206,1.19982,1.00000
arbitrary_w,1937,1.4500e6,1.34163,1.00000
arbitrary_w,1938,1187.48480,1.05334,1.00021
arbitrary_w,1939,22.47059,1.00000,1.00000
arbitrary_w,1940,9.6608e7,1.00000,1.00000
arbitrary_w,1941,3562.00378,1.00382,1.00000
arbitrary_w,1942,572.04144,1.01375,1.01375
arbitrary_w,1943,1.1297e4,1.00007,1.00007
arbitrary_w,1944,2.1012e5,1.10590,1.00000
arbitrary_w,1945,389.39703,1.00017,1.00017
arbitrary_w,1946,6387.13344,1.00198,1.00198
arbitrary_w,1947,5.2453e4,1.00000,1.00000
arbitrary_w,1948,3.0122e6,1.00000,1.00000
arbitrary_w,1949,3.3530e5,1.68872,1.00000
arbitrary_w,1950,79.90441,1.01287,1.01287
arbitrary_w,1951,1.4438e7,1.00000,1.00000
arbitrary_w,1952,1.5477e7,1.36877,1.00000
arbitrary_w,1953,8579.77199,1.00000,1.00000
arbitrary_w,1954,5347.23665,1.15137,1.00000
arbitrary_w,1955,211.05016,1.05371,1.00829
arbitrary_w,1956,674.32568,1.00067,1.00067
arbitrary_w,1957,1.3417e5,1.00000,1.00000
arbitrary_w,1958,4.9416e4,1.07241,1.00000
arbitrary_w,1959,4.3910e6,1.00000,1.00000
arbitrary_w,1960,9.3765e5,1.00000,1.00000
arbitrary_w,1961,3066.20604,1.00577,1.00577
arbitrary_w,1962,2.0528e7,1.00000,1.00000
arbitrary_w,1963,5.1903e4,1.00000,1.00000
arbitrary_w,1964,6862.99801,1.03109,1.03109
arbitrary_w,1965,3791.67854,1.00000,1.00000
arbitrary_w,1966,1.4210e6,1.00000,1.00000
arbitrary_w,1967,6.6091e6,1.00000,1.00000
arbitrary_w,1968,1.0737e6,1.00000,1.00000
arbitrary_w,1969,378.21361,1.00000,1.00000
arbitrary_w,1970,1.8707e4,1.00014,1.00014
arbitrary_w,1971,2.1260e5,1.00872,1.00872
arbitrary_w,1972,422.00221,1.01782,1.01782
arbitrary_w,1973,3.4718e5,1.00285,1.00000
arbitrary_w,1974,285.65027,1.01263,1.00000
arbitrary_w,1975,3.3174e5,1.00000,1.00000
arbitrary_w,1976,1.0540e8,1.00000,1.00000
arbitrary_w,1977,1.1661e5,1.04026,1.00000
arbitrary_w,1978,1.0152e5,1.00000,1.00000
arbitrary_w,1979,7.6191e6,1.10459,1.00000
arbitrary_w,1980,1.0418e5,1.00000,1.00000
arbitrary_w,1981,3.4012e6,1.67651,1.00000
arbitrary_w,1982,6.0202e4,1.37744,1.00120
arbitrary_w,1983,3722.23744,1.32082,1.00000
arbitrary_w,1984,1631.57691,1.00000,1.00000
arbitrary_w,1985,6.4314e7,1.24481,1.00000
arbitrary_w,1986,9.3454e5,1.00000,1.00000
arbitrary_w,1987,1.9656e4,1.04104,1.04104
arbitrary_w,1988,1.0179e4,1.00000,1.00000
arbitrary_w,1989,396.93022,1.00000,1.00000
arbitrary_w,1990,1.1768e5,1.26035,1.00000
arbitrary_w,1991,8.1428e4,1.09109,1.00081
arbitrary_w,1992,7836.05099,1.00000,1.00000
arbitrary_w,1993,2.0939e5,1.00000,1.00000
arbitrary_w,1994,2.4725e7,1.00000,1.00000
arbitrary_w,1995,9.5129e5,1.31497,1.00000
arbitrary_w,1996,6.3628e6,1.00000,1.00000
arbitrary_w,1997,7.7846e5,1.00000,1.00000
arbitrary_w,1998,2699.55812,1.03270,1.00000
arbitrary_w,1999,9.2310e4,1.00000,1.00000
arbitrary_w,2000,220.23548,1.00000,1.00000
arbitrary_w,2001,1.7757e6,1.00000,1.00000
arbitrary_w,2002,9.3996e4,1.00182,1.00182
arbitrary_w,2003,447.86840,1.00005,1.00005
arbitrary_w,2004,101.79352,1.36537,1.00000
arbitrary_w,2005,1.1651e6,1.05784,1.05784
arbitrary_w,2006,1.7201e4,1.08765,1.00000
arbitrary_w,2007,6.2006e4,1.45474,1.00000
arbitrary_w,2008,7.1956e4,1.00000,1.00000
arbitrary_w,2009,4.6470e4,1.00202,1.00202
arbitrary_w,2010,66.47002,1.00000,1.00000
arbitrary_w,2011,1.1968e4,1.00000,1.00000
arbitrary_w,2012,1045.99164,1.00000,1.00000
arbitrary_w,2013,2.1542e4,1.17610,1.00000
arbitrary_w,2014,2969.84399,4.69327,1.00000
arbitrary_w,2015,173.44829,1.00000,1.00000
arbitrary_w,2016,3.1347e4,1.02650,1.02650
arbitrary_w,2017,3.1946e5,1.03772,1.01164
arbitrary_w,2018,1.5167e5,1.06407,1.00000
arbitrary_w,2019,1.4940e6,1.00000,1.00000
arbitrary_w,2020,1781.39351,1.17194,1.00000
arbitrary_w,2021,43.18993,1.00000,1.00000
arbitrary_w,2022,5.0603e4,1.00000,1.00000
arbitrary_w,2023,1.8363e8,1.00000,1.00000
arbitrary_w,2024,4.8248e4,1.00122,1.00122
arbitrary_w,2025,5.0636e4,1.00000,1.00000
arbitrary_w,2026,1963.99010,1.77429,1.00001
arbitrary_w,2027,2.1436e5,1.00000,1.00000
arbitrary_w,2028,2461.69548,1.00000,1.00000
arbitrary_w,2029,1.6139e6,1.00000,1.00000
arbitrary_w,2030,5965.93540,1.00006,1.00006
arbitrary_w,2031,2.5598e4,1.07582,1.00137
arbitrary_w,2032,2.0340e4,1.00000,1.00000
arbitrary_w,2033,8.3722e5,1.00000,1.00000
arbitrary_w,2034,1.1019e4,1.00000,1.00000
arbitrary_w,2035,1.0820e7,1.00000,1.00000
arbitrary_w,2036,1.2817e5,1.00590,1.00590
arbitrary_w,2037,7.8877e5,1.00000,1.00000
arbitrary_w,2038,2.5067e7,1.00000,1.00000
arbitrary_w,2039,7.2238e5,1.32964,1.05913
arbitrary_w,2040,7264.01530,1.02724,1.02724
arbitrary_w,2041,1.1737e6,1.00000,1.00000
arbitrary_w,2042,1.0189e8,1.00000,1.00000
arbitrary_w,2043,5.7454e6,1.00000,1.00000
arbitrary_w,2044,4.4593e4,1.02264,1.00000
arbitrary_w,2045,356.00396,1.00000,1.00000
arbitrary_w,2046,6522.49388,1.00000,1.00000
arbitrary_w,2047,1.1355e4,1.00000,1.00000
arbitrary_w,2048,4957.42661,1.48461,1.00000
arbitrary_w,2049,6.9934e4,1.00247,1.00000
arbitrary_w,2050,7.8371e7,1.00000,1.00000
arbitrary_w,2051,4353.21166,1.55240,1.00000
arbitrary_w,2052,1.5198e4,1.00000,1.00000
arbitrary_w,2053,1853.52720,1.05092,1.00000
arbitrary_w,2054,3.1144e4,1.05225,1.00000
arbitrary_w,2055,7.8519e4,1.00000,1.00000
arbitrary_w,2056,8.1287e4,1.00000,1.00000
arbitrary_w,2057,2.5742e8,1.00000,1.00000
arbitrary_w,2058,2.4658e5,1.00000,1.00000
arbitrary_w,2059,1.7986e5,1.00000,1.00000
arbitrary_w,2060,6.5246e5,1.00157,1.00157
arbitrary_w,2061,11.45997,1.38135,1.00009
arbitrary_w,2062,8477.50138,1.00000,1.00000
arbitrary_w,2063,1.8759e5,1.00000,1.00000
arbitrary_w,2064,995.17769,1.00613,1.00613
arbitrary_w,2065,1023.74662,1.00000,1.00000
arbitrary_w,2066,2.1063e5,1.42094,1.00000
arbitrary_w,2067,1.4888e5,1.00000,1.00000
arbitrary_w,2068,4.2991e5,1.16543,1.00000
arbitrary_w,2069,9.5655e6,1.24282,1.00000
arbitrary_w,2070,8.13080,1.00358,1.00358
arbitrary_w,2071,9522.92359,1.00340,1.00340
arbitrary_w,2072,2.4630e6,1.00000,1.00000
arbitrary_w,2073,7.7540e6,1.09014,1.00000
arbitrary_w,2074,227.43467,1.07197,1.07197
arbitrary_w,2075,1551.82881,1.00000,1.00000
arbitrary_w,2076,1.7508e4,1.00000,1.00000
arbitrary_w,2077,9.9498e4,1.00000,1.00000
arbitrary_w,2078,777.76535,1.00000,1.00000
arbitrary_w,2079,1.9637e4,1.20689,1.00000
arbitrary_w,2080,1720.32092,1.00201,1.00201
arbitrary_w,2081,3.7246e5,1.00531,1.00531
arbitrary_w,2082,17.56323,1.00389,1.00389
arbitrary_w,2083,3559.10335,1.01368,1.00000
arbitrary_w,2084,3.6964e4,6.20396,1.00000
arbitrary_w,2085,1.9762e5,1.08128,1.08128
arbitrary_w,2086,4.9961e5,1.02225,1.02225
arbitrary_w,2087,3.0295e7,1.00000,1.00000
arbitrary_w,2088,2.9338e4,1.00076,1.00076
arbitrary_w,2089,2.2685e6,1.01842,1.01842
arbitrary_w,2090,10.36433,1.03182,1.00000
arbitrary_w,2091,7.0723e5,1.01810,1.00317
arbitrary_w,2092,9.6468e4,1.69774,1.00000
arbitrary_w,2093,7.0994e5,1.27241,1.00000
arbitrary_w,2094,1.1955e6,1.13802,1.00000
arbitrary_w,2095,3.1022e7,1.00000,1.00000
arbitrary_w,2096,5.69403,1.00000,1.00000
arbitrary_w,2097,1.6013e4,1.00160,1.00160
arbitrary_w,2098,1.1843e5,1.00000,1.00000
arbitrary_w,2099,5.2367e6,1.00000,1.00000
arbitrary_w,2100,4.1858e7,1.00000,1.00000
arbitrary_w,2101,2127.77447,1.09462,1.00000
arbitrary_w,2102,2.2159e6,1.04998,1.00000
arbitrary_w,2103,1.2272e4,1.13590,1.00000
arbitrary_w,2104,1.2789e7,1.00000,1.00000
arbitrary_w,2105,3.9477e5,1.00000,1.00000
arbitrary_w,2106,100.40653,1.15190,1.00000
arbitrary_w,2107,6.9720e4,1.00000,1.00000
arbitrary_w,2108,6880.42026,1.00000,1.00000
arbitrary_w,2109,4.5700e5,1.04590,1.04590
arbitrary_w,2110,5.2847e6,1.00000,1.00000
arbitrary_w,2111,3.3950e5,1.07054,1.00000
arbitrary_w,2112,5.2746e5,1.00000,1.00000
arbitrary_w,2113,1556.13155,1.00183,1.00000
arbitrary_w,2114,1.47689,1.47689,1.00000
arbitrary_w,2115,1.7152e4,1.26371,1.03261
arbitrary_w,2116,1.0378e6,1.00000,1.00000
arbitrary_w,2117,1.5049e5,1.00000,1.00000
arbitrary_w,2118,1.2736e7,1.00000,1.00000
arbitrary_w,2119,2196.02419,1.17348,1.00000
arbitrary_w,2120,105.72173,1.06575,1.06575
arbitrary_w,2121,2216.22511,1.09244,1.00000
arbitrary_w,2122,2.4503e4,1.00010,1.00010
arbitrary_w,2123,1.0780e4,1.00820,1.00820
arbitrary_w,2124,3.0718e7,1.10602,1.00000
arbitrary_w,2125,2.5746e7,1.00000,1.00000
arbitrary_w,2126,3.8953e5,1.00999,1.00999
arbitrary_w,2127,1.4975e5,1.28728,1.00000
arbitrary_w,2128,4.9999e4,1.00000,1.00000
arbitrary_w,2129,1.7083e7,1.00000,1.00000
arbitrary_w,2130,2.8087e4,1.00000,1.00000
arbitrary_w,2131,2.1631e5,1.09848,1.00000
arbitrary_w,2132,3881.55560,1.00000,1.00000
arbitrary_w,2133,6.7258e4,1.00000,1.00000
arbitrary_w,2134,1.1272e4,1.00016,1.00016
arbitrary_w,2135,2.1069e5,1.00000,1.00000
arbitrary_w,2136,15.10771,1.35554,1.00005
arbitrary_w,2137,1019.92367,1.00668,1.00668
arbitrary_w,2138,74.08227,1.00000,1.00000
arbitrary_w,2139,1.3986e4,1.00000,1.00000
arbitrary_w,2140,6240.77710,1.22631,1.00000
arbitrary_w,2141,1.2436e8,1.00000,1.00000
arbitrary_w,2142,3.7881e6,1.00000,1.00000
arbitrary_w,2143,9102.46126,1.23814,1.00000
arbitrary_w,2144,2.4916e4,1.04771,1.00000
arbitrary_w,2145,1.8124e7,1.00000,1.00000
arbitrary_w,2146,1.3619e7,1.00000,1.00000
arbitrary_w,2147,2268.64332,1.00056,1.00009
arbitrary_w,2148,1.88493,1.01477,1.00000
arbitrary_w,2149,2.0833e4,1.00000,1.00000
arbitrary_w,2150,1.5345e6,1.00000,1.00000
arbitrary_w,2151,153.26892,1.00002,1.00002
arbitrary_w,2152,997.69631,1.00000,1.00000
arbitrary_w,2153,20.42541,1.01347,1.00000
arbitrary_w,2154,6.0404e4,1.00000,1.00000
arbitrary_w,2155,1.1561e4,1.00000,1.00000
arbitrary_w,2156,1.1723e6,1.00000,1.00000
arbitrary_w,2157,7.0976e5,1.00000,1.00000
arbitrary_w,2158,9.5033e5,1.00000,1.00000
arbitrary_w,2159,2.2516e7,1.00000,1.00000
arbitrary_w,2160,870.16094,1.00000,1.00000
arbitrary_w,2161,1.1373e4,1.00005,1.00005
arbitrary_w,2162,6996.25301,1.00000,1.00000
arbitrary_w,2163,1.8579e6,1.00000,1.00000
arbitrary_w,2164,191.87562,1.00830,1.00830
arbitrary_w,2165,7.3542e4,1.03614,1.00000
arbitrary_w,2166,2.7361e4,1.00000,1.00000
arbitrary_w,2167,36.80436,1.00219,1.00219
arbitrary_w,2168,3.6406e5,1.01182,1.01182
arbitrary_w,2169,8.1927e5,1.00000,1.00000
arbitrary_w,2170,1.2552e5,1.06603,1.00000
arbitrary_w,2171,142.21558,1.00000,1.00000
arbitrary_w,2172,3.9265e4,1.00000,1.00000
arbitrary_w,2173,1.1786e4,1.00000,1.00000
arbitrary_w,2174,3.8911e5,1.00000,1.00000
arbitrary_w,2175,2.7391e5,1.07415,1.05685
arbitrary_w,2176,1.9367e6,1.00375,1.00000
arbitrary_w,2177,1.8076e6,1.17831,1.00000
arbitrary_w,2178,572.95314,1.59692,1.00000
arbitrary_w,2179,2.5417e4,1.00472,1.00000
arbitrary_w,2180,2.8334e4,1.03051,1.00000
arbitrary_w,2181,5.7835e5,1.00000,1.00000
arbitrary_w,2182,3120.22556,1.00000,1.00000
arbitrary_w,2183,2150.64315,1.00000,1.00000
arbitrary_w,2184,6.8227e5,1.00000,1.00000
arbitrary_w,2185,9.9399e6,1.00000,1.00000
arbitrary_w,2186,505.99854,1.00001,1.00001
arbitrary_w,2187,3.4208e5,1.13183,1.00927
arbitrary_w,2188,7.2521e4,1.00000,1.00000
arbitrary_w,2189,1.2175e7,1.03377,1.00000
arbitrary_w,2190,55.70286,1.00273,1.00273
arbitrary_w,2191,2.1051e6,1.00000,1.00000
arbitrary_w,2192,226.53898,1.00263,1.00263
arbitrary_w,2193,8.1768e4,1.00946,1.00946
arbitrary_w,2194,2.0931e5,1.52340,1.00000
arbitrary_w,2195,3075.93911,1.00000,1.00000
arbitrary_w,2196,1072.82850,1.01076,1.00000
arbitrary_w,2197,2.8990e4,1.00280,1.00041
arbitrary_w,2198,1.5110e4,1.10429,1.00000
arbitrary_w,2199,2.3581e6,1.00000,1.00000
arbitrary_w,2200,1.5610e4,1.66780,1.00000
arbitrary_w,2201,4.8677e4,1.00036,1.00036
arbitrary_w,2202,1154.52469,1.00006,1.00006
arbitrary_w,2203,9.8257e5,1.00000,1.00000
arbitrary_w,2204,5620.70101,1.29832,1.00000
arbitrary_w,2205,5.3370e4,1.19005,1.00000
arbitrary_w,2206,1.2189e4,1.00000,1.00000
arbitrary_w,2207,4.0616e6,1.00000,1.00000
arbitrary_w,2208,1.32288,1.11119,1.00018
arbitrary_w,2209,2.7543e5,1.00000,1.00000
arbitrary_w,2210,572.31488,1.24433,1.00000
arbitrary_w,2211,474.31761,1.04511,1.00000
arbitrary_w,2212,220.24980,1.40526,1.00000
arbitrary_w,2213,1.8933e5,1.00000,1.00000
arbitrary_w,2214,56.62345,1.06658,1.00000
arbitrary_w,2215,1.9646e6,1.00523,1.00523
arbitrary_w,2216,5.3521e6,1.21684,1.00000
arbitrary_w,2217,4148.39232,1.00000,1.00000
arbitrary_w,2218,3.4350e5,1.09731,1.00000
arbitrary_w,2219,2.7242e6,1.00000,1.00000
arbitrary_w,2220,1.9809e7,1.00000,1.00000
arbitrary_w,2221,2.2512e6,1.00000,1.00000
arbitrary_w,2222,375.70669,1.13507,1.00062
arbitrary_w,2223,67.68875,1.00871,1.00003
arbitrary_w,2224,3.7132e4,1.00000,1.00000
arbitrary_w,2225,1.9308e7,1.00000,1.00000
arbitrary_w,2226,1.2746e4,1.07832,1.00000
arbitrary_w,2227,18.99174,1.00000,1.00000
arbitrary_w,2228,7.3985e6,1.55462,1.00000
arbitrary_w,2229,7.2176e6,1.00000,1.00000
arbitrary_w,2230,1142.88111,1.01737,1.00298
arbitrary_w,2231,3199.31760,1.00000,1.00000
arbitrary_w,2232,1.4011e5,1.06713,1.06713
arbitrary_w,2233,2.6417e4,1.00000,1.00000
arbitrary_w,2234,7.0918e4,1.00000,1.00000
arbitrary_w,2235,4.0644e4,1.13636,1.00000
arbitrary_w,2236,9426.36360,1.00002,1.00002
arbitrary_w,2237,61.40102,1.01796,1.01796
arbitrary_w,2238,115.24060,1.08381,1.00000
arbitrary_w,2239,1688.79015,1.00000,1.00000
arbitrary_w,2240,1.6652e4,1.06623,1.00668
arbitrary_w,2241,284.28380,1.26901,1.00000
arbitrary_w,2242,10.01665,1.00000,1.00000
arbitrary_w,2243,6.7966e4,1.00000,1.00000
arbitrary_w,2244,3.6305e5,1.00000,1.00000
arbitrary_w,2245,2.1322e6,1.00000,1.00000
arbitrary_w,2246,8.9991e4,1.00000,1.00000
arbitrary_w,2247,1.4942e5,1.03838,1.00000
arbitrary_w,2248,1.9443e7,1.00000,1.00000
arbitrary_w,2249,4.3809e8,1.00000,1.00000
arbitrary_w,2250,1.9361e4,2.85512,1.00000
arbitrary_w,2251,2.6853e4,1.00131,1.00131
arbitrary_w,2252,6257.35519,1.00000,1.00000
arbitrary_w,2253,857.06438,1.00000,1.00000
arbitrary_w,2254,2.1928e5,1.23855,1.07989
arbitrary_w,2255,4249.67458,1.64697,1.00727
arbitrary_w,2256,1.1106e6,1.04114,1.04114
arbitrary_w,2257,5329.41251,1.00346,1.00000
arbitrary_w,2258,4390.54987,1.01640,1.01640
arbitrary_w,2259,68.12295,1.30970,1.00000
arbitrary_w,2260,3200.45348,1.04480,1.04480
arbitrary_w,2261,9.2346e5,1.12832,1.12832
arbitrary_w,2262,218.97054,1.05654,1.00000
arbitrary_w,2263,1.2209e6,1.00000,1.00000
arbitrary_w,2264,1726.90765,1.30189,1.00000
arbitrary_w,2265,5.6847e6,1.00000,1.00000
arbitrary_w,2266,3.3674e7,1.00000,1.00000
arbitrary_w,2267,1.8113e4,1.02394,1.00023
arbitrary_w,2268,3.5648e6,1.00000,1.00000
arbitrary_w,2269,7.8092e5,1.00000,1.00000
arbitrary_w,2270,7.0624e6,1.02355,1.02355
arbitrary_w,2271,31.20336,1.00056,1.00056
arbitrary_w,2272,2.4360e4,1.00000,1.00000
arbitrary_w,2273,1.2100e5,1.11566,1.00000
arbitrary_w,2274,1.5657e7,1.00000,1.00000
arbitrary_w,2275,131.58520,1.29245,1.00000
arbitrary_w,2276,207.24898,1.00013,1.00013
arbitrary_w,2277,4.1316e4,1.00000,1.00000
arbitrary_w,2278,3.2159e7,1.00000,1.00000
arbitrary_w,2279,3.2004e7,1.00000,1.00000
arbitrary_w,2280,92.55024,1.06327,1.06327
arbitrary_w,2281,1.8942e5,1.00000,1.00000
arbitrary_w,2282,4.7199e6,1.00000,1.00000
arbitrary_w,2283,206.78817,1.00000,1.00000
arbitrary_w,2284,1.7944e6,3.45493,1.00000
arbitrary_w,2285,1.9603e5,1.05871,1.05871
arbitrary_w,2286,1498.89286,1.00000,1.00000
arbitrary_w,2287,4.4317e4,1.01908,1.01908
arbitrary_w,2288,1.8553e6,1.00000,1.00000
arbitrary_w,2289,4.5515e5,1.00000,1.00000
arbitrary_w,2290,6.8702e5,1.16808,1.16808
arbitrary_w,2291,352.23456,6.09220,1.00000
arbitrary_w,2292,1710.35339,1.00000,1.00000
arbitrary_w,2293,1.0039e4,1.00047,1.00047
arbitrary_w,2294,3.9662e5,1.00000,1.00000
arbitrary_w,2295,3.7624e6,1.12502,1.00000
arbitrary_w,2296,4.9886e4,1.00000,1.00000
arbitrary_w,2297,8.5709e4,1.01032,1.00441
arbitrary_w,2298,212.42848,1.92576,1.09686
arbitrary_w,2299,3222.29215,1.06876,1.00000
arbitrary_w,2300,1299.00268,1.00000,1.00000
arbitrary_w,2301,3.9056e5,1.00000,1.00000
arbitrary_w,2302,4.4547e5,1.00000,1.00000
arbitrary_w,2303,441.65687,1.12184,1.00487
arbitrary_w,2304,1.7981e8,1.00000,1.00000
arbitrary_w,2305,3.7547e5,1.00000,1.00000
arbitrary_w,2306,1.7355e6,1.00000,1.00000
arbitrary_w,2307,6.0528e5,1.00000,1.00000
arbitrary_w,2308,196.20571,1.00000,1.00000
arbitrary_w,2309,9.39275,1.02726,1.00139
arbitrary_w,2310,2031.14943,1.00438,1.00045
arbitrary_w,2311,1.4772e7,1.00000,1.00000
arbitrary_w,2312,2.4035e6,1.00000,1.00000
arbitrary_w,2313,2585.53892,1.08078,1.00000
arbitrary_w,2314,8.1840e4,1.00000,1.00000
arbitrary_w,2315,337.25144,1.00005,1.00005
arbitrary_w,2316,134.52507,1.00009,1.00009
arbitrary_w,2317,207.42914,1.20360,1.00024
arbitrary_w,2318,1.9711e6,1.05341,1.00000
arbitrary_w,2319,112.17511,1.04325,1.00000
arbitrary_w,2320,5.7627e6,1.00000,1.00000
arbitrary_w,2321,2.9171e4,1.05579,1.00000
arbitrary_w,2322,1.2812e4,1.00000,1.00000
arbitrary_w,2323,220.09297,1.00000,1.00000
arbitrary_w,2324,15.82993,1.00000,1.00000
arbitrary_w,2325,8.2248e4,1.00000,1.00000
arbitrary_w,2326,7.3119e5,1.00000,1.00000
arbitrary_w,2327,1.1291e8,1.00000,1.00000
arbitrary_w,2328,585.27550,1.00000,1.00000
arbitrary_w,2329,6.1541e4,1.01651,1.00013
arbitrary_w,2330,2.7773e4,1.00016,1.00016
arbitrary_w,2331,7.8408e4,1.00000,1.00000
arbitrary_w,2332,7.4108e5,1.00000,1.00000
arbitrary_w,2333,2050.83240,1.21724,1.00000
arbitrary_w,2334,270.63806,1.08452,1.00000
arbitrary_w,2335,7.0285e4,1.03433,1.03433
arbitrary_w,2336,5301.46745,1.00000,1.00000
arbitrary_w,2337,1.5717e4,1.00155,1.00155
arbitrary_w,2338,1.2574e5,3.30145,1.00000
arbitrary_w,2339,2.6659e4,1.02228,1.00000
arbitrary_w,2340,3.5626e5,1.03407,1.00000
arbitrary_w,2341,2.1244e5,1.08797,1.00000
arbitrary_w,2342,2.1650e5,1.20155,1.00000
arbitrary_w,2343,2.0770e4,3.33369,1.00000
arbitrary_w,2344,1.9511e4,1.00000,1.00000
arbitrary_w,2345,117.38658,1.00004,1.00004
arbitrary_w,2346,4.4612e4,1.00000,1.00000
arbitrary_w,2347,2.8832e5,1.01592,1.00000
arbitrary_w,2348,77.77811,1.00610,1.00610
arbitrary_w,2349,51.87201,1.12093,1.00063
arbitrary_w,2350,4.8722e5,1.00113,1.00113
arbitrary_w,2351,1.8928e4,1.09015,1.09015
arbitrary_w,2352,1.0004e5,1.23872,1.00000
arbitrary_w,2353,2.9999e4,1.00000,1.00000
arbitrary_w,2354,1.4890e5,1.00305,1.00305
arbitrary_w,2355,1.2825e5,1.00371,1.00371
arbitrary_w,2356,3.3889e4,1.02668,1.00000
arbitrary_w,2357,6822.97760,1.00995,1.00995
arbitrary_w,2358,3.72509,1.00001,1.00001
arbitrary_w,2359,1181.88285,1.01328,1.00062
arbitrary_w,2360,1.7684e4,1.01154,1.01154
arbitrary_w,2361,2.5760e4,1.00000,1.00000
arbitrary_w,2362,1158.72737,1.27185,1.00000
arbitrary_w,2363,1.1170e4,1.00128,1.00128
arbitrary_w,2364,238.31471,1.00000,1.00000
arbitrary_w,2365,3.4278e4,1.00897,1.00897
arbitrary_w,2366,2700.04430,1.01092,1.01092
arbitrary_w,2367,1.3368e6,1.00000,1.00000
arbitrary_w,2368,9.6070e4,1.00000,1.00000
arbitrary_w,2369,947.67847,1.06586,1.00433
arbitrary_w,2370,84.66964,1.00000,1.00000
arbitrary_w,2371,3.2989e4,1.00000,1.00000
arbitrary_w,2372,8013.42397,1.00168,1.00168
arbitrary_w,2373,2.2290e5,1.37730,1.02300
arbitrary_w,2374,4.54432,1.00265,1.00265
arbitrary_w,2375,1824.65552,1.06853,1.00000
arbitrary_w,2376,3.0324e4,1.00000,1.00000
arbitrary_w,2377,9279.30686,1.00000,1.00000
arbitrary_w,2378,1.8758e5,1.00000,1.00000
arbitrary_w,2379,180.43627,1.00000,1.00000
arbitrary_w,2380,1.2210e6,1.02949,1.00000
arbitrary_w,2381,267.07708,1.00034,1.00003
arbitrary_w,2382,613.83242,1.00864,1.00000
arbitrary_w,2383,378.71484,1.00099,1.00000
arbitrary_w,2384,6.7104e4,1.00000,1.00000
arbitrary_w,2385,3.8132e5,1.00688,1.00688
arbitrary_w,2386,236.98911,1.09447,1.00000
arbitrary_w,2387,31.14912,1.24646,1.00161
arbitrary_w,2388,6.55020,1.61026,1.00000
arbitrary_w,2389,1.6550e6,1.00000,1.00000
arbitrary_w,2390,84.82833,1.27890,1.00000
arbitrary_w,2391,1.3177e6,1.63036,1.00000
arbitrary_w,2392,329.24419,1.00000,1.00000
arbitrary_w,2393,8.6349e5,1.20235,1.00000
arbitrary_w,2394,6.7517e4,1.00000,1.00000
arbitrary_w,2395,337.01368,1.01461,1.00575
arbitrary_w,2396,18.53257,1.00000,1.00000
arbitrary_w,2397,51.33090,1.00115,1.00115
arbitrary_w,2398,54.46920,1.00464,1.00000
arbitrary_w,2399,8102.26217,1.00000,1.00000
arbitrary_w,2400,1234.58516,1.00000,1.00000
arbitrary_w,2401,252.68434,1.00000,1.00000
arbitrary_w,2402,1376.82426,1.00304,1.00304
arbitrary_w,2403,2.2121e4,1.00041,1.00041
arbitrary_w,2404,2.0327e6,1.00000,1.00000
arbitrary_w,2405,2.0877e6,1.00000,1.00000
arbitrary_w,2406,2.8586e5,1.16751,1.00000
arbitrary_w,2407,5795.43654,1.06651,1.00001
arbitrary_w,2408,42.71145,1.00008,1.00008
arbitrary_w,2409,1.7452e8,1.75332,1.00000
arbitrary_w,2410,286.38514,1.00000,1.00000
arbitrary_w,2411,2777.36970,1.03364,1.00000
arbitrary_w,2412,2720.87560,1.24165,1.00000
arbitrary_w,2413,4.8844e6,1.83461,1.00000
arbitrary_w,2414,1.2465e8,1.00000,1.00000
arbitrary_w,2415,1.0036e5,1.00252,1.00252
arbitrary_w,2416,1410.97913,1.03076,1.00000
arbitrary_w,2417,4.1384e6,1.58660,1.00000
arbitrary_w,2418,2.3859e6,1.03603,1.01994
arbitrary_w,2419,4.0735e6,1.00000,1.00000
arbitrary_w,2420,2.4779e8,1.00000,1.00000
arbitrary_w,2421,7.8996e4,1.11091,1.11091
arbitrary_w,2422,9.9194e4,1.24834,1.00000
arbitrary_w,2423,1.6077e4,1.00000,1.00000
arbitrary_w,2424,5715.90293,1.03572,1.00000
arbitrary_w,2425,296.73844,1.09385,1.00014
arbitrary_w,2426,8.7587e4,1.00000,1.00000
arbitrary_w,2427,3.8061e5,1.00000,1.00000
arbitrary_w,2428,184.96919,1.00000,1.00000
arbitrary_w,2429,5.1500e5,1.09439,1.00000
arbitrary_w,2430,7065.09169,1.27610,1.00000
arbitrary_w,2431,1.0677e5,1.22580,1.08044
arbitrary_w,2432,2.5520e7,1.00000,1.00000
arbitrary_w,2433,1066.88256,1.00007,1.00007
arbitrary_w,2434,8.9145e5,1.00792,1.00000
arbitrary_w,2435,126.40960,1.00491,1.00491
arbitrary_w,2436,2.4986e5,1.00357,1.00357
arbitrary_w,2437,1.5007e6,1.00000,1.00000
arbitrary_w,2438,2.6197e6,1.00000,1.00000
arbitrary_w,2439,1.8401e6,1.00000,1.00000
arbitrary_w,2440,1.0207e4,1.07092,1.07092
arbitrary_w,2441,1.8858e6,1.02758,1.00000
arbitrary_w,2442,5.8789e6,1.00529,1.00000
arbitrary_w,2443,4.4433e5,1.04005,1.00000
arbitrary_w,2444,9.3175e5,1.00000,1.00000
arbitrary_w,2445,4.3763e5,1.01785,1.01785
arbitrary_w,2446,47.38029,1.00078,1.00078
arbitrary_w,2447,665.71537,1.00000,1.00000
arbitrary_w,2448,276.95009,1.00021,1.00021
arbitrary_w,2449,2.3464e5,1.02132,1.00000
arbitrary_w,2450,1.7918e5,1.00000,1.00000
arbitrary_w,2451,4068.39616,1.00006,1.00006
arbitrary_w,2452,769.51930,1.00000,1.00000
arbitrary_w,2453,6.6765e5,1.00000,1.00000
arbitrary_w,2454,2.6823e5,1.00000,1.00000
arbitrary_w,2455,2.8185e6,1.01786,1.01786
arbitrary_w,2456,186.85754,1.65041,1.00000
arbitrary_w,2457,602.91702,1.01123,1.00478
arbitrary_w,2458,1282.38212,2.64199,1.00000
arbitrary_w,2459,5.7703e5,1.00000,1.00000
arbitrary_w,2460,2.4529e4,1.32216,1.00000
arbitrary_w,2461,2.1195e5,1.13121,1.13121
arbitrary_w,2462,652.25088,1.54127,1.00000
arbitrary_w,2463,1.4812e6,1.00556,1.00556
arbitrary_w,2464,8.4296e4,1.00687,1.00000
arbitrary_w,2465,480.72690,1.00000,1.00000
arbitrary_w,2466,2.5146e4,1.00264,1.00000
arbitrary_w,2467,3.7960e4,1.00143,1.00143
arbitrary_w,2468,6.3862e5,1.02894,1.01090
arbitrary_w,2469,1185.95390,1.19821,1.00016
arbitrary_w,2470,1.1136e6,1.00190,1.00190
arbitrary_w,2471,1.8856e5,1.00000,1.00000
arbitrary_w,2472,785.55762,1.08198,1.00446
arbitrary_w,2473,1.3575e5,1.00000,1.00000
arbitrary_w,2474,1.5792e5,1.00000,1.00000
arbitrary_w,2475,4.9349e4,1.02143,1.00000
arbitrary_w,2476,5.8808e4,1.00000,1.00000
arbitrary_w,2477,1.1830e4,1.09497,1.00000
arbitrary_w,2478,698.92642,1.17628,1.00654
arbitrary_w,2479,6674.82868,1.00000,1.00000
arbitrary_w,2480,6018.55578,1.11646,1.00000
arbitrary_w,2481,8.5331e5,1.00000,1.00000
arbitrary_w,2482,4.3801e5,1.00000,1.00000
arbitrary_w,2483,251.56003,1.00000,1.00000
arbitrary_w,2484,2.5929e4,1.01614,1.00000
arbitrary_w,2485,3621.08310,1.00000,1.00000
arbitrary_w,2486,2.2551e4,1.00000,1.00000
arbitrary_w,2487,205.13494,1.59968,1.00005
arbitrary_w,2488,7.9750e7,1.11967,1.11967
arbitrary_w,2489,2.5344e6,1.00974,1.00974
arbitrary_w,2490,4.3657e4,1.16689,1.00000
arbitrary_w,2491,1.4071e4,1.74465,1.00000
arbitrary_w,2492,6.5240e5,1.01403,1.00712
arbitrary_w,2493,1.9086e4,1.02235,1.00077
arbitrary_w,2494,8.1399e4,1.00000,1.00000
arbitrary_w,2495,835.12712,1.44296,1.00000
arbitrary_w,2496,2687.76210,1.00000,1.00000
arbitrary_w,2497,2.2705e7,1.00000,1.00000
arbitrary_w,2498,166.30183,1.00004,1.00004
arbitrary_w,2499,9.4857e4,1.18036,1.00018
arbitrary_w,2500,63.53214,1.00037,1.00000
arbitrary_w,2501,877.77528,1.52689,1.00000
arbitrary_w,2502,1.6726e5,1.47667,1.00000
arbitrary_w,2503,379.45678,1.42840,1.00162
arbitrary_w,2504,1.0940e5,1.00000,1.00000
arbitrary_w,2505,4.3518e6,1.00000,1.00000
arbitrary_w,2506,92.12663,1.00074,1.00074
arbitrary_w,2507,1.1351e7,2.19518,1.00000
arbitrary_w,2508,31.41325,1.01291,1.01291
arbitrary_w,2509,5.49382,1.27569,1.00245
arbitrary_w,2510,3.4836e4,1.00000,1.00000
arbitrary_w,2511,2.3316e5,1.02274,1.00000
arbitrary_w,2512,1.2958e4,1.58669,1.00000
arbitrary_w,2513,1.3336e4,1.00000,1.00000
arbitrary_w,2514,2.0692e7,1.00000,1.00000
arbitrary_w,2515,1.2588e6,1.00000,1.00000
arbitrary_w,2516,6.1218e4,1.00166,1.00166
arbitrary_w,2517,141.18132,1.00004,1.00000
arbitrary_w,2518,1.3958e6,1.20156,1.00000
arbitrary_w,2519,1814.86704,1.00000,1.00000
arbitrary_w,2520,1.1919e7,1.25441,1.00000
arbitrary_w,2521,148.16440,1.00000,1.00000
arbitrary_w,2522,176.81761,1.00000,1.00000
arbitrary_w,2523,2717.07918,1.00000,1.00000
arbitrary_w,2524,2.1622e5,1.00000,1.00000
arbitrary_w,2525,2251.78778,1.14359,1.00000
arbitrary_w,2526,913.16537,1.02757,1.02757
arbitrary_w,2527,2.9403e4,1.00000,1.00000
arbitrary_w,2528,1.7059e4,1.00180,1.00000
arbitrary_w,2529,303.19010,1.00012,1.00012
arbitrary_w,2530,1.7849e5,1.00000,1.00000
arbitrary_w,2531,3.0903e6,1.00000,1.00000
arbitrary_w,2532,3499.75157,1.00030,1.00000
arbitrary_w,2533,2.52508,1.07045,1.00000
arbitrary_w,2534,3.9521e6,1.00000,1.00000
arbitrary_w,2535,6.3144e6,1.00000,1.00000
arbitrary_w,2536,7.6385e4,1.00000,1.00000
arbitrary_w,2537,1.6065e4,1.00226,1.00115
arbitrary_w,2538,5.9818e4,1.05442,1.00000
arbitrary_w,2539,5.9171e4,1.00000,1.00000
arbitrary_w,2540,2.4391e5,1.00000,1.00000
arbitrary_w,2541,7.7099e7,1.00000,1.00000
arbitrary_w,2542,54.28242,1.00432,1.00000
arbitrary_w,2543,230.62632,1.00139,1.00000
arbitrary_w,2544,9.2874e4,1.36001,1.00000
arbitrary_w,2545,2797.18006,1.00137,1.00137
arbitrary_w,2546,5.6501e4,1.16111,1.00000
arbitrary_w,2547,3980.69109,1.00000,1.00000
arbitrary_w,2548,5989.22921,1.00055,1.00055
arbitrary_w,2549,132.51786,1.06796,1.00001
arbitrary_w,2550,5.0553e6,1.00000,1.00000
arbitrary_w,2551,2.9817e5,1.00000,1.00000
arbitrary_w,2552,57.81310,1.00189,1.00189
arbitrary_w,2553,3.5150e7,1.00000,1.00000
arbitrary_w,2554,40.68645,1.02230,1.00000
arbitrary_w,2555,2.7553e6,1.01933,1.01933
arbitrary_w,2556,5.2817e4,1.19202,1.00000
arbitrary_w,2557,1.7448e5,1.09419,1.00000
arbitrary_w,2558,2.8487e5,1.03329,1.00000
arbitrary_w,2559,1.6460e5,1.00000,1.00000
arbitrary_w,2560,3.4285e7,1.00000,1.00000
arbitrary_w,2561,1286.26681,1.00000,1.00000
arbitrary_w,2562,1.0500e6,1.00000,1.00000
arbitrary_w,2563,24.02505,1.04680,1.00330
arbitrary_w,2564,3304.94550,1.00000,1.00000
arbitrary_w,2565,1.1265e5,1.00000,1.00000
arbitrary_w,2566,9.4299e6,1.00000,1.00000
arbitrary_w,2567,1402.30365,1.00000,1.00000
arbitrary_w,2568,1.1906e6,1.00000,1.00000
arbitrary_w,2569,8.3815e6,1.00000,1.00000
arbitrary_w,2570,2.9618e6,1.00000,1.00000
arbitrary_w,2571,5.2310e4,1.02888,1.02888
arbitrary_w,2572,76.95552,1.01397,1.00000
arbitrary_w,2573,1.5076e4,1.31249,1.00000
arbitrary_w,2574,1.1879e6,1.00000,1.00000
arbitrary_w,2575,6220.43492,1.03488,1.03488
arbitrary_w,2576,110.21394,1.03287,1.03287
arbitrary_w,2577,4.5913e5,1.73890,1.00000
arbitrary_w,2578,8.4496e7,1.00000,1.00000
arbitrary_w,2579,74.73163,1.26446,1.00000
arbitrary_w,2580,6.1312e5,1.01943,1.01943
arbitrary_w,2581,23.39162,1.00000,1.00000
arbitrary_w,2582,1.0218e5,1.00000,1.00000
arbitrary_w,2583,1.4230e4,1.05488,1.00048
arbitrary_w,2584,31.85655,1.00047,1.00000
arbitrary_w,2585,1.1468e6,1.00000,1.00000
arbitrary_w,2586,6.3017e4,1.00000,1.00000
arbitrary_w,2587,10.45124,1.00499,1.00499
arbitrary_w,2588,2.2986e5,1.00000,1.00000
arbitrary_w,2589,4.4621e6,1.00000,1.00000
arbitrary_w,2590,30.88148,3.21464,1.00000
arbitrary_w,2591,2.5209e4,1.15622,1.00000
arbitrary_w,2592,6.2792e4,1.00000,1.00000
arbitrary_w,2593,6424.47646,1.10387,1.00000
arbitrary_w,2594,9.9245e4,1.00377,1.00377
arbitrary_w,2595,308.36681,1.19526,1.00000
arbitrary_w,2596,6.6942e7,1.00000,1.00000
arbitrary_w,2597,8124.51213,1.03362,1.03362
arbitrary_w,2598,9.4551e4,1.10338,1.00000
arbitrary_w,2599,272.79944,1.20751,1.00060
arbitrary_w,2600,344.05949,1.00000,1.00000
arbitrary_w,2601,569.30470,1.00000,1.00000
arbitrary_w,2602,7.9374e6,1.00000,1.00000
arbitrary_w,2603,1.0984e5,1.00000,1.00000
arbitrary_w,2604,1877.23936,1.04213,1.00000
arbitrary_w,2605,4.3504e6,1.00000,1.00000
arbitrary_w,2606,1430.86891,1.02263,1.02263
arbitrary_w,2607,3.4849e5,1.00000,1.00000
arbitrary_w,2608,7843.03626,1.00000,1.00000
arbitrary_w,2609,13.39965,1.19049,1.00065
arbitrary_w,2610,218.50730,1.00069,1.00069
arbitrary_w,2611,1.1275e5,1.07940,1.00000
arbitrary_w,2612,4.0852e6,1.00000,1.00000
arbitrary_w,2613,1.6080e6,1.09550,1.05374
arbitrary_w,2614,5.0076e5,1.10900,1.10900
arbitrary_w,2615,5.1641e5,1.17539,1.00000
arbitrary_w,2616,8.5654e4,1.00000,1.00000
arbitrary_w,2617,1.5468e6,1.08752,1.00000
arbitrary_w,2618,1.9427e6,1.00816,1.00816
arbitrary_w,2619,6.9137e4,1.09905,1.00000
arbitrary_w,2620,397.45550,1.01657,1.01657
arbitrary_w,2621,9.2600e5,1.00000,1.00000
arbitrary_w,2622,9677.17875,1.01065,1.01065
arbitrary_w,2623,8069.69703,1.00000,1.00000
arbitrary_w,2624,5.1847e5,1.00000,1.00000
arbitrary_w,2625,7.2413e5,1.00000,1.00000
arbitrary_w,2626,1.9062e5,1.08065,1.01694
arbitrary_w,2627,40.04653,1.00007,1.00007
arbitrary_w,2628,2661.79191,1.00007,1.00007
arbitrary_w,2629,1818.29499,1.00056,1.00056
arbitrary_w,2630,4659.48586,1.14899,1.00000
arbitrary_w,2631,146.74747,1.00000,1.00000
arbitrary_w,2632,4616.15867,1.10969,1.00000
arbitrary_w,2633,6.1117e5,1.00000,1.00000
arbitrary_w,2634,3415.26616,1.08953,1.08953
arbitrary_w,2635,5.6353e4,1.50425,1.00000
arbitrary_w,2636,350.85744,1.00040,1.00040
arbitrary_w,2637,2.0458e4,1.12758,1.00000
arbitrary_w,2638,4.3640e4,1.00000,1.00000
arbitrary_w,2639,2474.74303,1.01046,1.01046
arbitrary_w,2640,5187.09057,1.10125,1.00000
arbitrary_w,2641,3.5323e5,1.00000,1.00000
arbitrary_w,2642,47.95097,1.00000,1.00000
arbitrary_w,2643,3.4757e6,1.00000,1.00000
arbitrary_w,2644,7.2831e4,1.02468,1.02468
arbitrary_w,2645,1.5777e5,1.05901,1.05901
arbitrary_w,2646,1.5023e6,1.00000,1.00000
arbitrary_w,2647,662.35959,1.00010,1.00010
arbitrary_w,2648,503.50823,1.22586,1.00001
arbitrary_w,2649,7.1302e4,1.00000,1.00000
arbitrary_w,2650,2.8957e5,1.00000,1.00000
arbitrary_w,2651,1.0784e4,1.08295,1.08295
arbitrary_w,2652,1.2651e5,1.00000,1.00000
arbitrary_w,2653,2.0142e6,1.00000,1.00000
arbitrary_w,2654,8.8646e4,1.00000,1.00000
arbitrary_w,2655,8.0011e6,1.00000,1.00000
arbitrary_w,2656,1.2367e5,1.12792,1.00000
arbitrary_w,2657,7.8682e5,1.14432,1.14432
arbitrary_w,2658,162.55091,1.01315,1.00000
arbitrary_w,2659,1.2373e5,1.35476,1.00000
arbitrary_w,2660,1.6377e6,1.00000,1.00000
arbitrary_w,2661,36.87831,1.02331,1.02331
arbitrary_w,2662,473.39030,1.00000,1.00000
arbitrary_w,2663,2.6231e5,1.07586,1.00078
arbitrary_w,2664,160.09452,1.00000,1.00000
arbitrary_w,2665,1.4301e5,1.04773,1.00000
arbitrary_w,2666,767.69570,1.00000,1.00000
arbitrary_w,2667,280.20525,1.02270,1.00000
arbitrary_w,2668,4641.13762,1.11580,1.00000
arbitrary_w,2669,131.24565,1.21613,1.00000
arbitrary_w,2670,2085.59728,1.37408,1.00000
arbitrary_w,2671,2.1511e4,1.12529,1.12529
arbitrary_w,2672,228.17331,1.11659,1.00000
arbitrary_w,2673,178.90873,1.00001,1.00001
arbitrary_w,2674,9.1807e7,1.00000,1.00000
arbitrary_w,2675,4.6652e7,1.00000,1.00000
arbitrary_w,2676,115.43181,1.00940,1.00940
arbitrary_w,2677,2.7623e5,1.00000,1.00000
arbitrary_w,2678,1.7839e5,1.00000,1.00000
arbitrary_w,2679,7.8814e5,1.00000,1.00000
arbitrary_w,2680,3.4677e6,1.03680,1.00000
arbitrary_w,2681,5.5586e6,1.00000,1.00000
arbitrary_w,2682,1.5139e8,1.00000,1.00000
arbitrary_w,2683,1.2949e4,1.01107,1.00033
arbitrary_w,2684,2.7069e4,1.00000,1.00000
arbitrary_w,2685,2.0088e5,1.00396,1.00396
arbitrary_w,2686,352.80565,1.01532,1.01532
arbitrary_w,2687,618.64133,1.00066,1.00066
arbitrary_w,2688,5.9247e4,1.00000,1.00000
arbitrary_w,2689,1432.39630,1.08185,1.00000
arbitrary_w,2690,2.9562e6,1.00000,1.00000
arbitrary_w,2691,2270.96865,1.25506,1.15231
arbitrary_w,2692,8.1803e5,1.00000,1.00000
arbitrary_w,2693,6247.15803,1.00000,1.00000
arbitrary_w,2694,4.9420e4,1.00000,1.00000
arbitrary_w,2695,1.5459e6,1.00000,1.00000
arbitrary_w,2696,3.9253e5,1.00000,1.00000
arbitrary_w,2697,257.30559,1.00000,1.00000
arbitrary_w,2698,2.0763e5,1.07574,1.00000
arbitrary_w,2699,1.0566e5,1.13323,1.00000
arbitrary_w,2700,6.9547e4,1.00338,1.00338
arbitrary_w,2701,7.3214e5,1.00000,1.00000
arbitrary_w,2702,1946.53610,1.00498,1.00002
arbitrary_w,2703,95.97206,1.09678,1.00000
arbitrary_w,2704,1.5584e6,1.00315,1.00315
arbitrary_w,2705,2.7797e5,1.00000,1.00000
arbitrary_w,2706,7.4398e6,1.06066,1.00000
arbitrary_w,2707,1.8391e4,1.00651,1.00096
arbitrary_w,2708,3.4949e4,1.00000,1.00000
arbitrary_w,2709,24.56580,1.08645,1.00677
arbitrary_w,2710,4.7115e5,1.20034,1.00000
arbitrary_w,2711,8.9339e5,1.00000,1.00000
arbitrary_w,2712,1.3467e4,1.00000,1.00000
arbitrary_w,2713,1.5342e6,1.27239,1.00000
arbitrary_w,2714,735.97359,1.00103,1.00103
arbitrary_w,2715,1.0135e7,1.45599,1.00000
arbitrary_w,2716,1.1517e6,1.00000,1.00000
arbitrary_w,2717,6.1850e6,1.00000,1.00000
arbitrary_w,2718,5.5563e4,1.00000,1.00000
arbitrary_w,2719,2.3096e5,1.10057,1.10057
arbitrary_w,2720,7389.86952,1.00704,1.00704
arbitrary_w,2721,4.0371e5,1.00000,1.00000
arbitrary_w,2722,5257.05375,1.00084,1.00048
arbitrary_w,2723,2.9868e6,1.00000,1.00000
arbitrary_w,2724,2.8570e6,1.00000,1.00000
arbitrary_w,2725,1.2642e7,1.00000,1.00000
arbitrary_w,2726,2437.95390,1.00006,1.00006
arbitrary_w,2727,7.9324e5,1.54573,1.00000
arbitrary_w,2728,1.1772e7,1.00000,1.00000
arbitrary_w,2729,536.08878,1.09980,1.00109
arbitrary_w,2730,5141.36942,1.00000,1.00000
arbitrary_w,2731,2970.22275,1.03411,1.03411
arbitrary_w,2732,4.9663e4,1.00330,1.00330
arbitrary_w,2733,7.2412e4,1.98275,1.01941
arbitrary_w,2734,5.6780e6,1.00000,1.00000
arbitrary_w,2735,1.3785e5,1.22743,1.00000
arbitrary_w,2736,3.0936e4,1.02755,1.02755
arbitrary_w,2737,1.9294e5,1.00000,1.00000
arbitrary_w,2738,9.2957e5,1.19831,1.00000
arbitrary_w,2739,4.0203e6,1.00000,1.00000
arbitrary_w,2740,1.7803e6,1.00566,1.00566
arbitrary_w,2741,2.1886e5,1.00000,1.00000
arbitrary_w,2742,4630.71346,1.00086,1.00086
arbitrary_w,2743,51.86381,1.00096,1.00000
arbitrary_w,2744,64.22079,1.00001,1.00001
arbitrary_w,2745,1.0618e5,1.01116,1.00000
arbitrary_w,2746,3.8851e4,1.00000,1.00000
arbitrary_w,2747,3.7204e5,1.00000,1.00000
arbitrary_w,2748,1.2247e7,1.00000,1.00000
arbitrary_w,2749,8962.06511,1.40329,1.00000
arbitrary_w,2750,1458.95280,1.00018,1.00000
arbitrary_w,2751,208.15750,1.00014,1.00014
arbitrary_w,2752,4.6643e7,1.00000,1.00000
arbitrary_w,2753,3.1375e5,1.07956,1.07956
arbitrary_w,2754,294.78995,1.08244,1.02311
arbitrary_w,2755,1080.02770,1.00000,1.00000
arbitrary_w,2756,4.4083e4,1.00000,1.00000
arbitrary_w,2757,1156.59693,1.17095,1.00000
arbitrary_w,2758,1.1842e8,1.00000,1.00000
arbitrary_w,2759,6.0024e5,1.00000,1.00000
arbitrary_w,2760,5.2595e4,1.17049,1.00279
arbitrary_w,2761,8.8217e4,1.02839,1.00000
arbitrary_w,2762,7509.96999,1.09226,1.00000
arbitrary_w,2763,3.0372e5,1.00000,1.00000
arbitrary_w,2764,2.1789e4,1.57756,1.00000
arbitrary_w,2765,4.6314e6,1.04546,1.04546
arbitrary_w,2766,3.0573e5,1.00000,1.00000
arbitrary_w,2767,4.0016e5,1.17885,1.00000
arbitrary_w,2768,1.6825e4,1.00000,1.00000
arbitrary_w,2769,1.0424e4,1.04788,1.00000
arbitrary_w,2770,349.65774,1.00000,1.00000
arbitrary_w,2771,4.8344e5,1.00000,1.00000
arbitrary_w,2772,3.2512e6,1.00000,1.00000
arbitrary_w,2773,1.8884e6,1.03356,1.00000
arbitrary_w,2774,1.3290e6,1.00000,1.00000
arbitrary_w,2775,121.75152,1.00521,1.00521
arbitrary_w,2776,1707.18211,1.00000,1.00000
arbitrary_w,2777,5.8218e4,3.17211,1.00000
arbitrary_w,2778,146.59506,1.00016,1.00000
arbitrary_w,2779,1.2586e4,1.00000,1.00000
arbitrary_w,2780,5.8477e4,1.00185,1.00185
arbitrary_w,2781,1636.11021,1.06688,1.00000
arbitrary_w,2782,1.1525e6,1.00000,1.00000
arbitrary_w,2783,157.58124,1.02802,1.02802
arbitrary_w,2784,5555.66943,1.00000,1.00000
arbitrary_w,2785,4.0778e7,1.00000,1.00000
arbitrary_w,2786,2696.01534,1.04854,1.04854
arbitrary_w,2787,5.1870e6,1.00000,1.00000
arbitrary_w,2788,6.5061e4,1.00000,1.00000
arbitrary_w,2789,1.1041e5,1.00000,1.00000
arbitrary_w,2790,2.9040e7,1.00000,1.00000
arbitrary_w,2791,2.1659e7,1.00000,1.00000
arbitrary_w,2792,1.7902e7,1.00000,1.00000
arbitrary_w,2793,1.2297e6,1.00000,1.00000
arbitrary_w,2794,8.9869e5,1.00000,1.00000
arbitrary_w,2795,1.5352e7,1.12729,1.12729
arbitrary_w,2796,1.5290e4,1.00000,1.00000
arbitrary_w,2797,1.4391e4,1.00182,1.00004
arbitrary_w,2798,31.64017,1.00007,1.00007
arbitrary_w,2799,1.6346e5,1.00000,1.00000
arbitrary_w,2800,5399.08136,1.00296,1.00296
arbitrary_w,2801,822.06070,1.07179,1.00000
arbitrary_w,2802,6.0654e4,1.00028,1.00028
arbitrary_w,2803,2206.84854,1.00111,1.00111
arbitrary_w,2804,426.47485,1.18621,1.18621
arbitrary_w,2805,6.6409e5,1.00000,1.00000
arbitrary_w,2806,2.7141e4,1.00000,1.00000
arbitrary_w,2807,2.1177e5,1.00000,1.00000
arbitrary_w,2808,1.4338e7,1.00000,1.00000
arbitrary_w,2809,3.55063,1.39082,1.00101
arbitrary_w,2810,1.8255e5,1.09929,1.09929
arbitrary_w,2811,176.17429,1.00029,1.00029
arbitrary_w,2812,1.3544e4,1.01929,1.00000
arbitrary_w,2813,8.9814e4,1.00286,1.00000
arbitrary_w,2814,1.4399e5,1.69934,1.00000
arbitrary_w,2815,4892.72992,1.27542,1.00000
arbitrary_w,2816,4.8989e4,1.38685,1.00000
arbitrary_w,2817,1532.10533,1.00000,1.00000
arbitrary_w,2818,37.60492,1.00000,1.00000
arbitrary_w,2819,8.4503e4,1.08621,1.03051
arbitrary_w,2820,3.5626e4,1.00000,1.00000
arbitrary_w,2821,7.9616e4,1.00000,1.00000
arbitrary_w,2822,7724.34175,1.00000,1.00000
arbitrary_w,2823,45.54299,1.00370,1.00093
arbitrary_w,2824,6.3265e4,1.01926,1.00000
arbitrary_w,2825,31.40933,1.17495,1.00100
arbitrary_w,2826,5.78468,1.11837,1.00071
arbitrary_w,2827,8.6344e4,1.00000,1.00000
arbitrary_w,2828,1.6082e6,1.00000,1.00000
arbitrary_w,2829,747.84688,1.00983,1.00983
arbitrary_w,2830,9.9781e5,1.04443,1.02058
arbitrary_w,2831,1.2583e7,1.00000,1.00000
arbitrary_w,2832,1.6954e5,1.00000,1.00000
arbitrary_w,2833,2575.91546,1.02069,1.00000
arbitrary_w,2834,1.9341e5,1.27558,1.01067
arbitrary_w,2835,3.0352e6,1.02106,1.02106
arbitrary_w,2836,4.7121e6,1.40984,1.00000
arbitrary_w,2837,106.93683,1.00876,1.00000
arbitrary_w,2838,4.9805e5,1.00000,1.00000
arbitrary_w,2839,1.8783e8,1.00000,1.00000
arbitrary_w,2840,20.57262,1.00000,1.00000
arbitrary_w,2841,5.2365e4,1.00000,1.00000
arbitrary_w,2842,1018.19573,1.00000,1.00000
arbitrary_w,2843,1.6208e4,1.15957,1.00000
arbitrary_w,2844,1.5849e4,1.16955,1.00902
arbitrary_w,2845,5904.33881,2.61723,1.00000
arbitrary_w,2846,3.9209e5,1.00000,1.00000
arbitrary_w,2847,321.53711,1.00000,1.00000
arbitrary_w,2848,2593.09358,1.00000,1.00000
arbitrary_w,2849,6.1839e4,1.00000,1.00000
arbitrary_w,2850,3.0836e5,1.29006,1.00237
arbitrary_w,2851,63.69723,1.03999,1.00006
arbitrary_w,2852,5.1744e4,1.05656,1.05656
arbitrary_w,2853,5.2586e5,1.07108,1.00000
arbitrary_w,2854,52.19542,1.00008,1.00008
arbitrary_w,2855,5725.77556,1.00001,1.00001
arbitrary_w,2856,9274.38007,1.00768,1.00768
arbitrary_w,2857,5.7623e4,1.00000,1.00000
arbitrary_w,2858,603.94439,6.71404,1.00000
arbitrary_w,2859,1.0746e7,1.00000,1.00000
arbitrary_w,2860,3.4732e4,1.00000,1.00000
arbitrary_w,2861,7037.38062,1.00000,1.00000
arbitrary_w,2862,3.43930,1.03455,1.00000
arbitrary_w,2863,3.4891e4,1.00000,1.00000
arbitrary_w,2864,225.54637,1.07118,1.00000
arbitrary_w,2865,427.24677,1.00018,1.00018
arbitrary_w,2866,2.8744e5,1.11596,1.11596
arbitrary_w,2867,1.5491e7,1.00000,1.00000
arbitrary_w,2868,9154.76539,1.00000,1.00000
arbitrary_w,2869,3.8194e4,1.08709,1.00009
arbitrary_w,2870,2.2157e5,1.00000,1.00000
arbitrary_w,2871,1.2216e4,1.00000,1.00000
arbitrary_w,2872,7.0044e6,1.00000,1.00000
arbitrary_w,2873,3085.42589,1.01746,1.00000
arbitrary_w,2874,2.1221e5,1.00000,1.00000
arbitrary_w,2875,3.3508e4,1.00019,1.00019
arbitrary_w,2876,1732.35034,1.00016,1.00000
arbitrary_w,2877,3.0609e7,1.00000,1.00000
arbitrary_w,2878,6.5824e4,1.00000,1.00000
arbitrary_w,2879,301.57135,1.06599,1.00374
arbitrary_w,2880,8045.31435,1.00030,1.00030
arbitrary_w,2881,9887.56067,1.00000,1.00000
arbitrary_w,2882,2.7372e5,1.32023,1.00000
arbitrary_w,2883,1.1694e5,1.02965,1.00000
arbitrary_w,2884,1.5546e6,1.02779,1.02779
arbitrary_w,2885,5.2572e4,1.27477,1.19334
arbitrary_w,2886,2.7627e4,1.00000,1.00000
arbitrary_w,2887,3.8440e5,1.11212,1.00265
arbitrary_w,2888,7652.71843,1.00000,1.00000
arbitrary_w,2889,1.7168e5,1.00061,1.00061
arbitrary_w,2890,1.2833e7,1.00000,1.00000
arbitrary_w,2891,1342.85361,1.00000,1.00000
arbitrary_w,2892,2.0519e5,1.00000,1.00000
arbitrary_w,2893,1926.40388,1.00152,1.00152
arbitrary_w,2894,2667.97992,1.70294,1.00000
arbitrary_w,2895,8.5999e4,1.00000,1.00000
arbitrary_w,2896,5.0432e4,1.00000,1.00000
arbitrary_w,2897,2.4404e5,1.00000,1.00000
arbitrary_w,2898,342.49149,1.11786,1.00000
arbitrary_w,2899,3.3826e5,1.00000,1.00000
arbitrary_w,2900,6.2868e4,1.25529,1.00000
arbitrary_w,2901,2.6302e4,1.00000,1.00000
arbitrary_w,2902,407.24389,1.63145,1.00000
arbitrary_w,2903,3.29987,1.03738,1.03738
arbitrary_w,2904,7.1143e6,1.03058,1.03058
arbitrary_w,2905,2.5924e6,1.00000,1.00000
arbitrary_w,2906,2.8530e6,1.00000,1.00000
arbitrary_w,2907,1.5000e7,1.00000,1.00000
arbitrary_w,2908,13.86724,1.23052,1.23052
arbitrary_w,2909,3.5973e5,1.00224,1.00224
arbitrary_w,2910,3629.58179,1.00003,1.00003
arbitrary_w,2911,1416.94334,1.00000,1.00000
arbitrary_w,2912,6.1026e4,1.00000,1.00000
arbitrary_w,2913,1.0406e6,1.00000,1.00000
arbitrary_w,2914,2.2444e4,1.02755,1.00000
arbitrary_w,2915,1.7329e4,1.31455,1.00000
arbitrary_w,2916,5.3206e5,1.12050,1.12050
arbitrary_w,2917,1.1893e6,1.00000,1.00000
arbitrary_w,2918,4.2410e6,1.00000,1.00000
arbitrary_w,2919,1454.20751,1.00000,1.00000
arbitrary_w,2920,6.6129e5,1.00919,1.00919
arbitrary_w,2921,9.2371e6,1.00000,1.00000
arbitrary_w,2922,5493.40432,1.00000,1.00000
arbitrary_w,2923,380.94663,1.37963,1.00000
arbitrary_w,2924,1.0050e6,1.32818,1.00000
arbitrary_w,2925,4.7321e5,1.00535,1.00535
arbitrary_w,2926,7.9804e6,1.00000,1.00000
arbitrary_w,2927,1637.11814,1.04918,1.04918
arbitrary_w,2928,1.2279e7,1.00000,1.00000
arbitrary_w,2929,5.0824e7,1.00000,1.00000
arbitrary_w,2930,9.6895e4,1.00000,1.00000
arbitrary_w,2931,1.3996e6,1.00000,1.00000
arbitrary_w,2932,7.53560,1.00001,1.00001
arbitrary_w,2933,497.35474,1.00000,1.00000
arbitrary_w,2934,4.7703e4,1.68002,1.00000
arbitrary_w,2935,39.97679,1.21662,1.00001
arbitrary_w,2936,3.6660e6,1.00000,1.00000
arbitrary_w,2937,7.3447e5,1.65088,1.00000
arbitrary_w,2938,1.5352e4,1.08941,1.08941
arbitrary_w,2939,2.5977e4,1.00000,1.00000
arbitrary_w,2940,4.3948e5,1.00000,1.00000
arbitrary_w,2941,8.2848e6,1.07069,1.00000
arbitrary_w,2942,197.11338,1.00000,1.00000
arbitrary_w,2943,1286.54314,1.11804,1.11804
arbitrary_w,2944,82.74651,1.09954,1.00000
arbitrary_w,2945,4.9461e6,1.00000,1.00000
arbitrary_w,2946,6.2435e4,1.00000,1.00000
arbitrary_w,2947,2.8091e7,1.00000,1.00000
arbitrary_w,2948,2.5778e4,1.00000,1.00000
arbitrary_w,2949,3.9494e6,1.00000,1.00000
arbitrary_w,2950,5.4653e6,1.00000,1.00000
arbitrary_w,2951,46.24733,1.08425,1.08425
arbitrary_w,2952,116.45268,1.00045,1.00045
arbitrary_w,2953,5290.26185,1.00249,1.00249
arbitrary_w,2954,1.1484e5,1.00000,1.00000
arbitrary_w,2955,638.93906,1.01841,1.01841
arbitrary_w,2956,528.84363,1.11047,1.00000
arbitrary_w,2957,4409.57796,1.00064,1.00064
arbitrary_w,2958,5.3050e4,1.00000,1.00000
arbitrary_w,2959,2.8774e8,1.00000,1.00000
arbitrary_w,2960,30.89057,1.33323,1.00000
arbitrary_w,2961,1.4612e7,1.00000,1.00000
arbitrary_w,2962,1250.57129,1.07251,1.07251
arbitrary_w,2963,8296.33965,1.10872,1.00005
arbitrary_w,2964,2.2121e6,1.00000,1.00000
arbitrary_w,2965,4.5414e4,1.04810,1.00000
arbitrary_w,2966,2.9413e4,1.00075,1.00075
arbitrary_w,2967,2.8875e5,1.00000,1.00000
arbitrary_w,2968,1.38781,1.04608,1.00000
arbitrary_w,2969,498.54910,1.00135,1.00135
arbitrary_w,2970,1.2608e5,1.00000,1.00000
arbitrary_w,2971,1.1839e6,1.00975,1.00000
arbitrary_w,2972,848.20292,1.03505,1.00000
arbitrary_w,2973,1.5644e5,1.00000,1.00000
arbitrary_w,2974,1.0112e7,1.00000,1.00000
arbitrary_w,2975,1.6293e6,1.00000,1.00000
arbitrary_w,2976,5.7863e4,1.03654,1.00000
arbitrary_w,2977,1.1815e6,1.00000,1.00000
arbitrary_w,2978,6.9487e5,1.04086,1.00000
arbitrary_w,2979,1.3831e5,1.12353,1.00000
arbitrary_w,2980,9815.70845,1.12961,1.00000
arbitrary_w,2981,1.1562e4,1.00000,1.00000
arbitrary_w,2982,710.87883,1.20523,1.00026
arbitrary_w,2983,3945.47478,1.00000,1.00000
arbitrary_w,2984,1.0130e6,1.03178,1.03178
arbitrary_w,2985,2.2537e6,1.00000,1.00000
arbitrary_w,2986,7794.64362,1.00352,1.00000
arbitrary_w,2987,1198.58702,1.00054,1.00000
arbitrary_w,2988,2.5903e5,1.00000,1.00000
arbitrary_w,2989,3.0711e4,1.00000,1.00000
arbitrary_w,2990,2202.59810,1.00009,1.00009
arbitrary_w,2991,1.9161e4,1.00000,1.00000
arbitrary_w,2992,810.51932,1.00313,1.00313
arbitrary_w,2993,6.7335e4,1.14895,1.00000
arbitrary_w,2994,3.4862e4,1.08510,1.00000
arbitrary_w,2995,69.76363,1.04540,1.00026
arbitrary_w,2996,88.84596,1.00000,1.00000
arbitrary_w,2997,3.9833e4,1.00931,1.00931
arbitrary_w,2998,1.1165e5,1.05230,1.00000
arbitrary_w,2999,2.0570e4,1.00000,1.00000
